Workbook

Sheet Overzicht
A1: Overzicht grondstoffen
A3: Man & Brouw | B3: BE0778.696.105
A4: entrepotnr:
A7: Granen | B7: aangekocht [kg] | C7: gebruikt [kg] | D7: voorraad [kg] | F7: Hop | G7: aangekocht [kg] | H7: gebruikt [kg] | I7: voorraad [kg] | K7: Toevoegingen | L7: aangekocht [kg] | M7: gebruikt [kg] | N7: voorraad | P7: Gist | Q7: aangekocht [kg] | R7: gebruikt [kg] | S7: voorraad | U7: Verpakkingen | V7: aangekocht | W7: gebruikt | X7: voorraad
A8: ='Grondstof soorten'!A7 -> Pilsmout | B8: =SUMIF(Granen!G6:G999,A8,Granen!J6:J99) -> 1550 | C8: =SUMIF(Granen!R6:R999,A8,Granen!S6:S999) -> 1500 | D8: =B8-C8 -> 50 | F8: ='Grondstof soorten'!C7 -> Mandarina Bavaria | G8: =SUMIF(Hop!$G$6:$G$999,F8,Hop!$J$6:$J$99) -> 3.6 | H8: =SUMIF(Hop!$R$6:$R$999,F8,Hop!$S$6:$S$999) -> 2.4 | I8: =G8-H8 -> 1.2 | K8: ='Grondstof soorten'!B7 -> Bruine suiker | L8: =SUMIF(Toevoegingen!$G$6:$G$999,K8,Toevoegingen!$J$6:$J$99) -> 20 | M8: =SUMIF(Toevoegingen!$R$6:$R$999,K8,Toevoegingen!$S$6:$S$999) -> 20 | N8: =L8-M8 -> 0 | P8: ='Grondstof soorten'!D7 -> S-04 | Q8: =SUMIF(Gist!$G$6:$G$999,P8,Gist!$J$6:$J$99) -> 1.2 | R8: =SUMIF(Gist!$R$6:$R$999,P8,Gist!$S$6:$S$999) -> 0.575 | S8: =Q8-R8 -> 0.625 | U8: ='Grondstof soorten'!E7 -> Fles vichy 33cl | V8: =SUMIF(Verpakkingen!$G$6:$G$999,U8,Verpakkingen!$J$6:$J$99) -> 11648 | W8: =SUMIF(Verpakkingen!$S$6:$S$999,U8,Verpakkingen!$T$6:$T$999) -> 10062 | X8: =V8-W8 -> 1586
A9: ='Grondstof soorten'!A8 -> Tarwemout | B9: =SUMIF(Granen!G7:G1000,A9,Granen!J7:J100) -> 450 | C9: =SUMIF(Granen!R7:R1000,A9,Granen!S7:S1000) -> 370 | D9: =B9-C9 -> 80 | F9: ='Grondstof soorten'!C8 -> Idaho7 | G9: =SUMIF(Hop!$G$6:$G$999,F9,Hop!$J$6:$J$99) -> 1.1 | H9: =SUMIF(Hop!$R$6:$R$999,F9,Hop!$S$6:$S$999) -> 1.1 | I9: =G9-H9 -> 0 | K9: ='Grondstof soorten'!B8 -> Witte suiker | L9: =SUMIF(Toevoegingen!$G$6:$G$999,K9,Toevoegingen!$J$6:$J$99) -> 51 | M9: =SUMIF(Toevoegingen!$R$6:$R$999,K9,Toevoegingen!$S$6:$S$999) -> 43 | N9: =L9-M9 -> 8 | P9: ='Grondstof soorten'!D8 -> Voss Kveik | Q9: =SUMIF(Gist!$G$6:$G$999,P9,Gist!$J$6:$J$99) -> 0.5 | R9: =SUMIF(Gist!$R$6:$R$999,P9,Gist!$S$6:$S$999) -> 0.5 | S9: =Q9-R9 -> 0 | U9: ='Grondstof soorten'!E8 -> keykeg 20l | V9: =SUMIF(Verpakkingen!$G$6:$G$999,U9,Verpakkingen!$J$6:$J$99) -> 166 | W9: =SUMIF(Verpakkingen!$S$6:$S$999,U9,Verpakkingen!$T$6:$T$999) -> 162 | X9: =V9-W9 -> 4
A10: ='Grondstof soorten'!A9 -> Munich | B10: =SUMIF(Granen!G8:G1001,A10,Granen!J8:J101) -> 75 | C10: =SUMIF(Granen!R8:R1001,A10,Granen!S8:S1001) -> 75 | D10: =B10-C10 -> 0 | F10: ='Grondstof soorten'!C9 -> Citra | G10: =SUMIF(Hop!$G$6:$G$999,F10,Hop!$J$6:$J$99) -> 1.1 | H10: =SUMIF(Hop!$R$6:$R$999,F10,Hop!$S$6:$S$999) -> 1.1 | I10: =G10-H10 -> 0 | K10: ='Grondstof soorten'!B9 -> Appelsienen | L10: =SUMIF(Toevoegingen!$G$6:$G$999,K10,Toevoegingen!$J$6:$J$99) -> 8 | M10: =SUMIF(Toevoegingen!$R$6:$R$999,K10,Toevoegingen!$S$6:$S$999) -> 8 | N10: =L10-M10 -> 0 | P10: ='Grondstof soorten'!D9 -> Verdant IPA | Q10: =SUMIF(Gist!$G$6:$G$999,P10,Gist!$J$6:$J$99) -> 0.055 | R10: =SUMIF(Gist!$R$6:$R$999,P10,Gist!$S$6:$S$999) -> 0.055 | S10: =Q10-R10 -> 0 | U10: ='Grondstof soorten'!E9 -> kroonkurk wit | V10: =SUMIF(Verpakkingen!$G$6:$G$999,U10,Verpakkingen!$J$6:$J$99) -> 12500 | W10: =SUMIF(Verpakkingen!$S$6:$S$999,U10,Verpakkingen!$T$6:$T$999) -> 11316 | X10: =V10-W10 -> 1184
A11: ='Grondstof soorten'!A10 -> Chocolate Dark | B11: =SUMIF(Granen!G9:G1002,A11,Granen!J9:J102) -> 9 | C11: =SUMIF(Granen!R9:R1002,A11,Granen!S9:S1002) -> 9 | D11: =B11-C11 -> 0 | F11: ='Grondstof soorten'!C10 -> Galaxy | G11: =SUMIF(Hop!$G$6:$G$999,F11,Hop!$J$6:$J$99) -> 0.2 | H11: =SUMIF(Hop!$R$6:$R$999,F11,Hop!$S$6:$S$999) -> 0.2 | I11: =G11-H11 -> 0 | K11: ='Grondstof soorten'!B10 -> Limoen | L11: =SUMIF(Toevoegingen!$G$6:$G$999,K11,Toevoegingen!$J$6:$J$99) -> 167 | M11: =SUMIF(Toevoegingen!$R$6:$R$999,K11,Toevoegingen!$S$6:$S$999) -> 167 | N11: =L11-M11 -> 0 | P11: ='Grondstof soorten'!D10 -> LP652 | Q11: =SUMIF(Gist!$G$6:$G$999,P11,Gist!$J$6:$J$99) -> 0.3 | R11: =SUMIF(Gist!$R$6:$R$999,P11,Gist!$S$6:$S$999) -> 0.283 | S11: =Q11-R11 -> 0.017 | U11: ='Grondstof soorten'!E10 -> Fles Longneck 33cl | V11: =SUMIF(Verpakkingen!$G$6:$G$999,U11,Verpakkingen!$J$6:$J$99) -> 816 | W11: =SUMIF(Verpakkingen!$S$6:$S$999,U11,Verpakkingen!$T$6:$T$999) -> 816 | X11: =V11-W11 -> 0
A12: ='Grondstof soorten'!A11 -> CaraAroma | B12: =SUMIF(Granen!G10:G1003,A12,Granen!J10:J103) -> 35 | C12: =SUMIF(Granen!R10:R1003,A12,Granen!S10:S1003) -> 35 | D12: =B12-C12 -> 0 | F12: ='Grondstof soorten'!C11 -> Styrian Dana | G12: =SUMIF(Hop!$G$6:$G$999,F12,Hop!$J$6:$J$99) -> 0.4 | H12: =SUMIF(Hop!$R$6:$R$999,F12,Hop!$S$6:$S$999) -> 0.4 | I12: =G12-H12 -> 0 | K12: ='Grondstof soorten'!B11 -> Grof zeezout | L12: =SUMIF(Toevoegingen!$G$6:$G$999,K12,Toevoegingen!$J$6:$J$99) -> 2 | M12: =SUMIF(Toevoegingen!$R$6:$R$999,K12,Toevoegingen!$S$6:$S$999) -> 1.635 | N12: =L12-M12 -> 0.365 | P12: ='Grondstof soorten'!D11 -> WB-06 | Q12: =SUMIF(Gist!$G$6:$G$999,P12,Gist!$J$6:$J$99) -> 0.5 | R12: =SUMIF(Gist!$R$6:$R$999,P12,Gist!$S$6:$S$999) -> 0.5 | S12: =Q12-R12 -> 0 | U12: ='Grondstof soorten'!E11 -> Dozen 24st APO | V12: =SUMIF(Verpakkingen!$G$6:$G$999,U12,Verpakkingen!$J$6:$J$99) -> 140 | W12: =SUMIF(Verpakkingen!$S$6:$S$999,U12,Verpakkingen!$T$6:$T$999) -> 47 | X12: =V12-W12 -> 93
A13: ='Grondstof soorten'!A12 -> Witte Haver | B13: =SUMIF(Granen!G11:G1004,A13,Granen!J11:J104) -> 40 | C13: =SUMIF(Granen!R11:R1004,A13,Granen!S11:S1004) -> 40 | D13: =B13-C13 -> 0 | F13: ='Grondstof soorten'!C12 -> Magnum | G13: =SUMIF(Hop!$G$6:$G$999,F13,Hop!$J$6:$J$99) -> 1 | H13: =SUMIF(Hop!$R$6:$R$999,F13,Hop!$S$6:$S$999) -> 1 | I13: =G13-H13 -> 0 | K13: ='Grondstof soorten'!B12 -> cacaobonen | L13: =SUMIF(Toevoegingen!$G$6:$G$999,K13,Toevoegingen!$J$6:$J$99) -> 4.05 | M13: =SUMIF(Toevoegingen!$R$6:$R$999,K13,Toevoegingen!$S$6:$S$999) -> 4.05 | N13: =L13-M13 -> 0 | P13: ='Grondstof soorten'!D12 -> BE-256 | Q13: =SUMIF(Gist!$G$6:$G$999,P13,Gist!$J$6:$J$99) -> 0.5 | R13: =SUMIF(Gist!$R$6:$R$999,P13,Gist!$S$6:$S$999) -> 0.5 | S13: =Q13-R13 -> 0 | U13: ='Grondstof soorten'!E12 -> Fles belge 75cl | V13: =SUMIF(Verpakkingen!$G$6:$G$999,U13,Verpakkingen!$J$6:$J$99) -> 264 | W13: =SUMIF(Verpakkingen!$S$6:$S$999,U13,Verpakkingen!$T$6:$T$999) -> 264 | X13: =V13-W13 -> 0
A14: ='Grondstof soorten'!A13 -> CaraGold | B14: =SUMIF(Granen!G12:G1005,A14,Granen!J12:J105) -> 30 | C14: =SUMIF(Granen!R12:R1005,A14,Granen!S12:S1005) -> 30 | D14: =B14-C14 -> 0 | F14: ='Grondstof soorten'!C13 -> Hallertau Blanc | G14: =SUMIF(Hop!$G$6:$G$999,F14,Hop!$J$6:$J$99) -> 7.9 | H14: =SUMIF(Hop!$R$6:$R$999,F14,Hop!$S$6:$S$999) -> 3.5 | I14: =G14-H14 -> 4.4 | K14: ='Grondstof soorten'!B13 -> Speculaaskruiden | L14: =SUMIF(Toevoegingen!$G$6:$G$999,K14,Toevoegingen!$J$6:$J$99) -> 0.4 | M14: =SUMIF(Toevoegingen!$R$6:$R$999,K14,Toevoegingen!$S$6:$S$999) -> 0.28 | N14: =L14-M14 -> 0.12 | P14: ='Grondstof soorten'!D13 -> S-33 | Q14: =SUMIF(Gist!$G$6:$G$999,P14,Gist!$J$6:$J$99) -> 0.9 | R14: =SUMIF(Gist!$R$6:$R$999,P14,Gist!$S$6:$S$999) -> 0.525 | S14: =Q14-R14 -> 0.375 | U14: ='Grondstof soorten'!E13 -> Doos trio 75cl | V14: =SUMIF(Verpakkingen!$G$6:$G$999,U14,Verpakkingen!$J$6:$J$99) -> 60 | W14: =SUMIF(Verpakkingen!$S$6:$S$999,U14,Verpakkingen!$T$6:$T$999) -> 60 | X14: =V14-W14 -> 0
A15: ='Grondstof soorten'!A14 -> CaraBody | B15: =SUMIF(Granen!G13:G1006,A15,Granen!J13:J106) -> 5 | C15: =SUMIF(Granen!R13:R1006,A15,Granen!S13:S1006) -> 5 | D15: =B15-C15 -> 0 | F15: ='Grondstof soorten'!C14 -> Styrian Dragon | G15: =SUMIF(Hop!$G$6:$G$999,F15,Hop!$J$6:$J$99) -> 0.1 | H15: =SUMIF(Hop!$R$6:$R$999,F15,Hop!$S$6:$S$999) -> 0 | I15: =G15-H15 -> 0.1 | K15: ='Grondstof soorten'!B14 -> Rabarber | L15: =SUMIF(Toevoegingen!$G$6:$G$999,K15,Toevoegingen!$J$6:$J$99) -> 25 | M15: =SUMIF(Toevoegingen!$R$6:$R$999,K15,Toevoegingen!$S$6:$S$999) -> 25 | N15: =L15-M15 -> 0 | P15: ='Grondstof soorten'!D14 -> US-05 | Q15: =SUMIF(Gist!$G$6:$G$999,P15,Gist!$J$6:$J$99) -> 0.7 | R15: =SUMIF(Gist!$R$6:$R$999,P15,Gist!$S$6:$S$999) -> 0.325 | S15: =Q15-R15 -> 0.375 | U15: ='Grondstof soorten'!E14 -> Corny keg 19l | V15: =SUMIF(Verpakkingen!$G$6:$G$999,U15,Verpakkingen!$J$6:$J$99) -> 6 | W15: =SUMIF(Verpakkingen!$S$6:$S$999,U15,Verpakkingen!$T$6:$T$999) -> 7 | X15: =V15-W15 -> -1
A16: ='Grondstof soorten'!A15 -> Biscuit | B16: =SUMIF(Granen!G14:G1007,A16,Granen!J14:J107) -> 51 | C16: =SUMIF(Granen!R14:R1007,A16,Granen!S14:S1007) -> 51 | D16: =B16-C16 -> 0 | F16: ='Grondstof soorten'!C15 -> Calista | G16: =SUMIF(Hop!$G$6:$G$999,F16,Hop!$J$6:$J$99) -> 5.2 | H16: =SUMIF(Hop!$R$6:$R$999,F16,Hop!$S$6:$S$999) -> 3.4 | I16: =G16-H16 -> 1.8 | K16: ='Grondstof soorten'!B15 -> Frambozen diepvries | L16: =SUMIF(Toevoegingen!$G$6:$G$999,K16,Toevoegingen!$J$6:$J$99) -> 32 | M16: =SUMIF(Toevoegingen!$R$6:$R$999,K16,Toevoegingen!$S$6:$S$999) -> 32 | N16: =L16-M16 -> 0 | P16: ='Grondstof soorten'!D15 -> Aspergillus Luchuensis | Q16: =SUMIF(Gist!$G$6:$G$999,P16,Gist!$J$6:$J$99) -> 0.003 | R16: =SUMIF(Gist!$R$6:$R$999,P16,Gist!$S$6:$S$999) -> 0.003 | S16: =Q16-R16 -> 0 | U16: ='Grondstof soorten'!E15 | V16: =SUMIF(Verpakkingen!$G$6:$G$999,U16,Verpakkingen!$J$6:$J$99) -> 0 | W16: =SUMIF(Verpakkingen!$S$6:$S$999,U16,Verpakkingen!$T$6:$T$999) -> 0 | X16: =V16-W16 -> 0
A17: ='Grondstof soorten'!A16 -> Tarwe | B17: =SUMIF(Granen!G15:G1008,A17,Granen!J15:J108) -> 300 | C17: =SUMIF(Granen!R15:R1008,A17,Granen!S15:S1008) -> 286 | D17: =B17-C17 -> 14 | F17: ='Grondstof soorten'!C16 -> Solero | G17: =SUMIF(Hop!$G$6:$G$999,F17,Hop!$J$6:$J$99) -> 0.1 | H17: =SUMIF(Hop!$R$6:$R$999,F17,Hop!$S$6:$S$999) -> 0 | I17: =G17-H17 -> 0.1 | K17: ='Grondstof soorten'!B16 -> yuzu aroma | L17: =SUMIF(Toevoegingen!$G$6:$G$999,K17,Toevoegingen!$J$6:$J$99) -> 0.05 | M17: =SUMIF(Toevoegingen!$R$6:$R$999,K17,Toevoegingen!$S$6:$S$999) -> 0.05 | N17: =L17-M17 -> 0 | P17: ='Grondstof soorten'!D16 -> BE-134 | Q17: =SUMIF(Gist!$G$6:$G$999,P17,Gist!$J$6:$J$99) -> 1 | R17: =SUMIF(Gist!$R$6:$R$999,P17,Gist!$S$6:$S$999) -> 0.5 | S17: =Q17-R17 -> 0.5 | U17: ='Grondstof soorten'!B43 -> Zwarte Peper Lampong | V17: =SUMIF(Verpakkingen!$G$6:$G$999,U17,Verpakkingen!$J$6:$J$99) -> 0 | W17: =SUMIF(Verpakkingen!$S$6:$S$999,U17,Verpakkingen!$T$6:$T$999) -> 0 | X17: =V17-W17 -> 0
A18: ='Grondstof soorten'!A17 -> Oud brood | B18: =SUMIF(Granen!G16:G1009,A18,Granen!J16:J109) -> 10 | C18: =SUMIF(Granen!R16:R1009,A18,Granen!S16:S1009) -> 10 | D18: =B18-C18 -> 0 | F18: ='Grondstof soorten'!C17 -> Barbe Rouge | G18: =SUMIF(Hop!$G$6:$G$999,F18,Hop!$J$6:$J$99) -> 2.6 | H18: =SUMIF(Hop!$R$6:$R$999,F18,Hop!$S$6:$S$999) -> 2.6 | I18: =G18-H18 -> 0 | K18: ='Grondstof soorten'!B17 -> oranjebloesem | L18: =SUMIF(Toevoegingen!$G$6:$G$999,K18,Toevoegingen!$J$6:$J$99) -> 0.4 | M18: =SUMIF(Toevoegingen!$R$6:$R$999,K18,Toevoegingen!$S$6:$S$999) -> 0.4 | N18: =L18-M18 -> 0 | P18: ='Grondstof soorten'!D17 -> cider M02 | Q18: =SUMIF(Gist!$G$6:$G$999,P18,Gist!$J$6:$J$99) -> 0.25 | R18: =SUMIF(Gist!$R$6:$R$999,P18,Gist!$S$6:$S$999) -> 0.25 | S18: =Q18-R18 -> 0 | U18: ='Grondstof soorten'!B44 -> Zwarte Peper Tellicherry | V18: =SUMIF(Verpakkingen!$G$6:$G$999,U18,Verpakkingen!$J$6:$J$99) -> 0 | W18: =SUMIF(Verpakkingen!$S$6:$S$999,U18,Verpakkingen!$T$6:$T$999) -> 0 | X18: =V18-W18 -> 0
A19: ='Grondstof soorten'!A18 -> Havervlokken | B19: =SUMIF(Granen!G17:G1010,A19,Granen!J17:J110) -> 110.8 | C19: =SUMIF(Granen!R17:R1010,A19,Granen!S17:S1010) -> 105.3 | D19: =B19-C19 -> 5.5 | G19: =SUMIF(Hop!$G$6:$G$999,F19,Hop!$J$6:$J$99) -> 0 | H19: =SUMIF(Hop!$R$6:$R$999,F19,Hop!$S$6:$S$999) -> 0 | I19: =G19-H19 -> 0 | K19: ='Grondstof soorten'!B18 -> Bhut Jolokia | L19: =SUMIF(Toevoegingen!$G$6:$G$999,K19,Toevoegingen!$J$6:$J$99) -> 0.01 | M19: =SUMIF(Toevoegingen!$R$6:$R$999,K19,Toevoegingen!$S$6:$S$999) -> 0.01 | N19: =L19-M19 -> 0 | P19: ='Grondstof soorten'!D18 -> Apres-Ski | Q19: =SUMIF(Gist!$G$6:$G$999,P19,Gist!$J$6:$J$99) -> 0.5 | R19: =SUMIF(Gist!$R$6:$R$999,P19,Gist!$S$6:$S$999) -> 0.5 | S19: =Q19-R19 -> 0 | U19: ='Grondstof soorten'!B45 -> Tasmaanse Bergpeper | V19: =SUMIF(Verpakkingen!$G$6:$G$999,U19,Verpakkingen!$J$6:$J$99) -> 0 | W19: =SUMIF(Verpakkingen!$S$6:$S$999,U19,Verpakkingen!$T$6:$T$999) -> 0 | X19: =V19-W19 -> 0
A20: ='Grondstof soorten'!A19 -> CaraAmber | B20: =SUMIF(Granen!G18:G1011,A20,Granen!J18:J111) -> 25 | C20: =SUMIF(Granen!R18:R1011,A20,Granen!S18:S1011) -> 25 | D20: =B20-C20 -> 0 | F20: ='Grondstof soorten'!C19 -> Nelson Sauvin | G20: =SUMIF(Hop!$G$6:$G$999,F20,Hop!$J$6:$J$99) -> 2 | H20: =SUMIF(Hop!$R$6:$R$999,F20,Hop!$S$6:$S$999) -> 2 | I20: =G20-H20 -> 0 | K20: ='Grondstof soorten'!B19 -> mandarijnen | L20: =SUMIF(Toevoegingen!$G$6:$G$999,K20,Toevoegingen!$J$6:$J$99) -> 4.6 | M20: =SUMIF(Toevoegingen!$R$6:$R$999,K20,Toevoegingen!$S$6:$S$999) -> 4.6 | N20: =L20-M20 -> 0 | P20: ='Grondstof soorten'!D19 | Q20: =SUMIF(Gist!$G$6:$G$999,P20,Gist!$J$6:$J$99) -> 0 | R20: =SUMIF(Gist!$R$6:$R$999,P20,Gist!$S$6:$S$999) -> 0 | S20: =Q20-R20 -> 0 | U20: ='Grondstof soorten'!E19 | V20: =SUMIF(Verpakkingen!$G$6:$G$999,U20,Verpakkingen!$J$6:$J$99) -> 0 | W20: =SUMIF(Verpakkingen!$S$6:$S$999,U20,Verpakkingen!$T$6:$T$999) -> 0 | X20: =V20-W20 -> 0
A21: ='Grondstof soorten'!A20 -> Caramel 30 | B21: =SUMIF(Granen!G19:G1012,A21,Granen!J19:J112) -> 5 | C21: =SUMIF(Granen!R19:R1012,A21,Granen!S19:S1012) -> 5 | D21: =B21-C21 -> 0 | F21: ='Grondstof soorten'!C20 -> Cashmere | G21: =SUMIF(Hop!$G$6:$G$999,F21,Hop!$J$6:$J$99) -> 1 | H21: =SUMIF(Hop!$R$6:$R$999,F21,Hop!$S$6:$S$999) -> 1 | I21: =G21-H21 -> 0 | K21: ='Grondstof soorten'!B20 -> mandarijn aroma | L21: =SUMIF(Toevoegingen!$G$6:$G$999,K21,Toevoegingen!$J$6:$J$99) -> 0.05 | M21: =SUMIF(Toevoegingen!$R$6:$R$999,K21,Toevoegingen!$S$6:$S$999) -> 0.05 | N21: =L21-M21 -> 0 | P21: ='Grondstof soorten'!D20 | Q21: =SUMIF(Gist!$G$6:$G$999,P21,Gist!$J$6:$J$99) -> 0 | R21: =SUMIF(Gist!$R$6:$R$999,P21,Gist!$S$6:$S$999) -> 0 | S21: =Q21-R21 -> 0 | U21: ='Grondstof soorten'!E20 | V21: =SUMIF(Verpakkingen!$G$6:$G$999,U21,Verpakkingen!$J$6:$J$99) -> 0 | W21: =SUMIF(Verpakkingen!$S$6:$S$999,U21,Verpakkingen!$T$6:$T$999) -> 0 | X21: =V21-W21 -> 0
A22: ='Grondstof soorten'!A21 -> parelgerst | B22: =SUMIF(Granen!G20:G1013,A22,Granen!J20:J113) -> 2 | C22: =SUMIF(Granen!R20:R1013,A22,Granen!S20:S1013) -> 1 | D22: =B22-C22 -> 1 | F22: ='Grondstof soorten'!C21 -> Sabro | G22: =SUMIF(Hop!$G$6:$G$999,F22,Hop!$J$6:$J$99) -> 1 | H22: =SUMIF(Hop!$R$6:$R$999,F22,Hop!$S$6:$S$999) -> 1 | I22: =G22-H22 -> 0 | K22: ='Grondstof soorten'!B21 -> Japanse duizendknoop | L22: =SUMIF(Toevoegingen!$G$6:$G$999,K22,Toevoegingen!$J$6:$J$99) -> 20 | M22: =SUMIF(Toevoegingen!$R$6:$R$999,K22,Toevoegingen!$S$6:$S$999) -> 20 | N22: =L22-M22 -> 0 | P22: ='Grondstof soorten'!D21 | Q22: =SUMIF(Gist!$G$6:$G$999,P22,Gist!$J$6:$J$99) -> 0 | R22: =SUMIF(Gist!$R$6:$R$999,P22,Gist!$S$6:$S$999) -> 0 | S22: =Q22-R22 -> 0 | U22: ='Grondstof soorten'!E21 | V22: =SUMIF(Verpakkingen!$G$6:$G$999,U22,Verpakkingen!$J$6:$J$99) -> 0 | W22: =SUMIF(Verpakkingen!$S$6:$S$999,U22,Verpakkingen!$T$6:$T$999) -> 0 | X22: =V22-W22 -> 0
A23: ='Grondstof soorten'!A22 -> Cara 50 MD | B23: =SUMIF(Granen!G21:G1014,A23,Granen!J21:J114) -> 25 | C23: =SUMIF(Granen!R21:R1014,A23,Granen!S21:S1014) -> 25 | D23: =B23-C23 -> 0 | F23: ='Grondstof soorten'!C22 -> Crystal | G23: =SUMIF(Hop!$G$6:$G$999,F23,Hop!$J$6:$J$99) -> 0.2 | H23: =SUMIF(Hop!$R$6:$R$999,F23,Hop!$S$6:$S$999) -> 0.2 | I23: =G23-H23 -> 0 | K23: ='Grondstof soorten'!B22 -> pompelmoes | L23: =SUMIF(Toevoegingen!$G$6:$G$999,K23,Toevoegingen!$J$6:$J$99) -> 7.53 | M23: =SUMIF(Toevoegingen!$R$6:$R$999,K23,Toevoegingen!$S$6:$S$999) -> 7.53 | N23: =L23-M23 -> 0 | P23: ='Grondstof soorten'!D22 | Q23: =SUMIF(Gist!$G$6:$G$999,P23,Gist!$J$6:$J$99) -> 0 | R23: =SUMIF(Gist!$R$6:$R$999,P23,Gist!$S$6:$S$999) -> 0 | S23: =Q23-R23 -> 0 | U23: ='Grondstof soorten'!E22 | V23: =SUMIF(Verpakkingen!$G$6:$G$999,U23,Verpakkingen!$J$6:$J$99) -> 0 | W23: =SUMIF(Verpakkingen!$S$6:$S$999,U23,Verpakkingen!$T$6:$T$999) -> 0 | X23: =V23-W23 -> 0
A24: ='Grondstof soorten'!A23 -> Sushi rijst | B24: =SUMIF(Granen!G22:G1015,A24,Granen!J22:J115) -> 15 | C24: =SUMIF(Granen!R22:R1015,A24,Granen!S22:S1015) -> 15 | D24: =B24-C24 -> 0 | F24: ='Grondstof soorten'!C23 -> Motueka | G24: =SUMIF(Hop!$G$6:$G$999,F24,Hop!$J$6:$J$99) -> 2 | H24: =SUMIF(Hop!$R$6:$R$999,F24,Hop!$S$6:$S$999) -> 2 | I24: =G24-H24 -> 0 | K24: ='Grondstof soorten'!B23 -> Kersen | L24: =SUMIF(Toevoegingen!$G$6:$G$999,K24,Toevoegingen!$J$6:$J$99) -> 37 | M24: =SUMIF(Toevoegingen!$R$6:$R$999,K24,Toevoegingen!$S$6:$S$999) -> 37 | N24: =L24-M24 -> 0 | P24: ='Grondstof soorten'!D23 | Q24: =SUMIF(Gist!$G$6:$G$999,P24,Gist!$J$6:$J$99) -> 0 | R24: =SUMIF(Gist!$R$6:$R$999,P24,Gist!$S$6:$S$999) -> 0 | S24: =Q24-R24 -> 0 | U24: ='Grondstof soorten'!E23 | V24: =SUMIF(Verpakkingen!$G$6:$G$999,U24,Verpakkingen!$J$6:$J$99) -> 0 | W24: =SUMIF(Verpakkingen!$S$6:$S$999,U24,Verpakkingen!$T$6:$T$999) -> 0 | X24: =V24-W24 -> 0
A25: ='Grondstof soorten'!A24 -> Spelt | B25: =SUMIF(Granen!G23:G1016,A25,Granen!J23:J116) -> 20 | C25: =SUMIF(Granen!R23:R1016,A25,Granen!S23:S1016) -> 0 | D25: =B25-C25 -> 20 | F25: ='Grondstof soorten'!C24 -> Hallertau Cascade | G25: =SUMIF(Hop!$G$6:$G$999,F25,Hop!$J$6:$J$99) -> 1 | H25: =SUMIF(Hop!$R$6:$R$999,F25,Hop!$S$6:$S$999) -> 1 | I25: =G25-H25 -> 0 | K25: ='Grondstof soorten'!B24 -> Tonkabonen | L25: =SUMIF(Toevoegingen!$G$6:$G$999,K25,Toevoegingen!$J$6:$J$99) -> 0.1 | M25: =SUMIF(Toevoegingen!$R$6:$R$999,K25,Toevoegingen!$S$6:$S$999) -> 0.075 | N25: =L25-M25 -> 0.025 | P25: ='Grondstof soorten'!D24 | Q25: =SUMIF(Gist!$G$6:$G$999,P25,Gist!$J$6:$J$99) -> 0 | R25: =SUMIF(Gist!$R$6:$R$999,P25,Gist!$S$6:$S$999) -> 0 | S25: =Q25-R25 -> 0 | U25: ='Grondstof soorten'!E24 | V25: =SUMIF(Verpakkingen!$G$6:$G$999,U25,Verpakkingen!$J$6:$J$99) -> 0 | W25: =SUMIF(Verpakkingen!$S$6:$S$999,U25,Verpakkingen!$T$6:$T$999) -> 0 | X25: =V25-W25 -> 0
A26: ='Grondstof soorten'!A25 -> rijsthulzen | B26: =SUMIF(Granen!G24:G1017,A26,Granen!J24:J117) -> 21 | C26: =SUMIF(Granen!R24:R1017,A26,Granen!S24:S1017) -> 14 | D26: =B26-C26 -> 7 | F26: ='Grondstof soorten'!C25 -> Styrian Kolibri | G26: =SUMIF(Hop!$G$6:$G$999,F26,Hop!$J$6:$J$99) -> 1 | H26: =SUMIF(Hop!$R$6:$R$999,F26,Hop!$S$6:$S$999) -> 1 | I26: =G26-H26 -> 0 | K26: ='Grondstof soorten'!B25 -> Pompelmoesmunt | L26: =SUMIF(Toevoegingen!$G$6:$G$999,K26,Toevoegingen!$J$6:$J$99) -> 7 | M26: =SUMIF(Toevoegingen!$R$6:$R$999,K26,Toevoegingen!$S$6:$S$999) -> 7 | N26: =L26-M26 -> 0 | P26: ='Grondstof soorten'!D25 | Q26: =SUMIF(Gist!$G$6:$G$999,P26,Gist!$J$6:$J$99) -> 0 | R26: =SUMIF(Gist!$R$6:$R$999,P26,Gist!$S$6:$S$999) -> 0 | S26: =Q26-R26 -> 0 | U26: ='Grondstof soorten'!E25 | V26: =SUMIF(Verpakkingen!$G$6:$G$999,U26,Verpakkingen!$J$6:$J$99) -> 0 | W26: =SUMIF(Verpakkingen!$S$6:$S$999,U26,Verpakkingen!$T$6:$T$999) -> 0 | X26: =V26-W26 -> 0
A27: ='Grondstof soorten'!A26 -> Carafa Special | B27: =SUMIF(Granen!G25:G1018,A27,Granen!J25:J118) -> 5 | C27: =SUMIF(Granen!R25:R1018,A27,Granen!S25:S1018) -> 2.5 | D27: =B27-C27 -> 2.5 | F27: ='Grondstof soorten'!C26 -> Bobek | G27: =SUMIF(Hop!$G$6:$G$999,F27,Hop!$J$6:$J$99) -> 1 | H27: =SUMIF(Hop!$R$6:$R$999,F27,Hop!$S$6:$S$999) -> 1 | I27: =G27-H27 -> 0 | K27: ='Grondstof soorten'!B26 -> King mints | L27: =SUMIF(Toevoegingen!$G$6:$G$999,K27,Toevoegingen!$J$6:$J$99) -> 6 | M27: =SUMIF(Toevoegingen!$R$6:$R$999,K27,Toevoegingen!$S$6:$S$999) -> 4 | N27: =L27-M27 -> 2 | P27: ='Grondstof soorten'!D26 | Q27: =SUMIF(Gist!$G$6:$G$999,P27,Gist!$J$6:$J$99) -> 0 | R27: =SUMIF(Gist!$R$6:$R$999,P27,Gist!$S$6:$S$999) -> 0 | S27: =Q27-R27 -> 0 | U27: ='Grondstof soorten'!E26 | V27: =SUMIF(Verpakkingen!$G$6:$G$999,U27,Verpakkingen!$J$6:$J$99) -> 0 | W27: =SUMIF(Verpakkingen!$S$6:$S$999,U27,Verpakkingen!$T$6:$T$999) -> 0 | X27: =V27-W27 -> 0
A28: ='Grondstof soorten'!A27 | B28: =SUMIF(Granen!G26:G1019,A28,Granen!J26:J119) -> 0 | C28: =SUMIF(Granen!R26:R1019,A28,Granen!S26:S1019) -> 0 | D28: =B28-C28 -> 0 | F28: ='Grondstof soorten'!C27 -> Talus | G28: =SUMIF(Hop!$G$6:$G$999,F28,Hop!$J$6:$J$99) -> 1 | H28: =SUMIF(Hop!$R$6:$R$999,F28,Hop!$S$6:$S$999) -> 1 | I28: =G28-H28 -> 0 | K28: ='Grondstof soorten'!B27 -> Green Sichuan Pepper | L28: =SUMIF(Toevoegingen!$G$6:$G$999,K28,Toevoegingen!$J$6:$J$99) -> 0.15 | M28: =SUMIF(Toevoegingen!$R$6:$R$999,K28,Toevoegingen!$S$6:$S$999) -> 0.15 | N28: =L28-M28 -> 0 | P28: ='Grondstof soorten'!D27 | Q28: =SUMIF(Gist!$G$6:$G$999,P28,Gist!$J$6:$J$99) -> 0 | R28: =SUMIF(Gist!$R$6:$R$999,P28,Gist!$S$6:$S$999) -> 0 | S28: =Q28-R28 -> 0 | U28: ='Grondstof soorten'!E27 | V28: =SUMIF(Verpakkingen!$G$6:$G$999,U28,Verpakkingen!$J$6:$J$99) -> 0 | W28: =SUMIF(Verpakkingen!$S$6:$S$999,U28,Verpakkingen!$T$6:$T$999) -> 0 | X28: =V28-W28 -> 0
A29: ='Grondstof soorten'!A28 | B29: =SUMIF(Granen!G27:G1020,A29,Granen!J27:J120) -> 0 | C29: =SUMIF(Granen!R27:R1020,A29,Granen!S27:S1020) -> 0 | D29: =B29-C29 -> 0 | F29: ='Grondstof soorten'!C28 -> Pacific Jade | G29: =SUMIF(Hop!$G$6:$G$999,F29,Hop!$J$6:$J$99) -> 1 | H29: =SUMIF(Hop!$R$6:$R$999,F29,Hop!$S$6:$S$999) -> 1 | I29: =G29-H29 -> 0 | K29: ='Grondstof soorten'!B28 -> groene thee | L29: =SUMIF(Toevoegingen!$G$6:$G$999,K29,Toevoegingen!$J$6:$J$99) -> 0.5 | M29: =SUMIF(Toevoegingen!$R$6:$R$999,K29,Toevoegingen!$S$6:$S$999) -> 0.5 | N29: =L29-M29 -> 0 | P29: ='Grondstof soorten'!D28 | Q29: =SUMIF(Gist!$G$6:$G$999,P29,Gist!$J$6:$J$99) -> 0 | R29: =SUMIF(Gist!$R$6:$R$999,P29,Gist!$S$6:$S$999) -> 0 | S29: =Q29-R29 -> 0 | U29: ='Grondstof soorten'!E28 | V29: =SUMIF(Verpakkingen!$G$6:$G$999,U29,Verpakkingen!$J$6:$J$99) -> 0 | W29: =SUMIF(Verpakkingen!$S$6:$S$999,U29,Verpakkingen!$T$6:$T$999) -> 0 | X29: =V29-W29 -> 0
A30: ='Grondstof soorten'!A29 | B30: =SUMIF(Granen!G28:G1021,A30,Granen!J28:J121) -> 0 | C30: =SUMIF(Granen!R27:R1021,A30,Granen!S27:S1021) -> 0 | D30: =B30-C30 -> 0 | F30: ='Grondstof soorten'!C29 -> Tuinhop | G30: =SUMIF(Hop!$G$6:$G$999,F30,Hop!$J$6:$J$99) -> 4 | H30: =SUMIF(Hop!$R$6:$R$999,F30,Hop!$S$6:$S$999) -> 4 | I30: =G30-H30 -> 0 | K30: ='Grondstof soorten'!B29 -> jasmijn | L30: =SUMIF(Toevoegingen!$G$6:$G$999,K30,Toevoegingen!$J$6:$J$99) -> 0.2 | M30: =SUMIF(Toevoegingen!$R$6:$R$999,K30,Toevoegingen!$S$6:$S$999) -> 0.2 | N30: =L30-M30 -> 0 | P30: ='Grondstof soorten'!D29 | Q30: =SUMIF(Gist!$G$6:$G$999,P30,Gist!$J$6:$J$99) -> 0 | R30: =SUMIF(Gist!$R$6:$R$999,P30,Gist!$S$6:$S$999) -> 0 | S30: =Q30-R30 -> 0 | U30: ='Grondstof soorten'!E29 | V30: =SUMIF(Verpakkingen!$G$6:$G$999,U30,Verpakkingen!$J$6:$J$99) -> 0 | W30: =SUMIF(Verpakkingen!$S$6:$S$999,U30,Verpakkingen!$T$6:$T$999) -> 0 | X30: =V30-W30 -> 0
A31: ='Grondstof soorten'!A30 | B31: =SUMIF(Granen!G29:G1022,A31,Granen!J29:J122) -> 0 | C31: =SUMIF(Granen!R29:R1022,A31,Granen!S29:S1022) -> 0 | D31: =B31-C31 -> 0 | F31: ='Grondstof soorten'!C30 -> Ariana | G31: =SUMIF(Hop!$G$6:$G$999,F31,Hop!$J$6:$J$99) -> 1 | H31: =SUMIF(Hop!$R$6:$R$999,F31,Hop!$S$6:$S$999) -> 1 | I31: =G31-H31 -> 0 | K31: ='Grondstof soorten'!B30 -> Kamillebloemen | L31: =SUMIF(Toevoegingen!$G$6:$G$999,K31,Toevoegingen!$J$6:$J$99) -> 0 | M31: =SUMIF(Toevoegingen!$R$6:$R$999,K31,Toevoegingen!$S$6:$S$999) -> 0 | N31: =L31-M31 -> 0 | P31: ='Grondstof soorten'!D30 | Q31: =SUMIF(Gist!$G$6:$G$999,P31,Gist!$J$6:$J$99) -> 0 | R31: =SUMIF(Gist!$R$6:$R$999,P31,Gist!$S$6:$S$999) -> 0 | S31: =Q31-R31 -> 0 | U31: ='Grondstof soorten'!E30 | V31: =SUMIF(Verpakkingen!$G$6:$G$999,U31,Verpakkingen!$J$6:$J$99) -> 0 | W31: =SUMIF(Verpakkingen!$S$6:$S$999,U31,Verpakkingen!$T$6:$T$999) -> 0 | X31: =V31-W31 -> 0
A32: ='Grondstof soorten'!A31 | B32: =SUMIF(Granen!G30:G1023,A32,Granen!J30:J123) -> 0 | C32: =SUMIF(Granen!R30:R1023,A32,Granen!S30:S1023) -> 0 | D32: =B32-C32 -> 0 | F32: ='Grondstof soorten'!C31 -> Tango | G32: =SUMIF(Hop!$G$6:$G$999,F32,Hop!$J$6:$J$99) -> 1 | H32: =SUMIF(Hop!$R$6:$R$999,F32,Hop!$S$6:$S$999) -> 1 | I32: =G32-H32 -> 0 | K32: ='Grondstof soorten'!B31 -> Bloedappelsiensap | L32: =SUMIF(Toevoegingen!$G$6:$G$999,K32,Toevoegingen!$J$6:$J$99) -> 12 | M32: =SUMIF(Toevoegingen!$R$6:$R$999,K32,Toevoegingen!$S$6:$S$999) -> 12 | N32: =L32-M32 -> 0 | P32: ='Grondstof soorten'!D31 | Q32: =SUMIF(Gist!$G$6:$G$999,P32,Gist!$J$6:$J$99) -> 0 | R32: =SUMIF(Gist!$R$6:$R$999,P32,Gist!$S$6:$S$999) -> 0 | S32: =Q32-R32 -> 0 | U32: ='Grondstof soorten'!E31 | V32: =SUMIF(Verpakkingen!$G$6:$G$999,U32,Verpakkingen!$J$6:$J$99) -> 0 | W32: =SUMIF(Verpakkingen!$S$6:$S$999,U32,Verpakkingen!$T$6:$T$999) -> 0 | X32: =V32-W32 -> 0
A33: ='Grondstof soorten'!A32 | B33: =SUMIF(Granen!G31:G1024,A33,Granen!J31:J124) -> 0 | C33: =SUMIF(Granen!R31:R1024,A33,Granen!S31:S1024) -> 0 | D33: =B33-C33 -> 0 | F33: ='Grondstof soorten'!C32 | G33: =SUMIF(Hop!$G$6:$G$999,F33,Hop!$J$6:$J$99) -> 0 | H33: =SUMIF(Hop!$R$6:$R$999,F33,Hop!$S$6:$S$999) -> 0 | I33: =G33-H33 -> 0 | K33: ='Grondstof soorten'!B32 -> Bloedappelsienen | L33: =SUMIF(Toevoegingen!$G$6:$G$999,K33,Toevoegingen!$J$6:$J$99) -> 12 | M33: =SUMIF(Toevoegingen!$R$6:$R$999,K33,Toevoegingen!$S$6:$S$999) -> 12 | N33: =L33-M33 -> 0 | P33: ='Grondstof soorten'!D32 | Q33: =SUMIF(Gist!$G$6:$G$999,P33,Gist!$J$6:$J$99) -> 0 | R33: =SUMIF(Gist!$R$6:$R$999,P33,Gist!$S$6:$S$999) -> 0 | S33: =Q33-R33 -> 0 | U33: ='Grondstof soorten'!E32 | V33: =SUMIF(Verpakkingen!$G$6:$G$999,U33,Verpakkingen!$J$6:$J$99) -> 0 | W33: =SUMIF(Verpakkingen!$S$6:$S$999,U33,Verpakkingen!$T$6:$T$999) -> 0 | X33: =V33-W33 -> 0
A34: ='Grondstof soorten'!A33 | B34: =SUMIF(Granen!G32:G1025,A34,Granen!J32:J125) -> 0 | C34: =SUMIF(Granen!R32:R1025,A34,Granen!S32:S1025) -> 0 | D34: =B34-C34 -> 0 | F34: ='Grondstof soorten'!C33 | G34: =SUMIF(Hop!$G$6:$G$999,F34,Hop!$J$6:$J$99) -> 0 | H34: =SUMIF(Hop!$R$6:$R$999,F34,Hop!$S$6:$S$999) -> 0 | I34: =G34-H34 -> 0 | K34: ='Grondstof soorten'!B33 -> koffie | L34: =SUMIF(Toevoegingen!$G$6:$G$999,K34,Toevoegingen!$J$6:$J$99) -> 1 | M34: =SUMIF(Toevoegingen!$R$6:$R$999,K34,Toevoegingen!$S$6:$S$999) -> 1 | N34: =L34-M34 -> 0 | P34: ='Grondstof soorten'!D33 | Q34: =SUMIF(Gist!$G$6:$G$999,P34,Gist!$J$6:$J$99) -> 0 | R34: =SUMIF(Gist!$R$6:$R$999,P34,Gist!$S$6:$S$999) -> 0 | S34: =Q34-R34 -> 0 | U34: ='Grondstof soorten'!E33 | V34: =SUMIF(Verpakkingen!$G$6:$G$999,U34,Verpakkingen!$J$6:$J$99) -> 0 | W34: =SUMIF(Verpakkingen!$S$6:$S$999,U34,Verpakkingen!$T$6:$T$999) -> 0 | X34: =V34-W34 -> 0
A35: ='Grondstof soorten'!A34 | B35: =SUMIF(Granen!G33:G1026,A35,Granen!J33:J126) -> 0 | C35: =SUMIF(Granen!R33:R1026,A35,Granen!S33:S1026) -> 0 | D35: =B35-C35 -> 0 | F35: ='Grondstof soorten'!C34 | G35: =SUMIF(Hop!$G$6:$G$999,F35,Hop!$J$6:$J$99) -> 0 | H35: =SUMIF(Hop!$R$6:$R$999,F35,Hop!$S$6:$S$999) -> 0 | I35: =G35-H35 -> 0 | K35: ='Grondstof soorten'!B34 -> vanille | L35: =SUMIF(Toevoegingen!$G$6:$G$999,K35,Toevoegingen!$J$6:$J$99) -> 0.048 | M35: =SUMIF(Toevoegingen!$R$6:$R$999,K35,Toevoegingen!$S$6:$S$999) -> 0.048 | N35: =L35-M35 -> 0 | P35: ='Grondstof soorten'!D34 | Q35: =SUMIF(Gist!$G$6:$G$999,P35,Gist!$J$6:$J$99) -> 0 | R35: =SUMIF(Gist!$R$6:$R$999,P35,Gist!$S$6:$S$999) -> 0 | S35: =Q35-R35 -> 0 | U35: ='Grondstof soorten'!E34 | V35: =SUMIF(Verpakkingen!$G$6:$G$999,U35,Verpakkingen!$J$6:$J$99) -> 0 | W35: =SUMIF(Verpakkingen!$S$6:$S$999,U35,Verpakkingen!$T$6:$T$999) -> 0 | X35: =V35-W35 -> 0
A36: ='Grondstof soorten'!A35 | B36: =SUMIF(Granen!G34:G1027,A36,Granen!J34:J127) -> 0 | C36: =SUMIF(Granen!R34:R1027,A36,Granen!S34:S1027) -> 0 | D36: =B36-C36 -> 0 | F36: ='Grondstof soorten'!C35 | G36: =SUMIF(Hop!$G$6:$G$999,F36,Hop!$J$6:$J$99) -> 0 | H36: =SUMIF(Hop!$R$6:$R$999,F36,Hop!$S$6:$S$999) -> 0 | I36: =G36-H36 -> 0 | K36: ='Grondstof soorten'!B35 -> appelsap | L36: =SUMIF(Toevoegingen!$G$6:$G$999,K36,Toevoegingen!$J$6:$J$99) -> 180 | M36: =SUMIF(Toevoegingen!$R$6:$R$999,K36,Toevoegingen!$S$6:$S$999) -> 180 | N36: =L36-M36 -> 0 | P36: ='Grondstof soorten'!D35 | Q36: =SUMIF(Gist!$G$6:$G$999,P36,Gist!$J$6:$J$99) -> 0 | R36: =SUMIF(Gist!$R$6:$R$999,P36,Gist!$S$6:$S$999) -> 0 | S36: =Q36-R36 -> 0 | U36: ='Grondstof soorten'!E35 | V36: =SUMIF(Verpakkingen!$G$6:$G$999,U36,Verpakkingen!$J$6:$J$99) -> 0 | W36: =SUMIF(Verpakkingen!$S$6:$S$999,U36,Verpakkingen!$T$6:$T$999) -> 0 | X36: =V36-W36 -> 0
A37: ='Grondstof soorten'!A36 | B37: =SUMIF(Granen!G35:G1028,A37,Granen!J35:J128) -> 0 | C37: =SUMIF(Granen!R35:R1028,A37,Granen!S35:S1028) -> 0 | D37: =B37-C37 -> 0 | F37: ='Grondstof soorten'!C36 | G37: =SUMIF(Hop!$G$6:$G$999,F37,Hop!$J$6:$J$99) -> 0 | H37: =SUMIF(Hop!$R$6:$R$999,F37,Hop!$S$6:$S$999) -> 0 | I37: =G37-H37 -> 0 | K37: ='Grondstof soorten'!B36 -> Gember | L37: =SUMIF(Toevoegingen!$G$6:$G$999,K37,Toevoegingen!$J$6:$J$99) -> 2.36 | M37: =SUMIF(Toevoegingen!$R$6:$R$999,K37,Toevoegingen!$S$6:$S$999) -> 2.36 | N37: =L37-M37 -> 0 | P37: ='Grondstof soorten'!D36 | Q37: =SUMIF(Gist!$G$6:$G$999,P37,Gist!$J$6:$J$99) -> 0 | R37: =SUMIF(Gist!$R$6:$R$999,P37,Gist!$S$6:$S$999) -> 0 | S37: =Q37-R37 -> 0 | U37: ='Grondstof soorten'!E36 | V37: =SUMIF(Verpakkingen!$G$6:$G$999,U37,Verpakkingen!$J$6:$J$99) -> 0 | W37: =SUMIF(Verpakkingen!$S$6:$S$999,U37,Verpakkingen!$T$6:$T$999) -> 0 | X37: =V37-W37 -> 0
A38: ='Grondstof soorten'!A37 | B38: =SUMIF(Granen!G36:G1029,A38,Granen!J36:J129) -> 0 | C38: =SUMIF(Granen!R36:R1029,A38,Granen!S36:S1029) -> 0 | D38: =B38-C38 -> 0 | F38: ='Grondstof soorten'!C37 | G38: =SUMIF(Hop!$G$6:$G$999,F38,Hop!$J$6:$J$99) -> 0 | H38: =SUMIF(Hop!$R$6:$R$999,F38,Hop!$S$6:$S$999) -> 0 | I38: =G38-H38 -> 0 | K38: ='Grondstof soorten'!B37 -> Citroengras | L38: =SUMIF(Toevoegingen!$G$6:$G$999,K38,Toevoegingen!$J$6:$J$99) -> 0.84 | M38: =SUMIF(Toevoegingen!$R$6:$R$999,K38,Toevoegingen!$S$6:$S$999) -> 0.84 | N38: =L38-M38 -> 0 | P38: ='Grondstof soorten'!D37 | Q38: =SUMIF(Gist!$G$6:$G$999,P38,Gist!$J$6:$J$99) -> 0 | R38: =SUMIF(Gist!$R$6:$R$999,P38,Gist!$S$6:$S$999) -> 0 | S38: =Q38-R38 -> 0 | U38: ='Grondstof soorten'!E37 | V38: =SUMIF(Verpakkingen!$G$6:$G$999,U38,Verpakkingen!$J$6:$J$99) -> 0 | W38: =SUMIF(Verpakkingen!$S$6:$S$999,U38,Verpakkingen!$T$6:$T$999) -> 0 | X38: =V38-W38 -> 0
A39: ='Grondstof soorten'!A38 | B39: =SUMIF(Granen!G37:G1030,A39,Granen!J37:J130) -> 0 | C39: =SUMIF(Granen!R37:R1030,A39,Granen!S37:S1030) -> 0 | D39: =B39-C39 -> 0 | F39: ='Grondstof soorten'!C38 | G39: =SUMIF(Hop!$G$6:$G$999,F39,Hop!$J$6:$J$99) -> 0 | H39: =SUMIF(Hop!$R$6:$R$999,F39,Hop!$S$6:$S$999) -> 0 | I39: =G39-H39 -> 0 | K39: ='Grondstof soorten'!B38 -> kokosnoot | L39: =SUMIF(Toevoegingen!$G$6:$G$999,K39,Toevoegingen!$J$6:$J$99) -> 4 | M39: =SUMIF(Toevoegingen!$R$6:$R$999,K39,Toevoegingen!$S$6:$S$999) -> 4 | N39: =L39-M39 -> 0 | P39: ='Grondstof soorten'!D38 | Q39: =SUMIF(Gist!$G$6:$G$999,P39,Gist!$J$6:$J$99) -> 0 | R39: =SUMIF(Gist!$R$6:$R$999,P39,Gist!$S$6:$S$999) -> 0 | S39: =Q39-R39 -> 0 | U39: ='Grondstof soorten'!E38 | V39: =SUMIF(Verpakkingen!$G$6:$G$999,U39,Verpakkingen!$J$6:$J$99) -> 0 | W39: =SUMIF(Verpakkingen!$S$6:$S$999,U39,Verpakkingen!$T$6:$T$999) -> 0 | X39: =V39-W39 -> 0
A40: ='Grondstof soorten'!A39 | B40: =SUMIF(Granen!G38:G1031,A40,Granen!J38:J131) -> 0 | C40: =SUMIF(Granen!R38:R1031,A40,Granen!S38:S1031) -> 0 | D40: =B40-C40 -> 0 | F40: ='Grondstof soorten'!C39 | G40: =SUMIF(Hop!$G$6:$G$999,F40,Hop!$J$6:$J$99) -> 0 | H40: =SUMIF(Hop!$R$6:$R$999,F40,Hop!$S$6:$S$999) -> 0 | I40: =G40-H40 -> 0 | K40: ='Grondstof soorten'!B39 -> abrikoos | L40: =SUMIF(Toevoegingen!$G$6:$G$999,K40,Toevoegingen!$J$6:$J$99) -> 40 | M40: =SUMIF(Toevoegingen!$R$6:$R$999,K40,Toevoegingen!$S$6:$S$999) -> 40 | N40: =L40-M40 -> 0 | P40: ='Grondstof soorten'!D39 | Q40: =SUMIF(Gist!$G$6:$G$999,P40,Gist!$J$6:$J$99) -> 0 | R40: =SUMIF(Gist!$R$6:$R$999,P40,Gist!$S$6:$S$999) -> 0 | S40: =Q40-R40 -> 0 | U40: ='Grondstof soorten'!E39 | V40: =SUMIF(Verpakkingen!$G$6:$G$999,U40,Verpakkingen!$J$6:$J$99) -> 0 | W40: =SUMIF(Verpakkingen!$S$6:$S$999,U40,Verpakkingen!$T$6:$T$999) -> 0 | X40: =V40-W40 -> 0
A41: ='Grondstof soorten'!A40 | B41: =SUMIF(Granen!G39:G1032,A41,Granen!J39:J132) -> 0 | C41: =SUMIF(Granen!R39:R1032,A41,Granen!S39:S1032) -> 0 | D41: =B41-C41 -> 0 | F41: ='Grondstof soorten'!C40 | G41: =SUMIF(Hop!$G$6:$G$999,F41,Hop!$J$6:$J$99) -> 0 | H41: =SUMIF(Hop!$R$6:$R$999,F41,Hop!$S$6:$S$999) -> 0 | I41: =G41-H41 -> 0 | K41: ='Grondstof soorten'!B40 -> citroen | L41: =SUMIF(Toevoegingen!$G$6:$G$999,K41,Toevoegingen!$J$6:$J$99) -> 18.7 | M41: =SUMIF(Toevoegingen!$R$6:$R$999,K41,Toevoegingen!$S$6:$S$999) -> 18.7 | N41: =L41-M41 -> 0 | P41: ='Grondstof soorten'!D40 | Q41: =SUMIF(Gist!$G$6:$G$999,P41,Gist!$J$6:$J$99) -> 0 | R41: =SUMIF(Gist!$R$6:$R$999,P41,Gist!$S$6:$S$999) -> 0 | S41: =Q41-R41 -> 0 | U41: ='Grondstof soorten'!E40 | V41: =SUMIF(Verpakkingen!$G$6:$G$999,U41,Verpakkingen!$J$6:$J$99) -> 0 | W41: =SUMIF(Verpakkingen!$S$6:$S$999,U41,Verpakkingen!$T$6:$T$999) -> 0 | X41: =V41-W41 -> 0
A42: ='Grondstof soorten'!A41 | B42: =SUMIF(Granen!G40:G1033,A42,Granen!J40:J133) -> 0 | C42: =SUMIF(Granen!R40:R1033,A42,Granen!S40:S1033) -> 0 | D42: =B42-C42 -> 0 | F42: ='Grondstof soorten'!C41 | G42: =SUMIF(Hop!$G$6:$G$999,F42,Hop!$J$6:$J$99) -> 0 | H42: =SUMIF(Hop!$R$6:$R$999,F42,Hop!$S$6:$S$999) -> 0 | I42: =G42-H42 -> 0 | K42: ='Grondstof soorten'!B41 -> aardbei | L42: =SUMIF(Toevoegingen!$G$6:$G$999,K42,Toevoegingen!$J$6:$J$99) -> 50 | M42: =SUMIF(Toevoegingen!$R$6:$R$999,K42,Toevoegingen!$S$6:$S$999) -> 50 | N42: =L42-M42 -> 0 | P42: ='Grondstof soorten'!D41 | Q42: =SUMIF(Gist!$G$6:$G$999,P42,Gist!$J$6:$J$99) -> 0 | R42: =SUMIF(Gist!$R$6:$R$999,P42,Gist!$S$6:$S$999) -> 0 | S42: =Q42-R42 -> 0 | U42: ='Grondstof soorten'!E41 | V42: =SUMIF(Verpakkingen!$G$6:$G$999,U42,Verpakkingen!$J$6:$J$99) -> 0 | W42: =SUMIF(Verpakkingen!$S$6:$S$999,U42,Verpakkingen!$T$6:$T$999) -> 0 | X42: =V42-W42 -> 0
A43: ='Grondstof soorten'!A42 | B43: =SUMIF(Granen!G41:G1034,A43,Granen!J41:J134) -> 0 | C43: =SUMIF(Granen!R41:R1034,A43,Granen!S41:S1034) -> 0 | D43: =B43-C43 -> 0 | F43: ='Grondstof soorten'!C42 | G43: =SUMIF(Hop!$G$6:$G$999,F43,Hop!$J$6:$J$99) -> 0 | H43: =SUMIF(Hop!$R$6:$R$999,F43,Hop!$S$6:$S$999) -> 0 | I43: =G43-H43 -> 0 | K43: ='Grondstof soorten'!B42 -> hotsauce | L43: =SUMIF(Toevoegingen!$G$6:$G$999,K43,Toevoegingen!$J$6:$J$99) -> 1 | M43: =SUMIF(Toevoegingen!$R$6:$R$999,K43,Toevoegingen!$S$6:$S$999) -> 1 | N43: =L43-M43 -> 0 | P43: ='Grondstof soorten'!D42 | Q43: =SUMIF(Gist!$G$6:$G$999,P43,Gist!$J$6:$J$99) -> 0 | R43: =SUMIF(Gist!$R$6:$R$999,P43,Gist!$S$6:$S$999) -> 0 | S43: =Q43-R43 -> 0 | U43: ='Grondstof soorten'!E42 | V43: =SUMIF(Verpakkingen!$G$6:$G$999,U43,Verpakkingen!$J$6:$J$99) -> 0 | W43: =SUMIF(Verpakkingen!$S$6:$S$999,U43,Verpakkingen!$T$6:$T$999) -> 0 | X43: =V43-W43 -> 0
A44: ='Grondstof soorten'!A43 | B44: =SUMIF(Granen!G42:G1035,A44,Granen!J42:J135) -> 0 | C44: =SUMIF(Granen!R42:R1035,A44,Granen!S42:S1035) -> 0 | D44: =B44-C44 -> 0 | F44: ='Grondstof soorten'!C43 | G44: =SUMIF(Hop!$G$6:$G$999,F44,Hop!$J$6:$J$99) -> 0 | H44: =SUMIF(Hop!$R$6:$R$999,F44,Hop!$S$6:$S$999) -> 0 | I44: =G44-H44 -> 0 | K44: =#REF! -> #REF! | L44: =SUMIF(Toevoegingen!$G$6:$G$999,K44,Toevoegingen!$J$6:$J$99) -> 0 | M44: =SUMIF(Toevoegingen!$R$6:$R$999,K44,Toevoegingen!$S$6:$S$999) -> 0 | N44: =L44-M44 -> 0 | P44: ='Grondstof soorten'!D43 | Q44: =SUMIF(Gist!$G$6:$G$999,P44,Gist!$J$6:$J$99) -> 0 | R44: =SUMIF(Gist!$R$6:$R$999,P44,Gist!$S$6:$S$999) -> 0 | S44: =Q44-R44 -> 0 | U44: ='Grondstof soorten'!E43 | V44: =SUMIF(Verpakkingen!$G$6:$G$999,U44,Verpakkingen!$J$6:$J$99) -> 0 | W44: =SUMIF(Verpakkingen!$S$6:$S$999,U44,Verpakkingen!$T$6:$T$999) -> 0 | X44: =V44-W44 -> 0
A45: ='Grondstof soorten'!A44 | B45: =SUMIF(Granen!G43:G1036,A45,Granen!J43:J136) -> 0 | C45: =SUMIF(Granen!R43:R1036,A45,Granen!S43:S1036) -> 0 | D45: =B45-C45 -> 0 | F45: ='Grondstof soorten'!C44 | G45: =SUMIF(Hop!$G$6:$G$999,F45,Hop!$J$6:$J$99) -> 0 | H45: =SUMIF(Hop!$R$6:$R$999,F45,Hop!$S$6:$S$999) -> 0 | I45: =G45-H45 -> 0 | K45: =#REF! -> #REF! | L45: =SUMIF(Toevoegingen!$G$6:$G$999,K45,Toevoegingen!$J$6:$J$99) -> 0 | M45: =SUMIF(Toevoegingen!$R$6:$R$999,K45,Toevoegingen!$S$6:$S$999) -> 0 | N45: =L45-M45 -> 0 | P45: ='Grondstof soorten'!D44 | Q45: =SUMIF(Gist!$G$6:$G$999,P45,Gist!$J$6:$J$99) -> 0 | R45: =SUMIF(Gist!$R$6:$R$999,P45,Gist!$S$6:$S$999) -> 0 | S45: =Q45-R45 -> 0 | U45: ='Grondstof soorten'!E44 | V45: =SUMIF(Verpakkingen!$G$6:$G$999,U45,Verpakkingen!$J$6:$J$99) -> 0 | W45: =SUMIF(Verpakkingen!$S$6:$S$999,U45,Verpakkingen!$T$6:$T$999) -> 0 | X45: =V45-W45 -> 0
A46: ='Grondstof soorten'!A45 | B46: =SUMIF(Granen!G44:G1037,A46,Granen!J44:J137) -> 0 | C46: =SUMIF(Granen!R44:R1037,A46,Granen!S44:S1037) -> 0 | D46: =B46-C46 -> 0 | F46: ='Grondstof soorten'!C45 | G46: =SUMIF(Hop!$G$6:$G$999,F46,Hop!$J$6:$J$99) -> 0 | H46: =SUMIF(Hop!$R$6:$R$999,F46,Hop!$S$6:$S$999) -> 0 | I46: =G46-H46 -> 0 | K46: =#REF! -> #REF! | L46: =SUMIF(Toevoegingen!$G$6:$G$999,K46,Toevoegingen!$J$6:$J$99) -> 0 | M46: =SUMIF(Toevoegingen!$R$6:$R$999,K46,Toevoegingen!$S$6:$S$999) -> 0 | N46: =L46-M46 -> 0 | P46: ='Grondstof soorten'!D45 | Q46: =SUMIF(Gist!$G$6:$G$999,P46,Gist!$J$6:$J$99) -> 0 | R46: =SUMIF(Gist!$R$6:$R$999,P46,Gist!$S$6:$S$999) -> 0 | S46: =Q46-R46 -> 0 | U46: ='Grondstof soorten'!E45 | V46: =SUMIF(Verpakkingen!$G$6:$G$999,U46,Verpakkingen!$J$6:$J$99) -> 0 | W46: =SUMIF(Verpakkingen!$S$6:$S$999,U46,Verpakkingen!$T$6:$T$999) -> 0 | X46: =V46-W46 -> 0
A47: ='Grondstof soorten'!A46 | B47: =SUMIF(Granen!G45:G1038,A47,Granen!J45:J138) -> 0 | C47: =SUMIF(Granen!R45:R1038,A47,Granen!S45:S1038) -> 0 | D47: =B47-C47 -> 0 | F47: ='Grondstof soorten'!C46 | G47: =SUMIF(Hop!$G$6:$G$999,F47,Hop!$J$6:$J$99) -> 0 | H47: =SUMIF(Hop!$R$6:$R$999,F47,Hop!$S$6:$S$999) -> 0 | I47: =G47-H47 -> 0 | K47: ='Grondstof soorten'!B46 -> Pardijszaad | L47: =SUMIF(Toevoegingen!$G$6:$G$999,K47,Toevoegingen!$J$6:$J$99) -> 0.075 | M47: =SUMIF(Toevoegingen!$R$6:$R$999,K47,Toevoegingen!$S$6:$S$999) -> 0 | N47: =L47-M47 -> 0.075 | P47: ='Grondstof soorten'!D46 | Q47: =SUMIF(Gist!$G$6:$G$999,P47,Gist!$J$6:$J$99) -> 0 | R47: =SUMIF(Gist!$R$6:$R$999,P47,Gist!$S$6:$S$999) -> 0 | S47: =Q47-R47 -> 0 | U47: ='Grondstof soorten'!E46 | V47: =SUMIF(Verpakkingen!$G$6:$G$999,U47,Verpakkingen!$J$6:$J$99) -> 0 | W47: =SUMIF(Verpakkingen!$S$6:$S$999,U47,Verpakkingen!$T$6:$T$999) -> 0 | X47: =V47-W47 -> 0
A48: ='Grondstof soorten'!A47 | B48: =SUMIF(Granen!G46:G1039,A48,Granen!J46:J139) -> 0 | C48: =SUMIF(Granen!R46:R1039,A48,Granen!S46:S1039) -> 0 | D48: =B48-C48 -> 0 | F48: ='Grondstof soorten'!C47 | G48: =SUMIF(Hop!$G$6:$G$999,F48,Hop!$J$6:$J$99) -> 0 | H48: =SUMIF(Hop!$R$6:$R$999,F48,Hop!$S$6:$S$999) -> 0 | I48: =G48-H48 -> 0 | K48: ='Grondstof soorten'!B47 -> Timut peper | L48: =SUMIF(Toevoegingen!$G$6:$G$999,K48,Toevoegingen!$J$6:$J$99) -> 0.24 | M48: =SUMIF(Toevoegingen!$R$6:$R$999,K48,Toevoegingen!$S$6:$S$999) -> 0 | N48: =L48-M48 -> 0.24 | P48: ='Grondstof soorten'!D47 | Q48: =SUMIF(Gist!$G$6:$G$999,P48,Gist!$J$6:$J$99) -> 0 | R48: =SUMIF(Gist!$R$6:$R$999,P48,Gist!$S$6:$S$999) -> 0 | S48: =Q48-R48 -> 0 | U48: ='Grondstof soorten'!E47 | V48: =SUMIF(Verpakkingen!$G$6:$G$999,U48,Verpakkingen!$J$6:$J$99) -> 0 | W48: =SUMIF(Verpakkingen!$S$6:$S$999,U48,Verpakkingen!$T$6:$T$999) -> 0 | X48: =V48-W48 -> 0
A49: ='Grondstof soorten'!A48 | B49: =SUMIF(Granen!G47:G1040,A49,Granen!J47:J140) -> 0 | C49: =SUMIF(Granen!R47:R1040,A49,Granen!S47:S1040) -> 0 | D49: =B49-C49 -> 0 | F49: ='Grondstof soorten'!C48 | G49: =SUMIF(Hop!$G$6:$G$999,F49,Hop!$J$6:$J$99) -> 0 | H49: =SUMIF(Hop!$R$6:$R$999,F49,Hop!$S$6:$S$999) -> 0 | I49: =G49-H49 -> 0 | K49: ='Grondstof soorten'!B48 | L49: =SUMIF(Toevoegingen!$G$6:$G$999,K49,Toevoegingen!$J$6:$J$99) -> 0 | M49: =SUMIF(Toevoegingen!$R$6:$R$999,K49,Toevoegingen!$S$6:$S$999) -> 0 | N49: =L49-M49 -> 0 | P49: ='Grondstof soorten'!D48 | Q49: =SUMIF(Gist!$G$6:$G$999,P49,Gist!$J$6:$J$99) -> 0 | R49: =SUMIF(Gist!$R$6:$R$999,P49,Gist!$S$6:$S$999) -> 0 | S49: =Q49-R49 -> 0 | U49: ='Grondstof soorten'!E48 | V49: =SUMIF(Verpakkingen!$G$6:$G$999,U49,Verpakkingen!$J$6:$J$99) -> 0 | W49: =SUMIF(Verpakkingen!$S$6:$S$999,U49,Verpakkingen!$T$6:$T$999) -> 0 | X49: =V49-W49 -> 0
A50: ='Grondstof soorten'!A49 | B50: =SUMIF(Granen!G48:G1041,A50,Granen!J48:J141) -> 0 | C50: =SUMIF(Granen!R48:R1041,A50,Granen!S48:S1041) -> 0 | D50: =B50-C50 -> 0 | F50: ='Grondstof soorten'!C49 | G50: =SUMIF(Hop!$G$6:$G$999,F50,Hop!$J$6:$J$99) -> 0 | H50: =SUMIF(Hop!$R$6:$R$999,F50,Hop!$S$6:$S$999) -> 0 | I50: =G50-H50 -> 0 | K50: ='Grondstof soorten'!B49 | L50: =SUMIF(Toevoegingen!$G$6:$G$999,K50,Toevoegingen!$J$6:$J$99) -> 0 | M50: =SUMIF(Toevoegingen!$R$6:$R$999,K50,Toevoegingen!$S$6:$S$999) -> 0 | N50: =L50-M50 -> 0 | P50: ='Grondstof soorten'!D49 | Q50: =SUMIF(Gist!$G$6:$G$999,P50,Gist!$J$6:$J$99) -> 0 | R50: =SUMIF(Gist!$R$6:$R$999,P50,Gist!$S$6:$S$999) -> 0 | S50: =Q50-R50 -> 0 | U50: ='Grondstof soorten'!E49 | V50: =SUMIF(Verpakkingen!$G$6:$G$999,U50,Verpakkingen!$J$6:$J$99) -> 0 | W50: =SUMIF(Verpakkingen!$S$6:$S$999,U50,Verpakkingen!$T$6:$T$999) -> 0 | X50: =V50-W50 -> 0
A51: ='Grondstof soorten'!A50 | B51: =SUMIF(Granen!G49:G1042,A51,Granen!J49:J142) -> 0 | C51: =SUMIF(Granen!R49:R1042,A51,Granen!S49:S1042) -> 0 | D51: =B51-C51 -> 0 | F51: ='Grondstof soorten'!C50 | G51: =SUMIF(Hop!$G$6:$G$999,F51,Hop!$J$6:$J$99) -> 0 | H51: =SUMIF(Hop!$R$6:$R$999,F51,Hop!$S$6:$S$999) -> 0 | I51: =G51-H51 -> 0 | K51: ='Grondstof soorten'!B50 | L51: =SUMIF(Toevoegingen!$G$6:$G$999,K51,Toevoegingen!$J$6:$J$99) -> 0 | M51: =SUMIF(Toevoegingen!$R$6:$R$999,K51,Toevoegingen!$S$6:$S$999) -> 0 | N51: =L51-M51 -> 0 | P51: ='Grondstof soorten'!D50 | Q51: =SUMIF(Gist!$G$6:$G$999,P51,Gist!$J$6:$J$99) -> 0 | R51: =SUMIF(Gist!$R$6:$R$999,P51,Gist!$S$6:$S$999) -> 0 | S51: =Q51-R51 -> 0 | U51: ='Grondstof soorten'!E50 | V51: =SUMIF(Verpakkingen!$G$6:$G$999,U51,Verpakkingen!$J$6:$J$99) -> 0 | W51: =SUMIF(Verpakkingen!$S$6:$S$999,U51,Verpakkingen!$T$6:$T$999) -> 0 | X51: =V51-W51 -> 0
A52: ='Grondstof soorten'!A51 | B52: =SUMIF(Granen!G50:G1043,A52,Granen!J50:J143) -> 0 | C52: =SUMIF(Granen!R50:R1043,A52,Granen!S50:S1043) -> 0 | D52: =B52-C52 -> 0 | F52: ='Grondstof soorten'!C51 | G52: =SUMIF(Hop!$G$6:$G$999,F52,Hop!$J$6:$J$99) -> 0 | H52: =SUMIF(Hop!$R$6:$R$999,F52,Hop!$S$6:$S$999) -> 0 | I52: =G52-H52 -> 0 | K52: ='Grondstof soorten'!B51 | L52: =SUMIF(Toevoegingen!$G$6:$G$999,K52,Toevoegingen!$J$6:$J$99) -> 0 | M52: =SUMIF(Toevoegingen!$R$6:$R$999,K52,Toevoegingen!$S$6:$S$999) -> 0 | N52: =L52-M52 -> 0 | P52: ='Grondstof soorten'!D51 | Q52: =SUMIF(Gist!$G$6:$G$999,P52,Gist!$J$6:$J$99) -> 0 | R52: =SUMIF(Gist!$R$6:$R$999,P52,Gist!$S$6:$S$999) -> 0 | S52: =Q52-R52 -> 0 | U52: ='Grondstof soorten'!E51 | V52: =SUMIF(Verpakkingen!$G$6:$G$999,U52,Verpakkingen!$J$6:$J$99) -> 0 | W52: =SUMIF(Verpakkingen!$S$6:$S$999,U52,Verpakkingen!$T$6:$T$999) -> 0 | X52: =V52-W52 -> 0
A53: ='Grondstof soorten'!A52 | B53: =SUMIF(Granen!G51:G1044,A53,Granen!J51:J144) -> 0 | C53: =SUMIF(Granen!R51:R1044,A53,Granen!S51:S1044) -> 0 | D53: =B53-C53 -> 0 | F53: ='Grondstof soorten'!C52 | G53: =SUMIF(Hop!$G$6:$G$999,F53,Hop!$J$6:$J$99) -> 0 | H53: =SUMIF(Hop!$R$6:$R$999,F53,Hop!$S$6:$S$999) -> 0 | I53: =G53-H53 -> 0 | K53: ='Grondstof soorten'!B52 | L53: =SUMIF(Toevoegingen!$G$6:$G$999,K53,Toevoegingen!$J$6:$J$99) -> 0 | M53: =SUMIF(Toevoegingen!$R$6:$R$999,K53,Toevoegingen!$S$6:$S$999) -> 0 | N53: =L53-M53 -> 0 | P53: ='Grondstof soorten'!D52 | Q53: =SUMIF(Gist!$G$6:$G$999,P53,Gist!$J$6:$J$99) -> 0 | R53: =SUMIF(Gist!$R$6:$R$999,P53,Gist!$S$6:$S$999) -> 0 | S53: =Q53-R53 -> 0 | U53: ='Grondstof soorten'!E52 | V53: =SUMIF(Verpakkingen!$G$6:$G$999,U53,Verpakkingen!$J$6:$J$99) -> 0 | W53: =SUMIF(Verpakkingen!$S$6:$S$999,U53,Verpakkingen!$T$6:$T$999) -> 0 | X53: =V53-W53 -> 0
A54: ='Grondstof soorten'!A53 | B54: =SUMIF(Granen!G52:G1045,A54,Granen!J52:J145) -> 0 | C54: =SUMIF(Granen!R52:R1045,A54,Granen!S52:S1045) -> 0 | D54: =B54-C54 -> 0 | F54: ='Grondstof soorten'!C53 | G54: =SUMIF(Hop!$G$6:$G$999,F54,Hop!$J$6:$J$99) -> 0 | H54: =SUMIF(Hop!$R$6:$R$999,F54,Hop!$S$6:$S$999) -> 0 | I54: =G54-H54 -> 0 | K54: ='Grondstof soorten'!B53 | L54: =SUMIF(Toevoegingen!$G$6:$G$999,K54,Toevoegingen!$J$6:$J$99) -> 0 | M54: =SUMIF(Toevoegingen!$R$6:$R$999,K54,Toevoegingen!$S$6:$S$999) -> 0 | N54: =L54-M54 -> 0 | P54: ='Grondstof soorten'!D53 | Q54: =SUMIF(Gist!$G$6:$G$999,P54,Gist!$J$6:$J$99) -> 0 | R54: =SUMIF(Gist!$R$6:$R$999,P54,Gist!$S$6:$S$999) -> 0 | S54: =Q54-R54 -> 0 | U54: ='Grondstof soorten'!E53 | V54: =SUMIF(Verpakkingen!$G$6:$G$999,U54,Verpakkingen!$J$6:$J$99) -> 0 | W54: =SUMIF(Verpakkingen!$S$6:$S$999,U54,Verpakkingen!$T$6:$T$999) -> 0 | X54: =V54-W54 -> 0
A55: ='Grondstof soorten'!A54 | B55: =SUMIF(Granen!G53:G1046,A55,Granen!J53:J146) -> 0 | C55: =SUMIF(Granen!R53:R1046,A55,Granen!S53:S1046) -> 0 | D55: =B55-C55 -> 0 | F55: ='Grondstof soorten'!C54 | G55: =SUMIF(Hop!$G$6:$G$999,F55,Hop!$J$6:$J$99) -> 0 | H55: =SUMIF(Hop!$R$6:$R$999,F55,Hop!$S$6:$S$999) -> 0 | I55: =G55-H55 -> 0 | K55: ='Grondstof soorten'!B54 | L55: =SUMIF(Toevoegingen!$G$6:$G$999,K55,Toevoegingen!$J$6:$J$99) -> 0 | M55: =SUMIF(Toevoegingen!$R$6:$R$999,K55,Toevoegingen!$S$6:$S$999) -> 0 | N55: =L55-M55 -> 0 | P55: ='Grondstof soorten'!D54 | Q55: =SUMIF(Gist!$G$6:$G$999,P55,Gist!$J$6:$J$99) -> 0 | R55: =SUMIF(Gist!$R$6:$R$999,P55,Gist!$S$6:$S$999) -> 0 | S55: =Q55-R55 -> 0 | U55: ='Grondstof soorten'!E54 | V55: =SUMIF(Verpakkingen!$G$6:$G$999,U55,Verpakkingen!$J$6:$J$99) -> 0 | W55: =SUMIF(Verpakkingen!$S$6:$S$999,U55,Verpakkingen!$T$6:$T$999) -> 0 | X55: =V55-W55 -> 0
A56: ='Grondstof soorten'!A55 | B56: =SUMIF(Granen!G54:G1047,A56,Granen!J54:J147) -> 0 | C56: =SUMIF(Granen!R54:R1047,A56,Granen!S54:S1047) -> 0 | D56: =B56-C56 -> 0 | F56: ='Grondstof soorten'!C55 | G56: =SUMIF(Hop!$G$6:$G$999,F56,Hop!$J$6:$J$99) -> 0 | H56: =SUMIF(Hop!$R$6:$R$999,F56,Hop!$S$6:$S$999) -> 0 | I56: =G56-H56 -> 0 | K56: ='Grondstof soorten'!B55 | L56: =SUMIF(Toevoegingen!$G$6:$G$999,K56,Toevoegingen!$J$6:$J$99) -> 0 | M56: =SUMIF(Toevoegingen!$R$6:$R$999,K56,Toevoegingen!$S$6:$S$999) -> 0 | N56: =L56-M56 -> 0 | P56: ='Grondstof soorten'!D55 | Q56: =SUMIF(Gist!$G$6:$G$999,P56,Gist!$J$6:$J$99) -> 0 | R56: =SUMIF(Gist!$R$6:$R$999,P56,Gist!$S$6:$S$999) -> 0 | S56: =Q56-R56 -> 0 | U56: ='Grondstof soorten'!E55 | V56: =SUMIF(Verpakkingen!$G$6:$G$999,U56,Verpakkingen!$J$6:$J$99) -> 0 | W56: =SUMIF(Verpakkingen!$S$6:$S$999,U56,Verpakkingen!$T$6:$T$999) -> 0 | X56: =V56-W56 -> 0
A57: ='Grondstof soorten'!A56 | B57: =SUMIF(Granen!G55:G1048,A57,Granen!J55:J148) -> 0 | C57: =SUMIF(Granen!R55:R1048,A57,Granen!S55:S1048) -> 0 | D57: =B57-C57 -> 0 | F57: ='Grondstof soorten'!C56 | G57: =SUMIF(Hop!$G$6:$G$999,F57,Hop!$J$6:$J$99) -> 0 | H57: =SUMIF(Hop!$R$6:$R$999,F57,Hop!$S$6:$S$999) -> 0 | I57: =G57-H57 -> 0 | K57: ='Grondstof soorten'!B56 | L57: =SUMIF(Toevoegingen!$G$6:$G$999,K57,Toevoegingen!$J$6:$J$99) -> 0 | M57: =SUMIF(Toevoegingen!$R$6:$R$999,K57,Toevoegingen!$S$6:$S$999) -> 0 | N57: =L57-M57 -> 0 | P57: ='Grondstof soorten'!D56 | Q57: =SUMIF(Gist!$G$6:$G$999,P57,Gist!$J$6:$J$99) -> 0 | R57: =SUMIF(Gist!$R$6:$R$999,P57,Gist!$S$6:$S$999) -> 0 | S57: =Q57-R57 -> 0 | U57: ='Grondstof soorten'!E56 | V57: =SUMIF(Verpakkingen!$G$6:$G$999,U57,Verpakkingen!$J$6:$J$99) -> 0 | W57: =SUMIF(Verpakkingen!$S$6:$S$999,U57,Verpakkingen!$T$6:$T$999) -> 0 | X57: =V57-W57 -> 0
A58: ='Grondstof soorten'!A57 | B58: =SUMIF(Granen!G56:G1049,A58,Granen!J56:J149) -> 0 | C58: =SUMIF(Granen!R56:R1049,A58,Granen!S56:S1049) -> 0 | D58: =B58-C58 -> 0 | F58: ='Grondstof soorten'!C57 | G58: =SUMIF(Hop!$G$6:$G$999,F58,Hop!$J$6:$J$99) -> 0 | H58: =SUMIF(Hop!$R$6:$R$999,F58,Hop!$S$6:$S$999) -> 0 | I58: =G58-H58 -> 0 | K58: ='Grondstof soorten'!B57 | L58: =SUMIF(Toevoegingen!$G$6:$G$999,K58,Toevoegingen!$J$6:$J$99) -> 0 | M58: =SUMIF(Toevoegingen!$R$6:$R$999,K58,Toevoegingen!$S$6:$S$999) -> 0 | N58: =L58-M58 -> 0 | P58: ='Grondstof soorten'!D57 | Q58: =SUMIF(Gist!$G$6:$G$999,P58,Gist!$J$6:$J$99) -> 0 | R58: =SUMIF(Gist!$R$6:$R$999,P58,Gist!$S$6:$S$999) -> 0 | S58: =Q58-R58 -> 0 | U58: ='Grondstof soorten'!E57 | V58: =SUMIF(Verpakkingen!$G$6:$G$999,U58,Verpakkingen!$J$6:$J$99) -> 0 | W58: =SUMIF(Verpakkingen!$S$6:$S$999,U58,Verpakkingen!$T$6:$T$999) -> 0 | X58: =V58-W58 -> 0
... A72: ='Grondstof soorten'!A71 | B72: =SUMIF(Granen!G70:G1063,A72,Granen!J70:J163) -> 0 | C72: =SUMIF(Granen!R70:R1063,A72,Granen!S70:S1063) -> 0 | D72: =B72-C72 -> 0 | F72: ='Grondstof soorten'!C71 | G72: =SUMIF(Hop!$G$6:$G$999,F72,Hop!$J$6:$J$99) -> 0 | H72: =SUMIF(Hop!$R$6:$R$999,F72,Hop!$S$6:$S$999) -> 0 | I72: =G72-H72 -> 0 | K72: ='Grondstof soorten'!B71 | L72: =SUMIF(Toevoegingen!$G$6:$G$999,K72,Toevoegingen!$J$6:$J$99) -> 0 | M72: =SUMIF(Toevoegingen!$R$6:$R$999,K72,Toevoegingen!$S$6:$S$999) -> 0 | N72: =L72-M72 -> 0 | P72: ='Grondstof soorten'!D71 | Q72: =SUMIF(Gist!$G$6:$G$999,P72,Gist!$J$6:$J$99) -> 0 | R72: =SUMIF(Gist!$R$6:$R$999,P72,Gist!$S$6:$S$999) -> 0 | S72: =Q72-R72 -> 0 | U72: ='Grondstof soorten'!E71 | V72: =SUMIF(Verpakkingen!$G$6:$G$999,U72,Verpakkingen!$J$6:$J$99) -> 0 | W72: =SUMIF(Verpakkingen!$S$6:$S$999,U72,Verpakkingen!$T$6:$T$999) -> 0 | X72: =V72-W72 -> 0
A73: ='Grondstof soorten'!A72 | F73: ='Grondstof soorten'!C72 | K73: ='Grondstof soorten'!B72
A74: ='Grondstof soorten'!A73 | F74: ='Grondstof soorten'!C73 | K74: ='Grondstof soorten'!B73
A75: ='Grondstof soorten'!A74 | F75: ='Grondstof soorten'!C74 | K75: ='Grondstof soorten'!B74
A76: ='Grondstof soorten'!A75 | F76: ='Grondstof soorten'!C75 | K76: ='Grondstof soorten'!B75
A77: ='Grondstof soorten'!A76 | F77: ='Grondstof soorten'!C76 | K77: ='Grondstof soorten'!B76
A78: ='Grondstof soorten'!A77 | F78: ='Grondstof soorten'!C77 | K78: ='Grondstof soorten'!B77
A79: ='Grondstof soorten'!A78 | F79: ='Grondstof soorten'!C78 | K79: ='Grondstof soorten'!B78
A80: ='Grondstof soorten'!A79 | F80: ='Grondstof soorten'!C79 | K80: ='Grondstof soorten'!B79
A81: ='Grondstof soorten'!A80 | F81: ='Grondstof soorten'!C80
A82: ='Grondstof soorten'!A81 | F82: ='Grondstof soorten'!C81
A83: ='Grondstof soorten'!A82 | F83: ='Grondstof soorten'!C82
A84: ='Grondstof soorten'!A83 | F84: ='Grondstof soorten'!C83
A85: ='Grondstof soorten'!A84 | F85: ='Grondstof soorten'!C84
A86: ='Grondstof soorten'!A85 | F86: ='Grondstof soorten'!C85
A87: ='Grondstof soorten'!A86 | F87: ='Grondstof soorten'!C86
A88: ='Grondstof soorten'!A87 | F88: ='Grondstof soorten'!C87
A89: ='Grondstof soorten'!A88 | F89: ='Grondstof soorten'!C88
A90: ='Grondstof soorten'!A89 | F90: ='Grondstof soorten'!C89
A91: ='Grondstof soorten'!A90 | F91: ='Grondstof soorten'!C90
A92: ='Grondstof soorten'!A91 | F92: ='Grondstof soorten'!C91
... A154: ='Grondstof soorten'!A153 | F154: ='Grondstof soorten'!C153
A155: ='Grondstof soorten'!A154
A156: ='Grondstof soorten'!A155
A157: ='Grondstof soorten'!A156
A158: ='Grondstof soorten'!A157
A159: ='Grondstof soorten'!A158
A160: ='Grondstof soorten'!A159
A161: ='Grondstof soorten'!A160
A162: ='Grondstof soorten'!A161
A163: ='Grondstof soorten'!A162
A164: ='Grondstof soorten'!A163
A165: ='Grondstof soorten'!A164
A166: ='Grondstof soorten'!A165
... A214: ='Grondstof soorten'!A213

Sheet Leveranciers
A1: Lijst van leveranciers
A3: Naam | B3: Adres | C3: contactpersoon | D3: telefoon | E3: mail | F3: KBO | G3: FAVV registratienummer
A4: LV Janssens - Dormaalhof | B4: Caubergstraat 2 3150 Haacht | C4: Dries Janssens | D4: 0497359423 | E4: dries@hoftendormaal.com | F4: BE0560669797 | G4: 2.234.204.958
A5: Brouwland BV | B5: Korpelsesteenweg 86 3581 Beverlo | D5: 011401408 | E5: profsales@brouwland.com | F5: BE0412461618 | G5: 2.038.594.164
A6: HVB-IMTC BV | B6: Kasteelstraat 21 9870 Olsene | D6: 092302770 | E6: info@hvb-imtc.be | F6: BE0693813779 | G6: 2.274.409.775
A7: Brouwerij De Coureur | B7: Borstelstraat 20 bus 001 3010 Kessel-Lo | C7: Bart Delvaux | D7: 0485178695 | E7: brouwerijdecoureur@gmail.com | F7: BE0713410551 | G7: 2.281.451.282
A8: Solucious SA NV | B8: Edingensesteenweg 196 1500 Halle | D8: 023338888 | E8: info@solucious.be | F8: BE0448692207 | G8: 2.359.957.342
A9: Pit & Pit | B9: Putten 27 2320 Hoogstraten | F9: BE0505805213
A10: Man & Brouw | B10: Aarschotsesteenweg 179 3012 Wilsele | C10: Sibren De Bast

Sheet Kostprijsberekening
A1: Overzicht grondstoffen
A3: Man & Brouw | B3: BE0778.696.105
A4: entrepotnr:
A6: Nr brouwsel | B6: Kostprijs grondstoffen | C6: Kostprijs verpakking | D6: Totale kostprijs
A7: 2023/001 | B7: =SUMIF(Granen!P$6:P$2000,A7,Granen!T$6:T$2000)+SUMIF(Gist!P$6:P$2000,A7,Gist!T$6:T$2000)+SUMIF(Hop!P$6:P$2000,A7,Hop!T$6:T$2000)+SUMIF(Toevoegingen!P$6:P$2000,A7,Toevoegingen!T$6:T$2000) -> 96.43625 | C7: =SUMIF(Verpakkingen!P$6:P$2000,A7,Verpakkingen!U$6:U$2000) -> 235.30171 | D7: =sum(B7,C7) -> 331.73796
A8: 2023/002 | B8: =SUMIF(Granen!P$6:P$2000,A8,Granen!T$6:T$2000)+SUMIF(Gist!P$6:P$2000,A8,Gist!T$6:T$2000)+SUMIF(Hop!P$6:P$2000,A8,Hop!T$6:T$2000)+SUMIF(Toevoegingen!P$6:P$2000,A8,Toevoegingen!T$6:T$2000) -> 62.1448 | C8: =SUMIF(Verpakkingen!P$6:P$2000,A8,Verpakkingen!U$6:U$2000) -> 84.83736 | D8: =sum(B8,C8) -> 146.98216
A9: 2023/003 | B9: =SUMIF(Granen!P$6:P$2000,A9,Granen!T$6:T$2000)+SUMIF(Gist!P$6:P$2000,A9,Gist!T$6:T$2000)+SUMIF(Hop!P$6:P$2000,A9,Hop!T$6:T$2000)+SUMIF(Toevoegingen!P$6:P$2000,A9,Toevoegingen!T$6:T$2000) -> 217.04693 | C9: =SUMIF(Verpakkingen!P$6:P$2000,A9,Verpakkingen!U$6:U$2000) -> 238.81317 | D9: =sum(B9,C9) -> 455.8601
A10: 2023/004 | B10: =SUMIF(Granen!P$6:P$2000,A10,Granen!T$6:T$2000)+SUMIF(Gist!P$6:P$2000,A10,Gist!T$6:T$2000)+SUMIF(Hop!P$6:P$2000,A10,Hop!T$6:T$2000)+SUMIF(Toevoegingen!P$6:P$2000,A10,Toevoegingen!T$6:T$2000) -> 241.38205 | C10: =SUMIF(Verpakkingen!P$6:P$2000,A10,Verpakkingen!U$6:U$2000) -> 265.25441 | D10: =sum(B10,C10) -> 506.63646
A11: 2023/005 | B11: =SUMIF(Granen!P$6:P$2000,A11,Granen!T$6:T$2000)+SUMIF(Gist!P$6:P$2000,A11,Gist!T$6:T$2000)+SUMIF(Hop!P$6:P$2000,A11,Hop!T$6:T$2000)+SUMIF(Toevoegingen!P$6:P$2000,A11,Toevoegingen!T$6:T$2000) -> 182.785 | C11: =SUMIF(Verpakkingen!P$6:P$2000,A11,Verpakkingen!U$6:U$2000) -> 232.11646 | D11: =sum(B11,C11) -> 414.90146
A12: 2023/006 | B12: =SUMIF(Granen!P$6:P$2000,A12,Granen!T$6:T$2000)+SUMIF(Gist!P$6:P$2000,A12,Gist!T$6:T$2000)+SUMIF(Hop!P$6:P$2000,A12,Hop!T$6:T$2000)+SUMIF(Toevoegingen!P$6:P$2000,A12,Toevoegingen!T$6:T$2000) -> 97.7158 | C12: =SUMIF(Verpakkingen!P$6:P$2000,A12,Verpakkingen!U$6:U$2000) -> 0 | D12: =sum(B12,C12) -> 97.7158
A13: 2023/007 | B13: =SUMIF(Granen!P$6:P$2000,A13,Granen!T$6:T$2000)+SUMIF(Gist!P$6:P$2000,A13,Gist!T$6:T$2000)+SUMIF(Hop!P$6:P$2000,A13,Hop!T$6:T$2000)+SUMIF(Toevoegingen!P$6:P$2000,A13,Toevoegingen!T$6:T$2000) -> 72.558 | C13: =SUMIF(Verpakkingen!P$6:P$2000,A13,Verpakkingen!U$6:U$2000) -> 191.80779 | D13: =sum(B13,C13) -> 264.36579
A14: 2023/008 | B14: =SUMIF(Granen!P$6:P$2000,A14,Granen!T$6:T$2000)+SUMIF(Gist!P$6:P$2000,A14,Gist!T$6:T$2000)+SUMIF(Hop!P$6:P$2000,A14,Hop!T$6:T$2000)+SUMIF(Toevoegingen!P$6:P$2000,A14,Toevoegingen!T$6:T$2000) -> 276.052 | C14: =SUMIF(Verpakkingen!P$6:P$2000,A14,Verpakkingen!U$6:U$2000) -> 219.54107 | D14: =sum(B14,C14) -> 495.59307
A15: 2023/009 | B15: =SUMIF(Granen!P$6:P$2000,A15,Granen!T$6:T$2000)+SUMIF(Gist!P$6:P$2000,A15,Gist!T$6:T$2000)+SUMIF(Hop!P$6:P$2000,A15,Hop!T$6:T$2000)+SUMIF(Toevoegingen!P$6:P$2000,A15,Toevoegingen!T$6:T$2000) -> 72.57025 | C15: =SUMIF(Verpakkingen!P$6:P$2000,A15,Verpakkingen!U$6:U$2000) -> 228.085 | D15: =sum(B15,C15) -> 300.65525
A16: 2023/010 | B16: =SUMIF(Granen!P$6:P$2000,A16,Granen!T$6:T$2000)+SUMIF(Gist!P$6:P$2000,A16,Gist!T$6:T$2000)+SUMIF(Hop!P$6:P$2000,A16,Hop!T$6:T$2000)+SUMIF(Toevoegingen!P$6:P$2000,A16,Toevoegingen!T$6:T$2000) -> 0 | C16: =SUMIF(Verpakkingen!P$6:P$2000,A16,Verpakkingen!U$6:U$2000) -> 188.46554 | D16: =sum(B16,C16) -> 188.46554
A17: 2023/011 | B17: =SUMIF(Granen!P$6:P$2000,A17,Granen!T$6:T$2000)+SUMIF(Gist!P$6:P$2000,A17,Gist!T$6:T$2000)+SUMIF(Hop!P$6:P$2000,A17,Hop!T$6:T$2000)+SUMIF(Toevoegingen!P$6:P$2000,A17,Toevoegingen!T$6:T$2000) -> 169.66705 | C17: =SUMIF(Verpakkingen!P$6:P$2000,A17,Verpakkingen!U$6:U$2000) -> 159.76382 | D17: =sum(B17,C17) -> 329.43087
A18: 2023/012 | B18: =SUMIF(Granen!P$6:P$2000,A18,Granen!T$6:T$2000)+SUMIF(Gist!P$6:P$2000,A18,Gist!T$6:T$2000)+SUMIF(Hop!P$6:P$2000,A18,Hop!T$6:T$2000)+SUMIF(Toevoegingen!P$6:P$2000,A18,Toevoegingen!T$6:T$2000) -> 127.894 | C18: =SUMIF(Verpakkingen!P$6:P$2000,A18,Verpakkingen!U$6:U$2000) -> 192.22588 | D18: =sum(B18,C18) -> 320.11988
... A44: 2025/014 | B44: =SUMIF(Granen!P$6:P$2000,A44,Granen!T$6:T$2000)+SUMIF(Gist!P$6:P$2000,A44,Gist!T$6:T$2000)+SUMIF(Hop!P$6:P$2000,A44,Hop!T$6:T$2000)+SUMIF(Toevoegingen!P$6:P$2000,A44,Toevoegingen!T$6:T$2000) -> 0 | C44: =SUMIF(Verpakkingen!P$6:P$2000,A44,Verpakkingen!U$6:U$2000) -> 0 | D44: =sum(B44,C44) -> 0
B45: =SUMIF(Granen!P$6:P$2000,A45,Granen!T$6:T$2000)+SUMIF(Gist!P$6:P$2000,A45,Gist!T$6:T$2000)+SUMIF(Hop!P$6:P$2000,A45,Hop!T$6:T$2000)+SUMIF(Toevoegingen!P$6:P$2000,A45,Toevoegingen!T$6:T$2000) -> 0 | C45: =SUMIF(Verpakkingen!P$6:P$2000,A45,Verpakkingen!U$6:U$2000) -> 0 | D45: =sum(B45,C45) -> 0
B46: =SUMIF(Granen!P$6:P$2000,A46,Granen!T$6:T$2000)+SUMIF(Gist!P$6:P$2000,A46,Gist!T$6:T$2000)+SUMIF(Hop!P$6:P$2000,A46,Hop!T$6:T$2000)+SUMIF(Toevoegingen!P$6:P$2000,A46,Toevoegingen!T$6:T$2000) -> 0 | C46: =SUMIF(Verpakkingen!P$6:P$2000,A46,Verpakkingen!U$6:U$2000) -> 0 | D46: =sum(B46,C46) -> 0
B47: =SUMIF(Granen!P$6:P$2000,A47,Granen!T$6:T$2000)+SUMIF(Gist!P$6:P$2000,A47,Gist!T$6:T$2000)+SUMIF(Hop!P$6:P$2000,A47,Hop!T$6:T$2000)+SUMIF(Toevoegingen!P$6:P$2000,A47,Toevoegingen!T$6:T$2000) -> 0 | C47: =SUMIF(Verpakkingen!P$6:P$2000,A47,Verpakkingen!U$6:U$2000) -> 0 | D47: =sum(B47,C47) -> 0
B48: =SUMIF(Granen!P$6:P$2000,A48,Granen!T$6:T$2000)+SUMIF(Gist!P$6:P$2000,A48,Gist!T$6:T$2000)+SUMIF(Hop!P$6:P$2000,A48,Hop!T$6:T$2000)+SUMIF(Toevoegingen!P$6:P$2000,A48,Toevoegingen!T$6:T$2000) -> 0 | C48: =SUMIF(Verpakkingen!P$6:P$2000,A48,Verpakkingen!U$6:U$2000) -> 0 | D48: =sum(B48,C48) -> 0
B49: =SUMIF(Granen!P$6:P$2000,A49,Granen!T$6:T$2000)+SUMIF(Gist!P$6:P$2000,A49,Gist!T$6:T$2000)+SUMIF(Hop!P$6:P$2000,A49,Hop!T$6:T$2000)+SUMIF(Toevoegingen!P$6:P$2000,A49,Toevoegingen!T$6:T$2000) -> 0 | C49: =SUMIF(Verpakkingen!P$6:P$2000,A49,Verpakkingen!U$6:U$2000) -> 0 | D49: =sum(B49,C49) -> 0
B50: =SUMIF(Granen!P$6:P$2000,A50,Granen!T$6:T$2000)+SUMIF(Gist!P$6:P$2000,A50,Gist!T$6:T$2000)+SUMIF(Hop!P$6:P$2000,A50,Hop!T$6:T$2000)+SUMIF(Toevoegingen!P$6:P$2000,A50,Toevoegingen!T$6:T$2000) -> 0 | C50: =SUMIF(Verpakkingen!P$6:P$2000,A50,Verpakkingen!U$6:U$2000) -> 0 | D50: =sum(B50,C50) -> 0
B51: =SUMIF(Granen!P$6:P$2000,A51,Granen!T$6:T$2000)+SUMIF(Gist!P$6:P$2000,A51,Gist!T$6:T$2000)+SUMIF(Hop!P$6:P$2000,A51,Hop!T$6:T$2000)+SUMIF(Toevoegingen!P$6:P$2000,A51,Toevoegingen!T$6:T$2000) -> 0 | C51: =SUMIF(Verpakkingen!P$6:P$2000,A51,Verpakkingen!U$6:U$2000) -> 0 | D51: =sum(B51,C51) -> 0
B52: =SUMIF(Granen!P$6:P$2000,A52,Granen!T$6:T$2000)+SUMIF(Gist!P$6:P$2000,A52,Gist!T$6:T$2000)+SUMIF(Hop!P$6:P$2000,A52,Hop!T$6:T$2000)+SUMIF(Toevoegingen!P$6:P$2000,A52,Toevoegingen!T$6:T$2000) -> 0 | C52: =SUMIF(Verpakkingen!P$6:P$2000,A52,Verpakkingen!U$6:U$2000) -> 0 | D52: =sum(B52,C52) -> 0
B53: =SUMIF(Granen!P$6:P$2000,A53,Granen!T$6:T$2000)+SUMIF(Gist!P$6:P$2000,A53,Gist!T$6:T$2000)+SUMIF(Hop!P$6:P$2000,A53,Hop!T$6:T$2000)+SUMIF(Toevoegingen!P$6:P$2000,A53,Toevoegingen!T$6:T$2000) -> 0 | C53: =SUMIF(Verpakkingen!P$6:P$2000,A53,Verpakkingen!U$6:U$2000) -> 0 | D53: =sum(B53,C53) -> 0
B54: =SUMIF(Granen!P$6:P$2000,A54,Granen!T$6:T$2000)+SUMIF(Gist!P$6:P$2000,A54,Gist!T$6:T$2000)+SUMIF(Hop!P$6:P$2000,A54,Hop!T$6:T$2000)+SUMIF(Toevoegingen!P$6:P$2000,A54,Toevoegingen!T$6:T$2000) -> 0 | C54: =SUMIF(Verpakkingen!P$6:P$2000,A54,Verpakkingen!U$6:U$2000) -> 0 | D54: =sum(B54,C54) -> 0
B55: =SUMIF(Granen!P$6:P$2000,A55,Granen!T$6:T$2000)+SUMIF(Gist!P$6:P$2000,A55,Gist!T$6:T$2000)+SUMIF(Hop!P$6:P$2000,A55,Hop!T$6:T$2000)+SUMIF(Toevoegingen!P$6:P$2000,A55,Toevoegingen!T$6:T$2000) -> 0 | C55: =SUMIF(Verpakkingen!P$6:P$2000,A55,Verpakkingen!U$6:U$2000) -> 0 | D55: =sum(B55,C55) -> 0
B56: =SUMIF(Granen!P$6:P$2000,A56,Granen!T$6:T$2000)+SUMIF(Gist!P$6:P$2000,A56,Gist!T$6:T$2000)+SUMIF(Hop!P$6:P$2000,A56,Hop!T$6:T$2000)+SUMIF(Toevoegingen!P$6:P$2000,A56,Toevoegingen!T$6:T$2000) -> 0 | C56: =SUMIF(Verpakkingen!P$6:P$2000,A56,Verpakkingen!U$6:U$2000) -> 0 | D56: =sum(B56,C56) -> 0
... B100: =SUMIF(Granen!P$6:P$2000,A100,Granen!T$6:T$2000)+SUMIF(Gist!P$6:P$2000,A100,Gist!T$6:T$2000)+SUMIF(Hop!P$6:P$2000,A100,Hop!T$6:T$2000)+SUMIF(Toevoegingen!P$6:P$2000,A100,Toevoegingen!T$6:T$2000) -> 0 | C100: =SUMIF(Verpakkingen!P$6:P$2000,A100,Verpakkingen!U$6:U$2000) -> 0 | D100: =sum(B100,C100) -> 0

Sheet Granen
A1: Granen
A3: IN | P3: OUT
A5: Nr inslagbon | B5: Factuur nummer | C5: Naam ontvanger | D5: Datum | E5: Leverancier | F5: Fabricant | G5: Soort | H5: Lot | I5: Houdbaar tot | J5: Hoeveelheid [kg] | K5: Kostprijs [€] | L5: Afwijking? | M5: Actie? | N5: Opmerkingen | P5: Nr Brouwsel | Q5: Datum | R5: Soort | S5: Hoeveelheid [kg] | T5: Kostprijs [€] | U5: Lot
B6: A2023007 | C6: Tom | D6: 45009 | E6: Hof Ten Dormaal | G6: Pilsmout | H6: 23-004 | I6: 45658 | J6: 50 | K6: =26*1.21 -> 31.46 | P6: 2023/001 | Q6: 45015 | R6: Pilsmout | S6: 40 | T6: =IF(ISBLANK(U6),"",VLOOKUP($U6,$H$6:$K$2000,4,FALSE)/VLOOKUP(U6,$H$6:$K$2000,3,FALSE)*$S6) -> 25.168 | U6: 23-004
B7: A2023007 | C7: Tom | D7: 45009 | E7: Hof Ten Dormaal | G7: Tarwemout | H7: 23-011 | I7: 45689 | J7: 25 | K7: 25.65 | P7: 2023/002 | Q7: 45015 | R7: Pilsmout | S7: 10 | T7: =IF(ISBLANK(U7),"",VLOOKUP($U7,$H$6:$K$2000,4,FALSE)/VLOOKUP(U7,$H$6:$K$2000,3,FALSE)*$S7) -> 6.292 | U7: 23-004
B8: A2023007 | C8: Tom | D8: 45009 | E8: Hof Ten Dormaal | G8: Tarwemout | H8: 23-008 | I8: 45689 | J8: 25 | K8: 25.65 | P8: 2023/001 | Q8: 45015 | R8: Tarwemout | S8: 20 | T8: =IF(ISBLANK(U8),"",VLOOKUP($U8,$H$6:$K$2000,4,FALSE)/VLOOKUP(U8,$H$6:$K$2000,3,FALSE)*$S8) -> 20.52 | U8: 23-011
B9: A2023007 | C9: Tom | D9: 45009 | E9: Hof Ten Dormaal | G9: Munich | H9: 22-086 | I9: 45505 | J9: 75 | K9: 78.23 | P9: 2023/002 | Q9: 45015 | R9: Tarwemout | S9: 5 | T9: =IF(ISBLANK(U9),"",VLOOKUP($U9,$H$6:$K$2000,4,FALSE)/VLOOKUP(U9,$H$6:$K$2000,3,FALSE)*$S9) -> 5.13 | U9: 23-011
A10: 372012518 | B10: A2023005 | C10: Sibren | D10: 45013 | E10: Brouwland | F10: Weyermann | G10: CaraAroma | H10: Y017 | I10: 45552 | J10: 25 | K10: 40.55 | L10: Verpakking | M10: Rechtzetting | N10: verpakking gescheurd | P10: 2023/003 | Q10: 45020 | R10: Tarwemout | S10: 9.1 | T10: =IF(ISBLANK(U10),"",VLOOKUP($U10,$H$6:$K$2000,4,FALSE)/VLOOKUP(U10,$H$6:$K$2000,3,FALSE)*$S10) -> 9.3366 | U10: 23-008
B11: A2023007 | C11: Tom | D11: 45009 | E11: Hof Ten Dormaal | G11: Witte Haver | H11: 22-016 | I11: 45352 | J11: 25 | K11: 12.72 | P11: 2023/003 | Q11: 45020 | R11: Munich | S11: 50 | T11: =IF(ISBLANK(U11),"",VLOOKUP($U11,$H$6:$K$2000,4,FALSE)/VLOOKUP(U11,$H$6:$K$2000,3,FALSE)*$S11) -> 52.153333 | U11: 22-086
A12: 372012518 | B12: A2023005 | C12: Sibren | D12: 45013 | E12: Brouwland | F12: Castle Malting | G12: CaraGold | H12: M221200246 | I12: 45645 | J12: 25 | K12: 33.95 | P12: 2023/003 | Q12: 45020 | R12: CaraAroma | S12: 12.5 | T12: =IF(ISBLANK(U12),"",VLOOKUP($U12,$H$6:$K$2000,4,FALSE)/VLOOKUP(U12,$H$6:$K$2000,3,FALSE)*$S12) -> 20.275 | U12: Y017
A13: 372012518 | B13: A2023005 | C13: Sibren | D13: 45013 | E13: Brouwland | F13: Viking | G13: CaraBody | H13: BA/2022-01-27/cb | I13: 45538 | J13: 5 | K13: 13.35 | P13: 2023/003 | Q13: 45020 | R13: Witte Haver | S13: 5 | T13: =IF(ISBLANK(U13),"",VLOOKUP($U13,$H$6:$K$2000,4,FALSE)/VLOOKUP(U13,$H$6:$K$2000,3,FALSE)*$S13) -> 2.544 | U13: 22-016
A14: 372012518 | B14: A2023005 | C14: Sibren | D14: 45013 | E14: Brouwland | G14: Biscuit | H14: BA/M221000179 | I14: 45452 | J14: 5 | K14: 11.35 | P14: 2023/003 | Q14: 45020 | R14: CaraGold | S14: 12 | T14: =IF(ISBLANK(U14),"",VLOOKUP($U14,$H$6:$K$2000,4,FALSE)/VLOOKUP(U14,$H$6:$K$2000,3,FALSE)*$S14) -> 16.296 | U14: M221200246
A15: 372012518 | B15: A2023005 | C15: Sibren | D15: 45013 | E15: Brouwland | G15: Biscuit | H15: BA/M230100326 | I15: 45545 | J15: 1 | K15: 6 | P15: 2023/001 | Q15: 45015 | R15: CaraBody | S15: 4 | T15: =IF(ISBLANK(U15),"",VLOOKUP($U15,$H$6:$K$2000,4,FALSE)/VLOOKUP(U15,$H$6:$K$2000,3,FALSE)*$S15) -> 10.68 | U15: BA/2022-01-27/cb
A16: 372012518 | B16: A2023005 | C16: Sibren | D16: 45013 | E16: Brouwland | G16: Chocolate Dark | H16: BA/20221010/C212 | I16: 45521 | J16: 5 | K16: 14.62 | P16: 2023/002 | Q16: 45015 | R16: CaraBody | S16: 1 | T16: =IF(ISBLANK(U16),"",VLOOKUP($U16,$H$6:$K$2000,4,FALSE)/VLOOKUP(U16,$H$6:$K$2000,3,FALSE)*$S16) -> 2.67 | U16: BA/2022-01-27/cb
A17: 372012518 | B17: A2023005 | C17: Sibren | D17: 45013 | E17: Brouwland | G17: Chocolate Dark | H17: BA/20221010/CZ12 | I17: 45528 | J17: 1 | K17: 3.68 | P17: 2023/003 | Q17: 45020 | R17: Biscuit | S17: 5 | T17: =IF(ISBLANK(U17),"",VLOOKUP($U17,$H$6:$K$2000,4,FALSE)/VLOOKUP(U17,$H$6:$K$2000,3,FALSE)*$S17) -> 11.35 | U17: BA/M221000179
B18: A2023014 | C18: Tom | D18: 45083 | E18: Hof Ten Dormaal | G18: Pilsmout | H18: 22-120 | I18: 45536 | J18: 50 | K18: 48.76 | P18: 2023/003 | Q18: 45020 | R18: Chocolate Dark | S18: 5 | T18: =IF(ISBLANK(U18),"",VLOOKUP($U18,$H$6:$K$2000,4,FALSE)/VLOOKUP(U18,$H$6:$K$2000,3,FALSE)*$S18) -> 14.62 | U18: BA/20221010/C212
B19: a2023014 | C19: Tom | D19: 45083 | E19: Hof Ten Dormaal | G19: Tarwe | H19: 22-055 | J19: 25 | K19: 12.72 | P19: 2023/004 | Q19: 45085 | R19: Tarwe | S19: 25 | T19: =IF(ISBLANK(U19),"",VLOOKUP($U19,$H$6:$K$2000,4,FALSE)/VLOOKUP(U19,$H$6:$K$2000,3,FALSE)*$S19) -> 12.72 | U19: 22-055
B20: a2023021 | C20: Sibren | D20: 45104 | E20: Hof Ten Dormaal | G20: Pilsmout | H20: 23-031 | I20: 45809 | J20: 50 | K20: 48.76 | P20: 2023/004 | Q20: 45085 | R20: Pilsmout | S20: 40 | T20: =IF(ISBLANK(U20),"",VLOOKUP($U20,$H$6:$K$2000,4,FALSE)/VLOOKUP(U20,$H$6:$K$2000,3,FALSE)*$S20) -> 39.008 | U20: 22-120
C21: Sibren | D21: 45134 | E21: Hof ten Dormaal | G21: Pilsmout | H21: 22-120 | I21: 45536 | J21: 25 | K21: 24.38 | P21: 2023/005 | Q21: 45113 | R21: Pilsmout | S21: 50 | T21: =IF(ISBLANK(U21),"",VLOOKUP($U21,$H$6:$K$2000,4,FALSE)/VLOOKUP(U21,$H$6:$K$2000,3,FALSE)*$S21) -> 48.76 | U21: 23-031
C22: Sibren | D22: 45134 | E22: Hof ten Dormaal | G22: Tarwe | H22: 22-116 | I22: 45536 | J22: 25 | K22: 10.81 | P22: 2023/005 | Q22: 45113 | R22: Chocolate Dark | S22: 1 | T22: =IF(ISBLANK(U22),"",VLOOKUP($U22,$H$6:$K$2000,4,FALSE)/VLOOKUP(U22,$H$6:$K$2000,3,FALSE)*$S22) -> 3.68 | U22: BA/20221010/CZ12
B23: / | C23: Sibren | D23: 45136 | E23: Bakkerij Apers | G23: Oud brood | H23: / | I23: / | J23: 10 | K23: 0 | P23: 2023/005 | Q23: 45113 | R23: Tarwemout | S23: 5 | T23: =IF(ISBLANK(U23),"",VLOOKUP($U23,$H$6:$K$2000,4,FALSE)/VLOOKUP(U23,$H$6:$K$2000,3,FALSE)*$S23) -> 5.13 | U23: 23-008
B24: A2023045 | D24: 45162 | E24: Hof ten Dormaal | G24: Pilsmout | H24: 23-031 | I24: 45778 | J24: 75 | K24: 73.14 | P24: 2023/005 | Q24: 45113 | R24: CaraAroma | S24: 12.5 | T24: =IF(ISBLANK(U24),"",VLOOKUP($U24,$H$6:$K$2000,4,FALSE)/VLOOKUP(U24,$H$6:$K$2000,3,FALSE)*$S24) -> 20.275 | U24: Y017
B25: A2023045 | D25: 45162 | E25: Hof ten Dormaal | G25: Tarwemout | H25: 23-011 | J25: 25 | K25: 25.65 | P25: 2023/005 | Q25: 45113 | R25: CaraGold | S25: 13 | T25: =IF(ISBLANK(U25),"",VLOOKUP($U25,$H$6:$K$2000,4,FALSE)/VLOOKUP(U25,$H$6:$K$2000,3,FALSE)*$S25) -> 17.654 | U25: M221200246
B26: A2023045 | D26: 45162 | E26: Hof ten Dormaal | G26: Tarwe | H26: 22-116 | I26: 45536 | J26: 25 | K26: 10.81 | P26: 2023/005 | Q26: 45113 | R26: Biscuit | S26: 1 | T26: =IF(ISBLANK(U26),"",VLOOKUP($U26,$H$6:$K$2000,4,FALSE)/VLOOKUP(U26,$H$6:$K$2000,3,FALSE)*$S26) -> 6 | U26: BA/M230100326
C27: Sibren | D27: 45184 | E27: Brouwland | G27: CaraGold | H27: BA-M230100398 | I27: 45627 | J27: 5 | K27: 10.1 | P27: - | Q27: - | R27: Witte Haver | S27: 20 | T27: =IF(ISBLANK(U27),"",VLOOKUP($U27,$H$6:$K$2000,4,FALSE)/VLOOKUP(U27,$H$6:$K$2000,3,FALSE)*$S27) -> 10.176 | U27: 22-016 | V27: Uit stock gehaald na QC
D28: 45224 | E28: Hof ten Dormaal | G28: Pilsmout | H28: 23-041 | I28: 45870 | J28: 50 | K28: =2*24.38 -> 48.76 | P28: 2023/006 | Q28: 45141 | R28: Pilsmout | S28: 35 | T28: =IF(ISBLANK(U28),"",VLOOKUP($U28,$H$6:$K$2000,4,FALSE)/VLOOKUP(U28,$H$6:$K$2000,3,FALSE)*$S28) -> 34.132 | U28: 22-120
D29: 45224 | E29: Hof ten Dormaal | G29: Tarwe | H29: 23-042 | I29: 45870 | J29: 25 | K29: 12.72 | P29: 2023/006 | Q29: 45141 | R29: Tarwe | S29: 20 | T29: =IF(ISBLANK(U29),"",VLOOKUP($U29,$H$6:$K$2000,4,FALSE)/VLOOKUP(U29,$H$6:$K$2000,3,FALSE)*$S29) -> 8.648 | U29: 22-116
C30: Sibren | D30: 45258 | E30: Hof ten Dormaal | G30: Pilsmout | H30: 23-041 | I30: 45870 | J30: 75 | K30: =3*24.38 -> 73.14 | P30: 2023/006 | Q30: 45141 | R30: Tarwemout | S30: 10 | T30: =IF(ISBLANK(U30),"",VLOOKUP($U30,$H$6:$K$2000,4,FALSE)/VLOOKUP(U30,$H$6:$K$2000,3,FALSE)*$S30) -> 10.26 | U30: 23-008
D31: 45252 | E31: Brouwland | G31: Biscuit | H31: BAM230700063 | I31: 45717 | J31: 10 | K31: 20.59 | P31: 2023/006 | Q31: 45141 | R31: Oud brood | S31: 10 | T31: =IF(ISBLANK(U31),"",VLOOKUP($U31,$H$6:$K$2000,4,FALSE)/VLOOKUP(U31,$H$6:$K$2000,3,FALSE)*$S31) -> 0 | U31: /
D32: 45252 | E32: Brouwland | G32: Witte Haver | H32: 20240311 | I32: 45352 | J32: 15 | K32: 23.49 | P32: 2023/007 | Q32: 45169 | R32: Tarwe | S32: 20 | T32: =IF(ISBLANK(U32),"",VLOOKUP($U32,$H$6:$K$2000,4,FALSE)/VLOOKUP(U32,$H$6:$K$2000,3,FALSE)*$S32) -> 8.648 | U32: 22-116
D33: 45303 | E33: Brouwland | G33: Chocolate Dark | H33: BAZR070113198 | I33: 45792 | J33: 3 | K33: 7.75 | P33: 2023/007 | Q33: 45169 | R33: Pilsmout | S33: 50 | T33: =IF(ISBLANK(U33),"",VLOOKUP($U33,$H$6:$K$2000,4,FALSE)/VLOOKUP(U33,$H$6:$K$2000,3,FALSE)*$S33) -> 48.76 | U33: 23-031
D34: 45303 | E34: Brouwland | G34: CaraAroma | H34: BA-Y292 | I34: 45969 | J34: 10 | K34: 26.15 | P34: 2023/008 | Q34: 45204 | R34: CaraGold | S34: 5 | T34: =IF(ISBLANK(U34),"",VLOOKUP($U34,$H$6:$K$2000,4,FALSE)/VLOOKUP(U34,$H$6:$K$2000,3,FALSE)*$S34) -> 10.1 | U34: BA-M230100398
D35: 45303 | E35: Brouwland | G35: Biscuit | H35: BA-M230900019 | I35: 45801 | J35: 10 | K35: 20.6 | P35: 2023/008 | Q35: 45204 | R35: Pilsmout | S35: 25 | T35: =IF(ISBLANK(U35),"",VLOOKUP($U35,$H$6:$K$2000,4,FALSE)/VLOOKUP(U35,$H$6:$K$2000,3,FALSE)*$S35) -> 24.38 | U35: 23-031
D36: 45296 | E36: Hof ten Dormaal | G36: Pilsmout | H36: 22-120 | I36: 45536 | J36: 100 | K36: 96 | P36: 2023/008 | Q36: 45204 | R36: Tarwemout | S36: 25 | T36: =IF(ISBLANK(U36),"",VLOOKUP($U36,$H$6:$K$2000,4,FALSE)/VLOOKUP(U36,$H$6:$K$2000,3,FALSE)*$S36) -> 25.65 | U36: 23-011
D37: 45296 | E37: Hof ten Dormaal | G37: Tarwe | H37: 23-042 | I37: 45870 | J37: 25 | K37: 12.5 | P37: 2023/008 | Q37: 45204 | R37: Tarwe | S37: 5 | T37: =IF(ISBLANK(U37),"",VLOOKUP($U37,$H$6:$K$2000,4,FALSE)/VLOOKUP(U37,$H$6:$K$2000,3,FALSE)*$S37) -> 2.162 | U37: 22-116
D38: 45303 | E38: Brouwland | F38: Chateau | G38: Tarwemout | H38: M231000327 | I38: 45963 | J38: 25 | K38: 26.35 | P38: 2023/009 | Q38: 45231 | R38: Tarwe | S38: 25 | T38: =IF(ISBLANK(U38),"",VLOOKUP($U38,$H$6:$K$2000,4,FALSE)/VLOOKUP(U38,$H$6:$K$2000,3,FALSE)*$S38) -> 12.72 | U38: 23-042
D39: 45303 | E39: Brouwland | G39: Havervlokken | H39: 2402250 | I39: 46005 | J39: 25 | K39: 29.1 | P39: 2023/009 | Q39: 45231 | R39: Pilsmout | S39: 40 | T39: =IF(ISBLANK(U39),"",VLOOKUP($U39,$H$6:$K$2000,4,FALSE)/VLOOKUP(U39,$H$6:$K$2000,3,FALSE)*$S39) -> 39.008 | U39: 23-041
D40: 45303 | E40: Brouwland | F40: Weyermann | G40: CaraAmber | H40: Y264 | I40: 45737 | J40: 25 | K40: 36.65 | P40: 2023/011 | Q40: 45259 | R40: Pilsmout | S40: 64 | T40: =IF(ISBLANK(U40),"",VLOOKUP($U40,$H$6:$K$2000,4,FALSE)/VLOOKUP(U40,$H$6:$K$2000,3,FALSE)*$S40) -> 62.4128 | U40: 23-041
D41: 45287 | E41: Brouwland | G41: Caramel 30 | H41: BA-2023-05-04/90 | I41: 45801 | J41: 5 | K41: 10.6 | P41: 2023/011 | Q41: 45259 | R41: Tarwe | S41: 5 | T41: =IF(ISBLANK(U41),"",VLOOKUP($U41,$H$6:$K$2000,4,FALSE)/VLOOKUP(U41,$H$6:$K$2000,3,FALSE)*$S41) -> 2.544 | U41: 23-042
D42: 45336 | E42: Hof ten Dormaal | G42: Pilsmout | H42: 22-120 | I42: 45536 | J42: 125 | K42: =96/4*5 -> 120 | P42: 2023/011 | Q42: 45259 | R42: Biscuit | S42: 10 | T42: =IF(ISBLANK(U42),"",VLOOKUP($U42,$H$6:$K$2000,4,FALSE)/VLOOKUP(U42,$H$6:$K$2000,3,FALSE)*$S42) -> 20.59 | U42: BAM230700063
D43: 45336 | E43: Hof ten Dormaal | G43: Tarwe | H43: 24-008 | I43: 46054 | J43: 100 | K43: =12.5*4 -> 50 | P43: 2023/011 | Q43: 45259 | R43: Witte Haver | S43: 15 | T43: =IF(ISBLANK(U43),"",VLOOKUP($U43,$H$6:$K$2000,4,FALSE)/VLOOKUP(U43,$H$6:$K$2000,3,FALSE)*$S43) -> 23.49 | U43: 20240311
D44: 45370 | E44: fermentationculture.eu | F44: Luvi Fermente | G44: parelgerst | H44: AT-BIO-401 | I44: 45595 | J44: 2 | K44: 8.5 | P44: 2024/001 | Q44: 45315 | R44: Pilsmout | S44: 50 | T44: =IF(ISBLANK(U44),"",VLOOKUP($U44,$H$6:$K$2000,4,FALSE)/VLOOKUP(U44,$H$6:$K$2000,3,FALSE)*$S44) -> 48.76 | U44: 22-120
C45: Sibren | D45: 45420 | E45: Brouwerij de Coureur | F45: Mouterij Dingemans | G45: Cara 50 MD | H45: 10862.1 | I45: 45938 | J45: 25 | K45: =25*1.06 -> 26.5 | P45: 2024/001 | Q45: 45315 | R45: Tarwemout | S45: 12.5 | T45: =IF(ISBLANK(U45),"",VLOOKUP($U45,$H$6:$K$2000,4,FALSE)/VLOOKUP(U45,$H$6:$K$2000,3,FALSE)*$S45) -> 13.175 | U45: M231000327
D46: 45455 | E46: Brouwland | F46: Belgomalt | G46: Pilsmout | H46: 23.12050.M1.0060-70 | I46: 45566 | J46: 25 | K46: 23.16 | P46: 2024/001 | Q46: 45315 | R46: Tarwe | S46: 12.5 | T46: =IF(ISBLANK(U46),"",VLOOKUP($U46,$H$6:$K$2000,4,FALSE)/VLOOKUP(U46,$H$6:$K$2000,3,FALSE)*$S46) -> 6.36 | U46: 23-042
D47: 45455 | E47: Brouwland | F47: Belgomalt | G47: Pilsmout | H47: 2341000972 | I47: 45870 | J47: 25 | K47: 23.98 | N47: lot moeilijk leesbaar | P47: 2024/001 | Q47: 45315 | R47: Caramel 30 | S47: 5 | T47: =IF(ISBLANK(U47),"",VLOOKUP($U47,$H$6:$K$2000,4,FALSE)/VLOOKUP(U47,$H$6:$K$2000,3,FALSE)*$S47) -> 10.6 | U47: BA-2023-05-04/90
D48: 45455 | E48: Brouwland | F48: Malterie du chateau | G48: Tarwemout | H48: M231000327 | I48: 45963 | J48: 25 | K48: 24.28 | P48: 2023/012 | Q48: 45287 | R48: Pilsmout | S48: 45 | T48: =IF(ISBLANK(U48),"",VLOOKUP($U48,$H$6:$K$2000,4,FALSE)/VLOOKUP(U48,$H$6:$K$2000,3,FALSE)*$S48) -> 43.884 | U48: 22-120
D49: 45477 | E49: Asia & More | F49: Misako | G49: Sushi rijst | H49: 46076 | I49: 46076 | J49: 10 | K49: 29.5 | P49: 2023/012 | Q49: 45287 | R49: Tarwe | S49: 25 | T49: =IF(ISBLANK(U49),"",VLOOKUP($U49,$H$6:$K$2000,4,FALSE)/VLOOKUP(U49,$H$6:$K$2000,3,FALSE)*$S49) -> 12.72 | U49: 23-042
D50: 45477 | E50: ASia & More | F50: Misako | G50: Sushi rijst | H50: 46471 | I50: 46471 | J50: 5 | K50: 14.5 | P50: 2024/003 | Q50: 45378 | R50: Havervlokken | S50: 5 | T50: =IF(ISBLANK(U50),"",VLOOKUP($U50,$H$6:$K$2000,4,FALSE)/VLOOKUP(U50,$H$6:$K$2000,3,FALSE)*$S50) -> 5.82 | U50: 2402250
D51: 45483 | E51: Hof ten Dormaal | G51: Pilsmout | H51: 24-017 | I51: 46113 | J51: 75 | K51: 73.14 | P51: 2024/003 | Q51: 45378 | R51: Pilsmout | S51: 50 | T51: =IF(ISBLANK(U51),"",VLOOKUP($U51,$H$6:$K$2000,4,FALSE)/VLOOKUP(U51,$H$6:$K$2000,3,FALSE)*$S51) -> 48.76 | U51: 22-120
D52: 45483 | E52: Hof ten Dormaal | G52: Tarwemout | H52: 24-015 | I52: 46113 | J52: 25 | K52: 25.65 | P52: 2024/003 | Q52: 45378 | R52: Tarwe | S52: 25 | T52: =IF(ISBLANK(U52),"",VLOOKUP($U52,$H$6:$K$2000,4,FALSE)/VLOOKUP(U52,$H$6:$K$2000,3,FALSE)*$S52) -> 12.5 | U52: 24-008
D53: 45545 | E53: Delhaize | F53: Delhaize | G53: Havervlokken | H53: PRO20710_2 | I53: 45848 | J53: 4.8 | K53: 9.3 | P53: 2024/003 | Q53: 45378 | R53: CaraAmber | S53: 5 | T53: =IF(ISBLANK(U53),"",VLOOKUP($U53,$H$6:$K$2000,4,FALSE)/VLOOKUP(U53,$H$6:$K$2000,3,FALSE)*$S53) -> 7.33 | U53: Y264
D54: 45602 | E54: Hof ten Dormaal | G54: Tarwemout | H54: 24/015 | I54: 46113 | J54: 75 | K54: 76.96 | P54: 2024/004 | Q54: 45399 | R54: Pilsmout | S54: 50 | T54: =IF(ISBLANK(U54),"",VLOOKUP($U54,$H$6:$K$2000,4,FALSE)/VLOOKUP(U54,$H$6:$K$2000,3,FALSE)*$S54) -> 48.76 | U54: 22-120
D55: 45602 | E55: Hof ten Dormaal | G55: Tarwe | H55: 24/008 | I55: 46054 | J55: 25 | K55: 12.72 | P55: 2024/004 | Q55: 45399 | R55: Tarwe | S55: 25 | T55: =IF(ISBLANK(U55),"",VLOOKUP($U55,$H$6:$K$2000,4,FALSE)/VLOOKUP(U55,$H$6:$K$2000,3,FALSE)*$S55) -> 12.5 | U55: 24-008
D56: 45602 | E56: Hof ten Dormaal | G56: Pilsmout | H56: 24/023 | I56: 46204 | J56: 125 | K56: 121.9 | P56: 2024/004 | Q56: 45399 | R56: Havervlokken | S56: 5 | T56: =IF(ISBLANK(U56),"",VLOOKUP($U56,$H$6:$K$2000,4,FALSE)/VLOOKUP(U56,$H$6:$K$2000,3,FALSE)*$S56) -> 5.82 | U56: 2402250
D57: 45608 | E57: Delhaize | F57: Delhaize | G57: Havervlokken | H57: 14282491 | I57: 45942 | J57: 3 | K57: 4 | P57: 2024/004 | Q57: 45399 | R57: CaraAmber | S57: 5 | T57: =IF(ISBLANK(U57),"",VLOOKUP($U57,$H$6:$K$2000,4,FALSE)/VLOOKUP(U57,$H$6:$K$2000,3,FALSE)*$S57) -> 7.33 | U57: Y264
D58: 45608 | E58: Colruyt | F58: Everyday | G58: Havervlokken | H58: 14296491 | I58: 45587 | J58: 3 | K58: 4 | P58: 2024/004 | Q58: 45399 | R58: parelgerst | S58: 1 | T58: =IF(ISBLANK(U58),"",VLOOKUP($U58,$H$6:$K$2000,4,FALSE)/VLOOKUP(U58,$H$6:$K$2000,3,FALSE)*$S58) -> 4.25 | U58: AT-BIO-401
D59: 45644 | E59: Hof ten Dormaal | G59: Pilsmout | H59: 46366 | I59: 46366 | J59: 75 | K59: 73.14 | P59: 2024/005 | Q59: 45427 | R59: Cara 50 MD | S59: 5 | T59: =IF(ISBLANK(U59),"",VLOOKUP($U59,$H$6:$K$2000,4,FALSE)/VLOOKUP(U59,$H$6:$K$2000,3,FALSE)*$S59) -> 5.3 | U59: 10862.1
D60: 45644 | E60: Hof ten Dormaal | G60: Tarwemout | H60: 24-015 | I60: 46113 | J60: 25 | K60: 25.65 | P60: 2024/005 | Q60: 45427 | R60: Munich | S60: 10 | T60: =IF(ISBLANK(U60),"",VLOOKUP($U60,$H$6:$K$2000,4,FALSE)/VLOOKUP(U60,$H$6:$K$2000,3,FALSE)*$S60) -> 10.430667 | U60: 22-086
D61: 45644 | E61: Hof ten Dormaal | G61: Spelt | H61: 46306 | I61: 46306 | J61: 20 | K61: 8.48 | P61: 2024/005 | Q61: 45427 | R61: Pilsmout | S61: 41.2 | T61: =IF(ISBLANK(U61),"",VLOOKUP($U61,$H$6:$K$2000,4,FALSE)/VLOOKUP(U61,$H$6:$K$2000,3,FALSE)*$S61) -> 40.17824 | U61: 22-120
D62: 45707 | E62: Hof ten Dormaal | G62: Pilsmout | H62: 46384 | I62: 46384 | J62: 150 | K62: 150 | P62: 2024/005 | Q62: 45427 | R62: Tarwemout | S62: 4 | T62: =IF(ISBLANK(U62),"",VLOOKUP($U62,$H$6:$K$2000,4,FALSE)/VLOOKUP(U62,$H$6:$K$2000,3,FALSE)*$S62) -> 4.216 | U62: M231000327
D63: 45708 | E63: Brouwland | F63: Maselis | G63: Havervlokken | H63: 20250206 0016 1035 | I63: 45874 | J63: 25 | K63: 30 | P63: 2024/005 | Q63: 45427 | R63: Tarwe | S63: 20 | T63: =IF(ISBLANK(U63),"",VLOOKUP($U63,$H$6:$K$2000,4,FALSE)/VLOOKUP(U63,$H$6:$K$2000,3,FALSE)*$S63) -> 10 | U63: 24-008
D64: 45708 | E64: Brouwland | F64: Malterie du chateau | G64: Biscuit | H64: M2410000751 | I64: 46302 | J64: 25 | K64: 33 | P64: 2024/006 | Q64: 45461 | R64: Pilsmout | S64: 25 | T64: =IF(ISBLANK(U64),"",VLOOKUP($U64,$H$6:$K$2000,4,FALSE)/VLOOKUP(U64,$H$6:$K$2000,3,FALSE)*$S64) -> 23.16 | U64: 23.12050.M1.0060-70
D65: 45791 | E65: Hof ten Dormaal | G65: Tarwemout | H65: 24-015 | I65: 46113 | J65: 25 | K65: 25 | P65: 2024/006 | Q65: 45461 | R65: Pilsmout | S65: 25 | T65: =IF(ISBLANK(U65),"",VLOOKUP($U65,$H$6:$K$2000,4,FALSE)/VLOOKUP(U65,$H$6:$K$2000,3,FALSE)*$S65) -> 23.98 | U65: 2341000972
D66: 45791 | E66: Hof ten Dormaal | G66: Pilsmout | H66: 46384 | I66: 46384 | J66: 50 | K66: 48 | P66: 2024/006 | Q66: 45461 | R66: Tarwemout | S66: 10 | T66: =IF(ISBLANK(U66),"",VLOOKUP($U66,$H$6:$K$2000,4,FALSE)/VLOOKUP(U66,$H$6:$K$2000,3,FALSE)*$S66) -> 10.54 | U66: M231000327
D67: 45796 | E67: Brouwland | F67: Brewferm | G67: rijsthulzen | H67: 461002642 | I67: nvt | J67: 1 | K67: 10 | P67: 2024/006 | Q67: 45461 | R67: Munich | S67: 10 | T67: =IF(ISBLANK(U67),"",VLOOKUP($U67,$H$6:$K$2000,4,FALSE)/VLOOKUP(U67,$H$6:$K$2000,3,FALSE)*$S67) -> 10.430667 | U67: 22-086
D68: 45829 | E68: Brouwland | F68: Brewferm | G68: rijsthulzen | H68: B1RB-2013325 | I68: 46143 | J68: 20 | K68: 14 | P68: 2024/006 | Q68: 45461 | R68: Chocolate Dark | S68: 3 | T68: =IF(ISBLANK(U68),"",VLOOKUP($U68,$H$6:$K$2000,4,FALSE)/VLOOKUP(U68,$H$6:$K$2000,3,FALSE)*$S68) -> 7.75 | U68: BAZR070113198
D69: 45829 | E69: Brouwland | F69: Maselis | G69: Havervlokken | H69: 2505220422240 | I69: 45982 | J69: 25 | K69: 27.54 | P69: 2024/006 | Q69: 45461 | R69: CaraAroma | S69: 5 | T69: =IF(ISBLANK(U69),"",VLOOKUP($U69,$H$6:$K$2000,4,FALSE)/VLOOKUP(U69,$H$6:$K$2000,3,FALSE)*$S69) -> 13.075 | U69: BA-Y292
D70: 45829 | E70: Hof ten Dormaal | G70: Tarwemout | H70: 24-015 | I70: 46113 | J70: 50 | K70: 50 | P70: 2024/006 | Q70: 45461 | R70: Biscuit | S70: 10 | T70: =IF(ISBLANK(U70),"",VLOOKUP($U70,$H$6:$K$2000,4,FALSE)/VLOOKUP(U70,$H$6:$K$2000,3,FALSE)*$S70) -> 20.6 | U70: BA-M230900019
D71: 45829 | E71: Hof ten Dormaal | G71: Tarwe | H71: 24/008 | I71: 45992 | J71: 25 | K71: 12 | P71: 2024/006 | Q71: 45461 | R71: Havervlokken | S71: 10 | T71: =IF(ISBLANK(U71),"",VLOOKUP($U71,$H$6:$K$2000,4,FALSE)/VLOOKUP(U71,$H$6:$K$2000,3,FALSE)*$S71) -> 11.64 | U71: 2402250
D72: 45829 | E72: Hof ten Dormaal | G72: Pilsmout | H72: 46384 | I72: 46384 | J72: 75 | K72: 72 | P72: 2024/006 | Q72: 45461 | R72: Cara 50 MD | S72: 10 | T72: =IF(ISBLANK(U72),"",VLOOKUP($U72,$H$6:$K$2000,4,FALSE)/VLOOKUP(U72,$H$6:$K$2000,3,FALSE)*$S72) -> 10.6 | U72: 10862.1
D73: 45928 | E73: Hof ten Dormaal | F73: Hof ten Dormaal | G73: Pilsmout | H73: 46384 | I73: 46384 | J73: 100 | K73: 96 | P73: 2024/007 | Q73: 45491 | R73: Pilsmout | S73: 40 | T73: =IF(ISBLANK(U73),"",VLOOKUP($U73,$H$6:$K$2000,4,FALSE)/VLOOKUP(U73,$H$6:$K$2000,3,FALSE)*$S73) -> 39.008 | U73: 24-017
D74: 45928 | E74: Hof ten Dormaal | F74: Hof ten Dormaal | G74: Tarwemout | H74: 46275 | I74: 46275 | J74: 50 | K74: 48 | P74: 2024/007 | Q74: 45491 | R74: Sushi rijst | S74: 10 | T74: =IF(ISBLANK(U74),"",VLOOKUP($U74,$H$6:$K$2000,4,FALSE)/VLOOKUP(U74,$H$6:$K$2000,3,FALSE)*$S74) -> 29.5 | U74: 46076
D75: 45928 | E75: Hof ten Dormaal | F75: Hof ten Dormaal | G75: Tarwe | H75: 46314 | I75: 46314 | J75: 25 | K75: 12 | P75: 2024/007 | Q75: 45491 | R75: Sushi rijst | S75: 5 | T75: =IF(ISBLANK(U75),"",VLOOKUP($U75,$H$6:$K$2000,4,FALSE)/VLOOKUP(U75,$H$6:$K$2000,3,FALSE)*$S75) -> 14.5 | U75: 46471
D76: 45929 | E76: Brouwland | F76: Maselis | G76: Havervlokken | H76: 250825 1158 219 | I76: 46165 | J76: 25 | K76: 27.5 | P76: 2024/008 | Q76: 45553 | R76: Pilsmout | S76: 25 | T76: =IF(ISBLANK(U76),"",VLOOKUP($U76,$H$6:$K$2000,4,FALSE)/VLOOKUP(U76,$H$6:$K$2000,3,FALSE)*$S76) -> 24.38 | U76: 24-017
D77: 45952 | E77: Hof ten Dormaal | F77: Hof ten Dormaal | G77: Pilsmout | H77: 46384 | I77: 46384 | J77: 125 | K77: 121.9 | P77: 2024/008 | Q77: 45553 | R77: Tarwemout | S77: 12.5 | T77: =IF(ISBLANK(U77),"",VLOOKUP($U77,$H$6:$K$2000,4,FALSE)/VLOOKUP(U77,$H$6:$K$2000,3,FALSE)*$S77) -> 13.175 | U77: M231000327
D78: 45953 | E78: Brouwland | G78: Carafa Special | H78: BAB156 | I78: 46446 | J78: 5 | K78: 13.29 | P78: 2024/008 | Q78: 45553 | R78: Havervlokken | S78: 4.8 | T78: =IF(ISBLANK(U78),"",VLOOKUP($U78,$H$6:$K$2000,4,FALSE)/VLOOKUP(U78,$H$6:$K$2000,3,FALSE)*$S78) -> 9.3 | U78: PRO20710_2
D79: 45669 | E79: LV Janssens - Dormaalhof | G79: Pilsmout | H79: 46384 | I79: 46384 | J79: 125 | K79: 115 | P79: 2024/008 | Q79: 45553 | R79: Cara 50 MD | S79: 2 | T79: =IF(ISBLANK(U79),"",VLOOKUP($U79,$H$6:$K$2000,4,FALSE)/VLOOKUP(U79,$H$6:$K$2000,3,FALSE)*$S79) -> 2.12 | U79: 10862.1
D80: 45669 | E80: LV Janssens - Dormaalhof | G80: Tarwemout | H80: 46314 | I80: 46314 | J80: 75 | K80: 72.6 | P80: 2024/009 | Q80: 45609 | R80: Pilsmout | S80: 50 | T80: =IF(ISBLANK(U80),"",VLOOKUP($U80,$H$6:$K$2000,4,FALSE)/VLOOKUP(U80,$H$6:$K$2000,3,FALSE)*$S80) -> 48.76 | U80: 24/023
P81: 2024/009 | Q81: 45609 | R81: Tarwemout | S81: 30 | T81: =IF(ISBLANK(U81),"",VLOOKUP($U81,$H$6:$K$2000,4,FALSE)/VLOOKUP(U81,$H$6:$K$2000,3,FALSE)*$S81) -> 30.784 | U81: 24/015
P82: 2024/009 | Q82: 45609 | R82: Cara 50 MD | S82: 5 | T82: =IF(ISBLANK(U82),"",VLOOKUP($U82,$H$6:$K$2000,4,FALSE)/VLOOKUP(U82,$H$6:$K$2000,3,FALSE)*$S82) -> 5.3 | U82: 10862.1
P83: 2024/009 | Q83: 45609 | R83: Havervlokken | S83: 3 | T83: =IF(ISBLANK(U83),"",VLOOKUP($U83,$H$6:$K$2000,4,FALSE)/VLOOKUP(U83,$H$6:$K$2000,3,FALSE)*$S83) -> 4 | U83: 14282491
P84: 2024/009 | Q84: 45609 | R84: Havervlokken | S84: 3 | T84: =IF(ISBLANK(U84),"",VLOOKUP($U84,$H$6:$K$2000,4,FALSE)/VLOOKUP(U84,$H$6:$K$2000,3,FALSE)*$S84) -> 4 | U84: 14296491
P85: 2024/010 | Q85: 45630 | R85: Tarwemout | S85: 20 | T85: =IF(ISBLANK(U85),"",VLOOKUP($U85,$H$6:$K$2000,4,FALSE)/VLOOKUP(U85,$H$6:$K$2000,3,FALSE)*$S85) -> 20.522667 | U85: 24/015
P86: 2024/010 | Q86: 45630 | R86: Pilsmout | S86: 35 | T86: =IF(ISBLANK(U86),"",VLOOKUP($U86,$H$6:$K$2000,4,FALSE)/VLOOKUP(U86,$H$6:$K$2000,3,FALSE)*$S86) -> 34.132 | U86: 24/023
P87: 2024/011 | Q87: 45653 | R87: Pilsmout | S87: 50 | T87: =IF(ISBLANK(U87),"",VLOOKUP($U87,$H$6:$K$2000,4,FALSE)/VLOOKUP(U87,$H$6:$K$2000,3,FALSE)*$S87) -> 48.76 | U87: 24/023
P88: 2024/011 | Q88: 45653 | R88: Tarwemout | S88: 12.5 | T88: =IF(ISBLANK(U88),"",VLOOKUP($U88,$H$6:$K$2000,4,FALSE)/VLOOKUP(U88,$H$6:$K$2000,3,FALSE)*$S88) -> 12.826667 | U88: 24/015
P89: 2024/011 | Q89: 45653 | R89: Tarwe | S89: 12.5 | T89: =IF(ISBLANK(U89),"",VLOOKUP($U89,$H$6:$K$2000,4,FALSE)/VLOOKUP(U89,$H$6:$K$2000,3,FALSE)*$S89) -> 6.36 | U89: 24/008
P90: 2024/011 | Q90: 45653 | R90: CaraAmber | S90: 5 | T90: =IF(ISBLANK(U90),"",VLOOKUP($U90,$H$6:$K$2000,4,FALSE)/VLOOKUP(U90,$H$6:$K$2000,3,FALSE)*$S90) -> 7.33 | U90: Y264
P91: waterschade | Q91: 45672 | R91: Tarwemout | S91: 25 | T91: =IF(ISBLANK(U91),"",VLOOKUP($U91,$H$6:$K$2000,4,FALSE)/VLOOKUP(U91,$H$6:$K$2000,3,FALSE)*$S91) -> 25.65 | U91: 24-015
P92: waterschade | Q92: 45672 | R92: Pilsmout | S92: 34.8 | T92: =IF(ISBLANK(U92),"",VLOOKUP($U92,$H$6:$K$2000,4,FALSE)/VLOOKUP(U92,$H$6:$K$2000,3,FALSE)*$S92) -> 33.93696 | U92: 46366
P93: vervallen | Q93: 45672 | R93: Munich | S93: 5 | T93: =IF(ISBLANK(U93),"",VLOOKUP($U93,$H$6:$K$2000,4,FALSE)/VLOOKUP(U93,$H$6:$K$2000,3,FALSE)*$S93) -> 5.2153333 | U93: 22-086
P94: waterschade | Q94: 45672 | R94: Cara 50 MD | S94: 3 | T94: =IF(ISBLANK(U94),"",VLOOKUP($U94,$H$6:$K$2000,4,FALSE)/VLOOKUP(U94,$H$6:$K$2000,3,FALSE)*$S94) -> 3.18 | U94: 10862.1
P95: waterschade | Q95: 45672 | R95: Havervlokken | S95: 5 | T95: =IF(ISBLANK(U95),"",VLOOKUP($U95,$H$6:$K$2000,4,FALSE)/VLOOKUP(U95,$H$6:$K$2000,3,FALSE)*$S95) -> 5.82 | U95: 2402250
P96: 2025/001 | Q96: 45679 | R96: Pilsmout | S96: 30 | T96: =IF(ISBLANK(U96),"",VLOOKUP($U96,$H$6:$K$2000,4,FALSE)/VLOOKUP(U96,$H$6:$K$2000,3,FALSE)*$S96) -> 29.256 | U96: 46366
P97: 2025/001 | Q97: 45679 | R97: Tarwemout | S97: 10 | T97: =IF(ISBLANK(U97),"",VLOOKUP($U97,$H$6:$K$2000,4,FALSE)/VLOOKUP(U97,$H$6:$K$2000,3,FALSE)*$S97) -> 10.26 | U97: 24-015
P98: 2025/001 | Q98: 45679 | R98: Tarwe | S98: 20 | T98: =IF(ISBLANK(U98),"",VLOOKUP($U98,$H$6:$K$2000,4,FALSE)/VLOOKUP(U98,$H$6:$K$2000,3,FALSE)*$S98) -> 10.176 | U98: 24/008
P99: 2025/002 | Q99: 45714 | R99: Pilsmout | S99: 70 | T99: =IF(ISBLANK(U99),"",VLOOKUP($U99,$H$6:$K$2000,4,FALSE)/VLOOKUP(U99,$H$6:$K$2000,3,FALSE)*$S99) -> 70 | U99: 46384
P100: 2025/002 | Q100: 45714 | R100: Havervlokken | S100: 10 | T100: =IF(ISBLANK(U100),"",VLOOKUP($U100,$H$6:$K$2000,4,FALSE)/VLOOKUP(U100,$H$6:$K$2000,3,FALSE)*$S100) -> 12 | U100: 20250206 0016 1035
P101: 2025/002 | Q101: 45714 | R101: Biscuit | S101: 5 | T101: =IF(ISBLANK(U101),"",VLOOKUP($U101,$H$6:$K$2000,4,FALSE)/VLOOKUP(U101,$H$6:$K$2000,3,FALSE)*$S101) -> 6.6 | U101: M2410000751
P102: 2025/002 | Q102: 45714 | R102: Tarwemout | S102: 10 | T102: =IF(ISBLANK(U102),"",VLOOKUP($U102,$H$6:$K$2000,4,FALSE)/VLOOKUP(U102,$H$6:$K$2000,3,FALSE)*$S102) -> 10.26 | U102: 24-015
...

Sheet Gist
A1: Gist
A3: IN | P3: OUT
A5: Nr inslagbon | B5: Factuur nummer | C5: Naam ontvanger | D5: Datum | E5: Leverancier | F5: Fabricant | G5: Soort | H5: Lot | I5: Houdbaar tot | J5: Hoeveelheid [kg] | K5: Kostprijs [€] | L5: Afwijking? | M5: Actie? | N5: Opmerkingen | P5: Nr Brouwsel | Q5: Datum | R5: Soort | S5: Hoeveelheid [kg] | T5: Kostprijs [€] | U5: Lot
B6: A2023005 | C6: Sibren | D6: 45013 | E6: Brouwland | F6: Lallemand | G6: Verdant IPA | H6: 45806741027711X | I6: 45689 | J6: 0.055 | K6: =17.88*1.06 -> 18.9528 | P6: 2023/002 | Q6: 45015 | R6: Verdant IPA | S6: 0.055 | T6: =IF(ISBLANK(U6),"",VLOOKUP($U6,$H$6:$K$2000,4,FALSE)/VLOOKUP(U6,$H$6:$K$2000,3,FALSE)*$S6) -> 18.9528 | U6: 45806741027711X
B7: A2023005 | C7: Sibren | D7: 45013 | E7: Brouwland | F7: Fermentis | G7: LP652 | H7: 2203741590926 | I7: 45809 | J7: 0.1 | K7: =78.65*1.06 -> 83.369 | P7: 2023/001 | Q7: 45015 | R7: LP652 | S7: 0.025 | T7: =IF(ISBLANK(U7),"",VLOOKUP($U7,$H$6:$K$2000,4,FALSE)/VLOOKUP(U7,$H$6:$K$2000,3,FALSE)*$S7) -> 20.84225 | U7: 2203741590926
B8: / | C8: Sibren | D8: 45017 | E8: Coureur | F8: Fermentis | G8: S-04 | H8: 2000657 KB | I8: 45261 | J8: 0.2 | K8: 0 | P8: 2023/001 | Q8: 45018 | R8: S-04 | S8: 0.2 | T8: =IF(ISBLANK(U8),"",VLOOKUP($U8,$H$6:$K$2000,4,FALSE)/VLOOKUP(U8,$H$6:$K$2000,3,FALSE)*$S8) -> 0 | U8: 2000657 KB
B9: A2023012 | C9: Sibren | D9: 45076 | E9: Brouwland | F9: Fermentis | G9: WB-06 | H9: 262381 | I9: 04/25 | J9: 0.5 | K9: =1.06*68.06 -> 72.1436 | P9: 2023/004 | Q9: 45086 | R9: WB-06 | S9: 0.25 | T9: =IF(ISBLANK(U9),"",VLOOKUP($U9,$H$6:$K$2000,4,FALSE)/VLOOKUP(U9,$H$6:$K$2000,3,FALSE)*$S9) -> 36.0718 | U9: 262381
B10: A2023030 | C10: Sibren | D10: 45111 | E10: HVB | F10: Fermentis | G10: BE-256 | H10: 2200597 | I10: 45778 | J10: 0.5 | K10: =1.06*62 -> 65.72 | P10: 2023/004 | Q10: 45085 | R10: LP652 | S10: 0.025 | T10: =IF(ISBLANK(U10),"",VLOOKUP($U10,$H$6:$K$2000,4,FALSE)/VLOOKUP(U10,$H$6:$K$2000,3,FALSE)*$S10) -> 20.84225 | U10: 2203741590926
C11: Sibren | D11: 45337 | E11: Brouwland | F11: Fermentis | G11: LP652 | H11: 2203741590926 | I11: 45809 | J11: 0.1 | K11: =78.65*1.06 -> 83.369 | P11: 2023/005 | Q11: 45114 | R11: BE-256 | S11: 0.25 | T11: =IF(ISBLANK(U11),"",VLOOKUP($U11,$H$6:$K$2000,4,FALSE)/VLOOKUP(U11,$H$6:$K$2000,3,FALSE)*$S11) -> 32.86 | U11: 2200597
C12: Sibren | D12: 45295 | E12: De coureur | F12: Fermentis | G12: S-33 | H12: AJH7200848 | I12: 45809 | J12: 0.4 | K12: 0 | N12: rest van de coureur | P12: 2023/006 | Q12: 45141 | R12: WB-06 | S12: 0.25 | T12: =IF(ISBLANK(U12),"",VLOOKUP($U12,$H$6:$K$2000,4,FALSE)/VLOOKUP(U12,$H$6:$K$2000,3,FALSE)*$S12) -> 36.0718 | U12: 262381
C13: Sibren | D13: 45295 | E13: De coureur | F13: Fermentis | G13: US-05 | H13: AJH152201209 | I13: 45809 | J13: 0.2 | K13: 0 | N13: rest van de coureur | P13: 2023/009 | Q13: 45231 | R13: LP652 | S13: 0.025 | T13: =IF(ISBLANK(U13),"",VLOOKUP($U13,$H$6:$K$2000,4,FALSE)/VLOOKUP(U13,$H$6:$K$2000,3,FALSE)*$S13) -> 20.84225 | U13: 2203741590926
C14: Sibren | D14: 45420 | E14: De coureur | F14: Fermentis | G14: S-04 | H14: AJH52300276 | I14: 46081 | J14: 0.5 | K14: =44*1.06 -> 46.64 | P14: 2023/011 | Q14: 45259 | R14: BE-256 | S14: 0.25 | T14: =IF(ISBLANK(U14),"",VLOOKUP($U14,$H$6:$K$2000,4,FALSE)/VLOOKUP(U14,$H$6:$K$2000,3,FALSE)*$S14) -> 32.86 | U14: 2200597
C15: Sibren | D15: 45420 | E15: De coureur | F15: Lallemand | G15: Voss Kveik | H15: 45708840430611V | I15: 45900 | J15: 0.5 | K15: =87*1.06 -> 92.22 | P15: 2024/001 | Q15: 45315 | R15: LP652 | S15: 0.025 | T15: =IF(ISBLANK(U15),"",VLOOKUP($U15,$H$6:$K$2000,4,FALSE)/VLOOKUP(U15,$H$6:$K$2000,3,FALSE)*$S15) -> 20.84225 | U15: 2203741590926
C16: Sibren | D16: 45483 | E16: Luvi Fermente | G16: Aspergillus Luchuensis | H16: 46256 | I16: 45627 | J16: 0.003 | K16: 26.23 | P16: 2024/003 | Q16: 45378 | R16: LP652 | S16: 0.025 | T16: =IF(ISBLANK(U16),"",VLOOKUP($U16,$H$6:$K$2000,4,FALSE)/VLOOKUP(U16,$H$6:$K$2000,3,FALSE)*$S16) -> 20.84225 | U16: 2203741590926
D17: 45609 | E17: Brouwland | F17: Fermentis | G17: US-05 | H17: AJ H5 2301006 | I17: 46266 | J17: 0.5 | K17: =51.9*1.21 -> 62.799 | P17: 2024/003 | Q17: 45380 | R17: S-33 | S17: 0.2 | T17: =IF(ISBLANK(U17),"",VLOOKUP($U17,$H$6:$K$2000,4,FALSE)/VLOOKUP(U17,$H$6:$K$2000,3,FALSE)*$S17) -> 0 | U17: AJH7200848
D18: 45609 | E18: Brouwland | F18: Fermentis | G18: LP652 | H18: 220633311 1959 | I18: 45962 | J18: 0.1 | K18: =74.77*1.21 -> 90.4717 | P18: 2024/004 | Q18: 45399 | R18: LP652 | S18: 0.025 | T18: =IF(ISBLANK(U18),"",VLOOKUP($U18,$H$6:$K$2000,4,FALSE)/VLOOKUP(U18,$H$6:$K$2000,3,FALSE)*$S18) -> 20.84225 | U18: 2203741590926
D19: 45624 | E19: Brouwland | F19: Fermentis | G19: BE-134 | H19: bl2200001a | I19: 45839 | J19: 0.5 | K19: 71.55 | P19: 2024/004 | Q19: 45401 | R19: US-05 | S19: 0.2 | T19: =IF(ISBLANK(U19),"",VLOOKUP($U19,$H$6:$K$2000,4,FALSE)/VLOOKUP(U19,$H$6:$K$2000,3,FALSE)*$S19) -> 0 | U19: AJH152201209
D20: 45681 | E20: De Coureur | F20: Fermentis | G20: S-33 | H20: HJH32300349 | I20: 46111 | J20: 0.5 | K20: 45 | P20: 2024/005 | Q20: 45427 | R20: LP652 | S20: 0.025 | T20: =IF(ISBLANK(U20),"",VLOOKUP($U20,$H$6:$K$2000,4,FALSE)/VLOOKUP(U20,$H$6:$K$2000,3,FALSE)*$S20) -> 20.84225 | U20: 2203741590926
D21: 45582 | E21: Brouwland | F21: Mangrove Jack | G21: cider M02 | H21: MAC202500067 | I21: 46537 | J21: 0.25 | K21: 36.5 | P21: 2024/005 | Q21: 45427 | R21: Voss Kveik | S21: 0.125 | T21: =IF(ISBLANK(U21),"",VLOOKUP($U21,$H$6:$K$2000,4,FALSE)/VLOOKUP(U21,$H$6:$K$2000,3,FALSE)*$S21) -> 23.055 | U21: 45708840430611V
D22: 45867 | E22: Brouwerij De Coureur | F22: Fermentis | G22: S-04 | H22: H6AJ24VI0488 | I22: 46508 | J22: 0.5 | K22: 50 | P22: 2024/006 | Q22: 45461 | R22: Voss Kveik | S22: 0.125 | T22: =IF(ISBLANK(U22),"",VLOOKUP($U22,$H$6:$K$2000,4,FALSE)/VLOOKUP(U22,$H$6:$K$2000,3,FALSE)*$S22) -> 23.055 | U22: 45708840430611V
D23: 45995 | E23: Brouwland BV | F23: WHC Lab | G23: Apres-Ski | H23: WHCAS3072414 | I23: 46204 | J23: 0.5 | K23: 65 | P23: 2024/007 | Q23: 45483 | R23: Aspergillus Luchuensis | S23: 0.003 | T23: =IF(ISBLANK(U23),"",VLOOKUP($U23,$H$6:$K$2000,4,FALSE)/VLOOKUP(U23,$H$6:$K$2000,3,FALSE)*$S23) -> 26.23 | U23: 46256
D24: 45674 | E24: Brouwerij De Coureur | F24: Fermentis | G24: BE-134 | H24: BL2300001A | I24: 46104 | J24: 0.5 | K24: 64 | P24: 2024/008 | Q24: 45553 | R24: LP652 | S24: 0.025 | T24: =IF(ISBLANK(U24),"",VLOOKUP($U24,$H$6:$K$2000,4,FALSE)/VLOOKUP(U24,$H$6:$K$2000,3,FALSE)*$S24) -> 20.84225 | U24: 2203741590926
P25: 2024/008 | Q25: 45555 | R25: S-04 | S25: 0.125 | T25: =IF(ISBLANK(U25),"",VLOOKUP($U25,$H$6:$K$2000,4,FALSE)/VLOOKUP(U25,$H$6:$K$2000,3,FALSE)*$S25) -> 11.66 | U25: AJH52300276
P26: 2024/009 | Q26: 45609 | R26: LP652 | S26: 0.013 | T26: =IF(ISBLANK(U26),"",VLOOKUP($U26,$H$6:$K$2000,4,FALSE)/VLOOKUP(U26,$H$6:$K$2000,3,FALSE)*$S26) -> 11.761321 | U26: 220633311 1959
P27: 2024/009 | Q27: 45609 | R27: US-05 | S27: 0.125 | T27: =IF(ISBLANK(U27),"",VLOOKUP($U27,$H$6:$K$2000,4,FALSE)/VLOOKUP(U27,$H$6:$K$2000,3,FALSE)*$S27) -> 15.69975 | U27: AJ H5 2301006
P28: 2024/011 | Q28: 45653 | R28: S-33 | S28: 0.2 | T28: =IF(ISBLANK(U28),"",VLOOKUP($U28,$H$6:$K$2000,4,FALSE)/VLOOKUP(U28,$H$6:$K$2000,3,FALSE)*$S28) -> 0 | U28: AJH7200848
P29: 2024/011 | Q29: 45653 | R29: LP652 | S29: 0.013 | T29: =IF(ISBLANK(U29),"",VLOOKUP($U29,$H$6:$K$2000,4,FALSE)/VLOOKUP(U29,$H$6:$K$2000,3,FALSE)*$S29) -> 10.83797 | U29: 2203741590926
P30: 2025/001 | Q30: 45679 | R30: BE-134 | S30: 0.125 | T30: =IF(ISBLANK(U30),"",VLOOKUP($U30,$H$6:$K$2000,4,FALSE)/VLOOKUP(U30,$H$6:$K$2000,3,FALSE)*$S30) -> 17.8875 | U30: bl2200001a
P31: 2024/010 | Q31: 45630 | R31: BE-134 | S31: 0.125 | T31: =IF(ISBLANK(U31),"",VLOOKUP($U31,$H$6:$K$2000,4,FALSE)/VLOOKUP(U31,$H$6:$K$2000,3,FALSE)*$S31) -> 17.8875 | U31: bl2200001a
P32: 2025/001 | Q32: 45707 | R32: cider M02 | S32: 0.25 | T32: =IF(ISBLANK(U32),"",VLOOKUP($U32,$H$6:$K$2000,4,FALSE)/VLOOKUP(U32,$H$6:$K$2000,3,FALSE)*$S32) -> 36.5 | U32: MAC202500067
P33: 2025/002 | Q33: 45714 | R33: Voss Kveik | S33: 0.125 | T33: =IF(ISBLANK(U33),"",VLOOKUP($U33,$H$6:$K$2000,4,FALSE)/VLOOKUP(U33,$H$6:$K$2000,3,FALSE)*$S33) -> 23.055 | U33: 45708840430611V
P34: 2025/003 | Q34: 45742 | R34: BE-134 | S34: 0.125 | T34: =IF(ISBLANK(U34),"",VLOOKUP($U34,$H$6:$K$2000,4,FALSE)/VLOOKUP(U34,$H$6:$K$2000,3,FALSE)*$S34) -> 17.8875 | U34: bl2200001a
P35: 2025/004 | Q35: 45763 | R35: S-04 | S35: 0.125 | T35: =IF(ISBLANK(U35),"",VLOOKUP($U35,$H$6:$K$2000,4,FALSE)/VLOOKUP(U35,$H$6:$K$2000,3,FALSE)*$S35) -> 11.66 | U35: AJH52300276
P36: 2025/005 | Q36: 45798 | R36: LP652 | S36: 0.013 | T36: =IF(ISBLANK(U36),"",VLOOKUP($U36,$H$6:$K$2000,4,FALSE)/VLOOKUP(U36,$H$6:$K$2000,3,FALSE)*$S36) -> 10.83797 | U36: 2203741590926
P37: 2025/005 | Q37: 45800 | R37: S-04 | S37: 0.125 | T37: =IF(ISBLANK(U37),"",VLOOKUP($U37,$H$6:$K$2000,4,FALSE)/VLOOKUP(U37,$H$6:$K$2000,3,FALSE)*$S37) -> 11.66 | U37: AJH52300276
P38: 2025/007 | Q38: 45903 | R38: BE-134 | S38: 0.125 | T38: =IF(ISBLANK(U38),"",VLOOKUP($U38,$H$6:$K$2000,4,FALSE)/VLOOKUP(U38,$H$6:$K$2000,3,FALSE)*$S38) -> 17.8875 | U38: bl2200001a
P39: 2025/008 | Q39: 45924 | R39: LP652 | S39: 0.013 | T39: =IF(ISBLANK(U39),"",VLOOKUP($U39,$H$6:$K$2000,4,FALSE)/VLOOKUP(U39,$H$6:$K$2000,3,FALSE)*$S39) -> 10.83797 | U39: 2203741590926
P40: 2025/008 | Q40: 45924 | R40: Voss Kveik | S40: 0.125 | T40: =IF(ISBLANK(U40),"",VLOOKUP($U40,$H$6:$K$2000,4,FALSE)/VLOOKUP(U40,$H$6:$K$2000,3,FALSE)*$S40) -> 23.055 | U40: 45708840430611V
P41: 2025/009 | Q41: 45931 | R41: Voss Kveik | S41: repitch | T41: 0 | U41: 2025/008
P42: 2025/009 | Q42: 45931 | R42: LP652 | S42: repitch | T42: 0 | U42: 2025/008
P43: 2025/010 | Q43: 45959 | R43: S-33 | S43: 0.125 | T43: =IF(ISBLANK(U43),"",VLOOKUP($U43,$H$6:$K$2000,4,FALSE)/VLOOKUP(U43,$H$6:$K$2000,3,FALSE)*$S43) -> 11.25 | U43: HJH32300349
P44: 2025/011 | Q44: 46020 | R44: LP652 | S44: 0.013 | T44: =IF(ISBLANK(U44),"",VLOOKUP($U44,$H$6:$K$2000,4,FALSE)/VLOOKUP(U44,$H$6:$K$2000,3,FALSE)*$S44) -> 10.83797 | U44: 2203741590926
P45: 2025/011 | Q45: 46022 | R45: WB-06 | S45: 0 | T45: =IF(ISBLANK(U45),"",VLOOKUP($U45,$H$6:$K$2000,4,FALSE)/VLOOKUP(U45,$H$6:$K$2000,3,FALSE)*$S45) -> 0 | U45: 262381
P46: 2026/001 | Q46: 46043 | R46: Apres-Ski | S46: 0.5 | T46: =IF(ISBLANK(U46),"",VLOOKUP($U46,$H$6:$K$2000,4,FALSE)/VLOOKUP(U46,$H$6:$K$2000,3,FALSE)*$S46) -> 65 | U46: WHCAS3072414
P47: 2026/002 | Q47: 46078 | R47: LP652 | S47: 0.018 | T47: =IF(ISBLANK(U47),"",VLOOKUP($U47,$H$6:$K$2000,4,FALSE)/VLOOKUP(U47,$H$6:$K$2000,3,FALSE)*$S47) -> 15.00642 | U47: 2203741590926
T48: =IF(ISBLANK(U48),"",VLOOKUP($U48,$H$6:$K$2000,4,FALSE)/VLOOKUP(U48,$H$6:$K$2000,3,FALSE)*$S48)
T49: =IF(ISBLANK(U49),"",VLOOKUP($U49,$H$6:$K$2000,4,FALSE)/VLOOKUP(U49,$H$6:$K$2000,3,FALSE)*$S49)
T50: =IF(ISBLANK(U50),"",VLOOKUP($U50,$H$6:$K$2000,4,FALSE)/VLOOKUP(U50,$H$6:$K$2000,3,FALSE)*$S50)
T51: =IF(ISBLANK(U51),"",VLOOKUP($U51,$H$6:$K$2000,4,FALSE)/VLOOKUP(U51,$H$6:$K$2000,3,FALSE)*$S51)
T52: =IF(ISBLANK(U52),"",VLOOKUP($U52,$H$6:$K$2000,4,FALSE)/VLOOKUP(U52,$H$6:$K$2000,3,FALSE)*$S52)
T53: =IF(ISBLANK(U53),"",VLOOKUP($U53,$H$6:$K$2000,4,FALSE)/VLOOKUP(U53,$H$6:$K$2000,3,FALSE)*$S53)
T54: =IF(ISBLANK(U54),"",VLOOKUP($U54,$H$6:$K$2000,4,FALSE)/VLOOKUP(U54,$H$6:$K$2000,3,FALSE)*$S54)
T55: =IF(ISBLANK(U55),"",VLOOKUP($U55,$H$6:$K$2000,4,FALSE)/VLOOKUP(U55,$H$6:$K$2000,3,FALSE)*$S55)
T56: =IF(ISBLANK(U56),"",VLOOKUP($U56,$H$6:$K$2000,4,FALSE)/VLOOKUP(U56,$H$6:$K$2000,3,FALSE)*$S56)
T57: =IF(ISBLANK(U57),"",VLOOKUP($U57,$H$6:$K$2000,4,FALSE)/VLOOKUP(U57,$H$6:$K$2000,3,FALSE)*$S57)
T58: =IF(ISBLANK(U58),"",VLOOKUP($U58,$H$6:$K$2000,4,FALSE)/VLOOKUP(U58,$H$6:$K$2000,3,FALSE)*$S58)
T59: =IF(ISBLANK(U59),"",VLOOKUP($U59,$H$6:$K$2000,4,FALSE)/VLOOKUP(U59,$H$6:$K$2000,3,FALSE)*$S59)
... T70: =IF(ISBLANK(U70),"",VLOOKUP($U70,$H$6:$K$2000,4,FALSE)/VLOOKUP(U70,$H$6:$K$2000,3,FALSE)*$S70)

Sheet Hop
A1: Hop
A3: IN | P3: OUT
A5: Nr inslagbon | B5: Factuur nummer | C5: Naam ontvanger | D5: Datum | E5: Leverancier | F5: Fabricant | G5: Soort | H5: Lot | I5: Houdbaar tot | J5: Hoeveelheid [kg] | K5: Kostprijs [€] | L5: Afwijking? | M5: Actie? | N5: Opmerkingen | P5: Nr Brouwsel | Q5: Datum | R5: Soort | S5: Hoeveelheid [kg] | T5: Kostprijs [€] | U5: Lot
A6: 372012518 | B6: A2023005 | C6: Sibren | D6: 45013 | E6: Brouwland | G6: Mandarina Bavaria | H6: 22-0125 | I6: 46022 | J6: 1 | K6: 21.82 | P6: 2023/001 | Q6: 45015 | R6: Mandarina Bavaria | S6: 0.4 | T6: =IF(ISBLANK(U6),"",VLOOKUP($U6,$H$6:$K$2000,4,FALSE)/VLOOKUP(U6,$H$6:$K$2000,3,FALSE)*$S6) -> 8.728 | U6: 22-0125
A7: 372012518 | B7: A2023005 | C7: Sibren | D7: 45013 | E7: Brouwland | G7: Galaxy | H7: VX16 | I7: 45754 | J7: 0.2 | K7: 15.92 | P7: 2023/003 | Q7: 45020 | R7: Mandarina Bavaria | S7: 0.6 | T7: =IF(ISBLANK(U7),"",VLOOKUP($U7,$H$6:$K$2000,4,FALSE)/VLOOKUP(U7,$H$6:$K$2000,3,FALSE)*$S7) -> 13.092 | U7: 22-0125
A8: 372012518 | B8: A2023005 | C8: Sibren | D8: 45013 | E8: Brouwland | G8: Idaho7 | H8: 1809 | I8: 45291 | J8: 0.1 | K8: 6.59 | P8: 2023/002 | Q8: 45015 | R8: Galaxy | S8: 0.2 | T8: =IF(ISBLANK(U8),"",VLOOKUP($U8,$H$6:$K$2000,4,FALSE)/VLOOKUP(U8,$H$6:$K$2000,3,FALSE)*$S8) -> 15.92 | U8: VX16
A9: 372012518 | B9: A2023005 | C9: Sibren | D9: 45013 | E9: Brouwland | G9: Citra | H9: 1809 | I9: 45291 | J9: 0.1 | K9: 8.95 | P9: 2023/002 | Q9: 45015 | R9: Idaho7 | S9: 0.1 | T9: =IF(ISBLANK(U9),"",VLOOKUP($U9,$H$6:$K$2000,4,FALSE)/VLOOKUP(U9,$H$6:$K$2000,3,FALSE)*$S9) -> 6.59 | U9: 1809
B10: A2023012 | C10: Sibren | D10: 45075 | E10: Brouwland | G10: Styrian Dana | H10: HPP2095-01 | I10: 46053 | J10: 0.4 | K10: 15.24 | P10: 2023/002 | Q10: 45015 | R10: Citra | S10: 0.1 | T10: =IF(ISBLANK(U10),"",VLOOKUP($U10,$H$6:$K$2000,4,FALSE)/VLOOKUP(U10,$H$6:$K$2000,3,FALSE)*$S10) -> 6.59 | U10: 1809
B11: A2023021 | C11: Sibren | D11: 45104 | E11: Hof Ten Dormaal | G11: Magnum | H11: Magnum 2022 | J11: 1 | K11: 21.2 | P11: 2023/004 | Q11: 45106 | R11: Styrian Dana | S11: 0.4 | T11: =IF(ISBLANK(U11),"",VLOOKUP($U11,$H$6:$K$2000,4,FALSE)/VLOOKUP(U11,$H$6:$K$2000,3,FALSE)*$S11) -> 15.24 | U11: HPP2095-01
B12: A2023036 | C12: Sibren | D12: 45139 | E12: Brouwland | G12: Mandarina Bavaria | H12: 22-0125 | I12: 46418 | J12: 0.4 | K12: 12 | P12: 2023/005 | Q12: 45113 | R12: Magnum | S12: 0.6 | T12: =IF(ISBLANK(U12),"",VLOOKUP($U12,$H$6:$K$2000,4,FALSE)/VLOOKUP(U12,$H$6:$K$2000,3,FALSE)*$S12) -> 12.72 | U12: Magnum 2022
B13: A2023036 | C13: Sibren | D13: 45139 | E13: Brouwland | G13: Hallertau Blanc | H13: 22-481 | I13: 46022 | J13: 0.4 | K13: 10.91 | P13: 2023/006 | Q13: 45141 | R13: Mandarina Bavaria | S13: 0.2 | T13: =IF(ISBLANK(U13),"",VLOOKUP($U13,$H$6:$K$2000,4,FALSE)/VLOOKUP(U13,$H$6:$K$2000,3,FALSE)*$S13) -> 4.364 | U13: 22-0125
B14: A2023036 | C14: Sibren | D14: 45139 | E14: Brouwland | G14: Styrian Dragon | J14: 0.1 | K14: 3.54 | P14: 2023/006 | Q14: 45141 | R14: Magnum | S14: 0.2 | T14: =IF(ISBLANK(U14),"",VLOOKUP($U14,$H$6:$K$2000,4,FALSE)/VLOOKUP(U14,$H$6:$K$2000,3,FALSE)*$S14) -> 4.24 | U14: Magnum 2022
B15: A2023036 | C15: Sibren | D15: 45139 | E15: Brouwland | G15: Calista | H15: 22-567 | J15: 0.2 | K15: 6 | P15: 2023/007 | Q15: 45169 | R15: Hallertau Blanc | S15: 0.4 | T15: =IF(ISBLANK(U15),"",VLOOKUP($U15,$H$6:$K$2000,4,FALSE)/VLOOKUP(U15,$H$6:$K$2000,3,FALSE)*$S15) -> 10.91 | U15: 22-481
B16: A2023036 | C16: Sibren | D16: 45139 | E16: Brouwland | G16: Solero | J16: 0.1 | K16: 3.9 | P16: 2023/007 | Q16: 45169 | R16: Magnum | S16: 0.2 | T16: =IF(ISBLANK(U16),"",VLOOKUP($U16,$H$6:$K$2000,4,FALSE)/VLOOKUP(U16,$H$6:$K$2000,3,FALSE)*$S16) -> 4.24 | U16: Magnum 2022
E17: Brouwland | G17: Hallertau Blanc | H17: 22-0127 | I17: 46022 | J17: 0.2 | K17: =2*2.73 -> 5.46 | P17: 2023/008 | Q17: 45204 | R17: Hallertau Blanc | S17: 0.2 | T17: =IF(ISBLANK(U17),"",VLOOKUP($U17,$H$6:$K$2000,4,FALSE)/VLOOKUP(U17,$H$6:$K$2000,3,FALSE)*$S17) -> 5.46 | U17: 22-0127
E18: Brouwland | G18: Barbe Rouge | H18: 22-0055 | I18: 46356 | J18: 0.4 | K18: 16.94 | P18: 2023/008 | Q18: 45204 | R18: Barbe Rouge | S18: 0.4 | T18: =IF(ISBLANK(U18),"",VLOOKUP($U18,$H$6:$K$2000,4,FALSE)/VLOOKUP(U18,$H$6:$K$2000,3,FALSE)*$S18) -> 16.94 | U18: 22-0055
P19: 2023/011 | Q19: 45259 | R19: Hallertau Blanc | S19: 0.3 | T19: =IF(ISBLANK(U19),"",VLOOKUP($U19,$H$6:$K$2000,4,FALSE)/VLOOKUP(U19,$H$6:$K$2000,3,FALSE)*$S19) -> 8.19 | U19: 22-0127
D20: 45246 | E20: Brouwland | G20: Hallertau Blanc | H20: 22-0127 | I20: 46022 | J20: 0.3 | K20: =3*2.73 -> 8.19 | P20: 2024/001 | Q20: 45322 | R20: Motueka | S20: 1 | T20: =IF(ISBLANK(U20),"",VLOOKUP($U20,$H$6:$K$2000,4,FALSE)/VLOOKUP(U20,$H$6:$K$2000,3,FALSE)*$S20) -> 42.4 | U20: PM22-L01-MOT
E21: Brouwland | G21: Mandarina Bavaria | J21: 0.2 | K21: =1.06*6 -> 6.36 | P21: 2023/012 | Q21: 45287 | R21: Mandarina Bavaria | S21: 1 | T21: =IF(ISBLANK(U21),"",VLOOKUP($U21,$H$6:$K$2000,4,FALSE)/VLOOKUP(U21,$H$6:$K$2000,3,FALSE)*$S21) -> 21.82 | U21: 22-0125
D22: 45303 | E22: Brouwland | G22: Nelson Sauvin | H22: PM22-L01-NS | I22: 45566 | J22: 1 | K22: 43 | P22: 2024/003 | Q22: 45406 | R22: Nelson Sauvin | S22: 1 | T22: =IF(ISBLANK(U22),"",VLOOKUP($U22,$H$6:$K$2000,4,FALSE)/VLOOKUP(U22,$H$6:$K$2000,3,FALSE)*$S22) -> 43 | U22: PM22-L01-NS
D23: 44938 | E23: Brouwland | G23: Barbe Rouge | H23: 22-0055 | I23: 46356 | J23: 0.2 | K23: 8.47 | P23: 2024/004 | Q23: 45437 | R23: Cashmere | S23: 1 | T23: =IF(ISBLANK(U23),"",VLOOKUP($U23,$H$6:$K$2000,4,FALSE)/VLOOKUP(U23,$H$6:$K$2000,3,FALSE)*$S23) -> 42 | U23: 2206
D24: 44938 | E24: Brouwland | G24: Crystal | H24: 2385 | I24: 45948 | J24: 0.2 | K24: 11.3 | P24: 2024/005 | Q24: 45441 | R24: Hallertau Cascade | S24: 1 | T24: =IF(ISBLANK(U24),"",VLOOKUP($U24,$H$6:$K$2000,4,FALSE)/VLOOKUP(U24,$H$6:$K$2000,3,FALSE)*$S24) -> 19.61 | U24: 23-230
D25: 44938 | E25: Brouwland | G25: Cashmere | H25: 2206 | I25: 45657 | J25: 1 | K25: 42 | P25: 2024/006 | Q25: 45461 | R25: Hallertau Blanc | S25: 0.2 | T25: =IF(ISBLANK(U25),"",VLOOKUP($U25,$H$6:$K$2000,4,FALSE)/VLOOKUP(U25,$H$6:$K$2000,3,FALSE)*$S25) -> 3.922 | U25: 23-230
D26: 45287 | E26: Brouwland | G26: Motueka | H26: PM22-L01-MOT | I26: 45566 | J26: 1 | K26: =40*1.06 -> 42.4 | P26: 2024/006 | Q26: 45461 | R26: Barbe Rouge | S26: 0.2 | T26: =IF(ISBLANK(U26),"",VLOOKUP($U26,$H$6:$K$2000,4,FALSE)/VLOOKUP(U26,$H$6:$K$2000,3,FALSE)*$S26) -> 8.47 | U26: 22-0055
D27: 45287 | E27: Brouwland | G27: Hallertau Blanc | H27: 22-0127_1 | I27: 46022 | J27: 1 | K27: 17 | P27: 2024/006 | Q27: 45461 | R27: Crystal | S27: 0.2 | T27: =IF(ISBLANK(U27),"",VLOOKUP($U27,$H$6:$K$2000,4,FALSE)/VLOOKUP(U27,$H$6:$K$2000,3,FALSE)*$S27) -> 11.3 | U27: 2385
D28: 45287 | E28: Brouwland | G28: Mandarina Bavaria | H28: 22-0125 | I28: 46418 | J28: 1 | K28: 21.2 | P28: 2024/007 | Q28: 45491 | R28: Calista | S28: 0.2 | T28: =IF(ISBLANK(U28),"",VLOOKUP($U28,$H$6:$K$2000,4,FALSE)/VLOOKUP(U28,$H$6:$K$2000,3,FALSE)*$S28) -> 6 | U28: 22-567
D29: 45414 | E29: Brouwland | G29: Hallertau Cascade | H29: 23-230 | I29: 46022 | J29: 1 | K29: =18.5*1.06 -> 19.61 | P29: 2024/009 | Q29: 45630 | R29: Barbe Rouge | S29: 1 | T29: =IF(ISBLANK(U29),"",VLOOKUP($U29,$H$6:$K$2000,4,FALSE)/VLOOKUP(U29,$H$6:$K$2000,3,FALSE)*$S29) -> 22.99 | U29: 230023
D30: 45414 | E30: Brouwland | G30: Mandarina Bavaria | H30: 22-0125 | I30: 46418 | J30: 1 | K30: =18.04*1.06 -> 19.1224 | P30: 2024/010 | Q30: 45662 | R30: Bobek | S30: 1 | T30: =IF(ISBLANK(U30),"",VLOOKUP($U30,$H$6:$K$2000,4,FALSE)/VLOOKUP(U30,$H$6:$K$2000,3,FALSE)*$S30) -> 21.9131 | U30: 10124
D31: 45609 | E31: Brouwland | G31: Styrian Kolibri | H31: HPP 2053-01 | I31: 46022 | J31: 1 | K31: =26.44*1.21 -> 31.9924 | P31: 2024/010 | Q31: 45662 | R31: Styrian Kolibri | S31: 1 | T31: =IF(ISBLANK(U31),"",VLOOKUP($U31,$H$6:$K$2000,4,FALSE)/VLOOKUP(U31,$H$6:$K$2000,3,FALSE)*$S31) -> 31.9924 | U31: HPP 2053-01
D32: 45609 | E32: Brouwland | G32: Bobek | H32: 10124 | I32: 46022 | J32: 1 | K32: =18.11*1.21 -> 21.9131 | P32: 2025/001 | Q32: 45679 | R32: Hallertau Blanc | S32: 0.8 | T32: =IF(ISBLANK(U32),"",VLOOKUP($U32,$H$6:$K$2000,4,FALSE)/VLOOKUP(U32,$H$6:$K$2000,3,FALSE)*$S32) -> 13.6 | U32: 22-0127_1
D33: 45609 | E33: Brouwland | G33: Barbe Rouge | H33: 230023 | I33: 46721 | J33: 1 | K33: =19*1.21 -> 22.99 | P33: 2024/011 | Q33: 45686 | R33: Motueka | S33: 1 | T33: =IF(ISBLANK(U33),"",VLOOKUP($U33,$H$6:$K$2000,4,FALSE)/VLOOKUP(U33,$H$6:$K$2000,3,FALSE)*$S33) -> 40 | U33: 4067211180
D34: 45681 | E34: De Coureur | F34: Yakima | G34: Motueka | H34: 4067211180 | I34: 45870 | J34: 1 | K34: 40 | P34: 2025/003 | Q34: 45749 | R34: Mandarina Bavaria | S34: 0.2 | T34: =IF(ISBLANK(U34),"",VLOOKUP($U34,$H$6:$K$2000,4,FALSE)/VLOOKUP(U34,$H$6:$K$2000,3,FALSE)*$S34) -> 4.364 | U34: 22-0125
D35: 45681 | E35: De Coureur | F35: Yakima | G35: Talus | H35: 4067211099 | I35: 45949 | J35: 1 | K35: 38 | P35: 2025/003 | Q35: 45749 | R35: Pacific Jade | S35: 0.2 | T35: =IF(ISBLANK(U35),"",VLOOKUP($U35,$H$6:$K$2000,4,FALSE)/VLOOKUP(U35,$H$6:$K$2000,3,FALSE)*$S35) -> 8.2 | U35: 24DE/2023/10014
D36: 45681 | E36: De Coureur | F36: Yakima | G36: Sabro | H36: 4067211072 | I36: 46333 | J36: 1 | K36: 45 | P36: 2025/003 | Q36: 45749 | R36: Nelson Sauvin | S36: 0.2 | T36: =IF(ISBLANK(U36),"",VLOOKUP($U36,$H$6:$K$2000,4,FALSE)/VLOOKUP(U36,$H$6:$K$2000,3,FALSE)*$S36) -> 9 | U36: L12-NS
D37: 45708 | E37: Brouwland | F37: Brewferm | G37: Pacific Jade | H37: 24DE/2023/10014 | I37: 46123 | J37: 1 | K37: 41 | P37: 2025/003 | Q37: 45781 | R37: Pacific Jade | S37: 0.8 | T37: =IF(ISBLANK(U37),"",VLOOKUP($U37,$H$6:$K$2000,4,FALSE)/VLOOKUP(U37,$H$6:$K$2000,3,FALSE)*$S37) -> 32.8 | U37: 24DE/2023/10014
D38: 45708 | E38: Brouwland | F38: Brewferm | G38: Hallertau Blanc | H38: VA23-0133 | I38: 31-12-0206 | J38: 1 | K38: 19 | P38: 2025/003 | Q38: 45781 | R38: Nelson Sauvin | S38: 0.8 | T38: =IF(ISBLANK(U38),"",VLOOKUP($U38,$H$6:$K$2000,4,FALSE)/VLOOKUP(U38,$H$6:$K$2000,3,FALSE)*$S38) -> 36 | U38: L12-NS
D39: 45747 | E39: Brouwland | F39: Brewferm | G39: Nelson Sauvin | H39: L12-NS | I39: 46471 | J39: 1 | K39: 45 | P39: 2025/004 | Q39: 45805 | R39: Talus | S39: 1 | T39: =IF(ISBLANK(U39),"",VLOOKUP($U39,$H$6:$K$2000,4,FALSE)/VLOOKUP(U39,$H$6:$K$2000,3,FALSE)*$S39) -> 38 | U39: 4067211099
D40: 45829 | E40: Brouwland | F40: Brewferm | G40: Citra | H40: pe01848 | I40: 46446 | J40: 1 | K40: 46 | P40: 2025/004 | Q40: 45805 | R40: Sabro | S40: 1 | T40: =IF(ISBLANK(U40),"",VLOOKUP($U40,$H$6:$K$2000,4,FALSE)/VLOOKUP(U40,$H$6:$K$2000,3,FALSE)*$S40) -> 45 | U40: 4067211072
D41: 45811 | E41: Brouwland | F41: Brewferm | G41: Idaho7 | H41: 2973 | I41: 46716 | J41: 1 | K41: 45.3 | P41: 2025/005 | Q41: 45847 | R41: Idaho7 | S41: 1 | T41: =IF(ISBLANK(U41),"",VLOOKUP($U41,$H$6:$K$2000,4,FALSE)/VLOOKUP(U41,$H$6:$K$2000,3,FALSE)*$S41) -> 45.3 | U41: 2973
E42: HVB | G42: Calista | H42: va23-580 | J42: 5 | K42: 75 | P42: 2025/006 | Q42: 45847 | R42: Citra | S42: 1 | T42: =IF(ISBLANK(U42),"",VLOOKUP($U42,$H$6:$K$2000,4,FALSE)/VLOOKUP(U42,$H$6:$K$2000,3,FALSE)*$S42) -> 46 | U42: pe01848
D43: 45901 | E43: Man & Brouw | G43: Tuinhop | H43: Tuin2025 | I43: 45962 | J43: 4 | K43: 50 | P43: 2025/007 | Q43: 45903 | R43: Hallertau Blanc | S43: 0.4 | T43: =IF(ISBLANK(U43),"",VLOOKUP($U43,$H$6:$K$2000,4,FALSE)/VLOOKUP(U43,$H$6:$K$2000,3,FALSE)*$S43) -> 7.6 | U43: VA23-0133
D44: 45929 | E44: Brouwland | F44: Brewferm | G44: Barbe Rouge | H44: 24-0203 | I44: 46752 | J44: 1 | K44: 26 | P44: 2025/007 | Q44: 45903 | R44: Calista | S44: 0.2 | T44: =IF(ISBLANK(U44),"",VLOOKUP($U44,$H$6:$K$2000,4,FALSE)/VLOOKUP(U44,$H$6:$K$2000,3,FALSE)*$S44) -> 3 | U44: va23-580
D45: 45952 | E45: Brouwland | G45: Ariana | H45: 23-0039 | I45: 46387 | J45: 1 | K45: 18.5 | P45: 2025/007 | Q45: 45931 | R45: Calista | S45: 1 | T45: =IF(ISBLANK(U45),"",VLOOKUP($U45,$H$6:$K$2000,4,FALSE)/VLOOKUP(U45,$H$6:$K$2000,3,FALSE)*$S45) -> 15 | U45: va23-580
D46: 45952 | E46: Brouwland | G46: Tango | H46: VA1-370 | I46: 46387 | J46: 1 | K46: 22 | P46: 2025/008 | Q46: 45938 | R46: Tuinhop | S46: 4 | T46: =IF(ISBLANK(U46),"",VLOOKUP($U46,$H$6:$K$2000,4,FALSE)/VLOOKUP(U46,$H$6:$K$2000,3,FALSE)*$S46) -> 50 | U46: Tuin2025
D47: 46039 | E47: Brouwerij De Coureur | F47: DEH HBC | G47: Hallertau Blanc | H47: 1002282 | I47: crop 2024 | J47: 5 | K47: 75 | P47: 2025/010 | Q47: 45959 | R47: Calista | S47: 0.3 | T47: =IF(ISBLANK(U47),"",VLOOKUP($U47,$H$6:$K$2000,4,FALSE)/VLOOKUP(U47,$H$6:$K$2000,3,FALSE)*$S47) -> 4.5 | U47: va23-580
P48: 2025/010 | Q48: 45959 | R48: Ariana | S48: 0.3 | T48: =IF(ISBLANK(U48),"",VLOOKUP($U48,$H$6:$K$2000,4,FALSE)/VLOOKUP(U48,$H$6:$K$2000,3,FALSE)*$S48) -> 5.55 | U48: 23-0039
P49: 2025/010 | Q49: 45959 | R49: Tango | S49: 0.3 | T49: =IF(ISBLANK(U49),"",VLOOKUP($U49,$H$6:$K$2000,4,FALSE)/VLOOKUP(U49,$H$6:$K$2000,3,FALSE)*$S49) -> 6.6 | U49: VA1-370
P50: 2025/009 | Q50: 45966 | R50: Barbe Rouge | S50: 1 | T50: =IF(ISBLANK(U50),"",VLOOKUP($U50,$H$6:$K$2000,4,FALSE)/VLOOKUP(U50,$H$6:$K$2000,3,FALSE)*$S50) -> 26 | U50: 24-0203
P51: 2025/009 | Q51: 45966 | R51: Calista | S51: 0.8 | T51: =IF(ISBLANK(U51),"",VLOOKUP($U51,$H$6:$K$2000,4,FALSE)/VLOOKUP(U51,$H$6:$K$2000,3,FALSE)*$S51) -> 12 | U51: va23-580
P52: 2025/010 | Q52: 45966 | R52: Calista | S52: 0.7 | T52: =IF(ISBLANK(U52),"",VLOOKUP($U52,$H$6:$K$2000,4,FALSE)/VLOOKUP(U52,$H$6:$K$2000,3,FALSE)*$S52) -> 10.5 | U52: va23-580
P53: 2025/010 | Q53: 45966 | R53: Tango | S53: 0.7 | T53: =IF(ISBLANK(U53),"",VLOOKUP($U53,$H$6:$K$2000,4,FALSE)/VLOOKUP(U53,$H$6:$K$2000,3,FALSE)*$S53) -> 15.4 | U53: VA1-370
P54: 2025/010 | Q54: 45966 | R54: Ariana | S54: 0.7 | T54: =IF(ISBLANK(U54),"",VLOOKUP($U54,$H$6:$K$2000,4,FALSE)/VLOOKUP(U54,$H$6:$K$2000,3,FALSE)*$S54) -> 12.95 | U54: 23-0039
P55: 2026/001 | Q55: 46043 | R55: Hallertau Blanc | S55: 0.2 | T55: =IF(ISBLANK(U55),"",VLOOKUP($U55,$H$6:$K$2000,4,FALSE)/VLOOKUP(U55,$H$6:$K$2000,3,FALSE)*$S55) -> 3.8 | U55: VA23-0133
P56: 2025/011 | Q56: 46043 | R56: Hallertau Blanc | S56: 1 | T56: =IF(ISBLANK(U56),"",VLOOKUP($U56,$H$6:$K$2000,4,FALSE)/VLOOKUP(U56,$H$6:$K$2000,3,FALSE)*$S56) -> 15 | U56: 1002282
P57: 2026/001 | Q57: 46043 | R57: Calista | S57: 0.2 | T57: =IF(ISBLANK(U57),"",VLOOKUP($U57,$H$6:$K$2000,4,FALSE)/VLOOKUP(U57,$H$6:$K$2000,3,FALSE)*$S57) -> 3 | U57: va23-580
T58: =IF(ISBLANK(U58),"",VLOOKUP($U58,$H$6:$K$2000,4,FALSE)/VLOOKUP(U58,$H$6:$K$2000,3,FALSE)*$S58)
T59: =IF(ISBLANK(U59),"",VLOOKUP($U59,$H$6:$K$2000,4,FALSE)/VLOOKUP(U59,$H$6:$K$2000,3,FALSE)*$S59)
T60: =IF(ISBLANK(U60),"",VLOOKUP($U60,$H$6:$K$2000,4,FALSE)/VLOOKUP(U60,$H$6:$K$2000,3,FALSE)*$S60)
T61: =IF(ISBLANK(U61),"",VLOOKUP($U61,$H$6:$K$2000,4,FALSE)/VLOOKUP(U61,$H$6:$K$2000,3,FALSE)*$S61)
T62: =IF(ISBLANK(U62),"",VLOOKUP($U62,$H$6:$K$2000,4,FALSE)/VLOOKUP(U62,$H$6:$K$2000,3,FALSE)*$S62)
T63: =IF(ISBLANK(U63),"",VLOOKUP($U63,$H$6:$K$2000,4,FALSE)/VLOOKUP(U63,$H$6:$K$2000,3,FALSE)*$S63)
T64: =IF(ISBLANK(U64),"",VLOOKUP($U64,$H$6:$K$2000,4,FALSE)/VLOOKUP(U64,$H$6:$K$2000,3,FALSE)*$S64)
T65: =IF(ISBLANK(U65),"",VLOOKUP($U65,$H$6:$K$2000,4,FALSE)/VLOOKUP(U65,$H$6:$K$2000,3,FALSE)*$S65)
T66: =IF(ISBLANK(U66),"",VLOOKUP($U66,$H$6:$K$2000,4,FALSE)/VLOOKUP(U66,$H$6:$K$2000,3,FALSE)*$S66)
T67: =IF(ISBLANK(U67),"",VLOOKUP($U67,$H$6:$K$2000,4,FALSE)/VLOOKUP(U67,$H$6:$K$2000,3,FALSE)*$S67)
T68: =IF(ISBLANK(U68),"",VLOOKUP($U68,$H$6:$K$2000,4,FALSE)/VLOOKUP(U68,$H$6:$K$2000,3,FALSE)*$S68)
T69: =IF(ISBLANK(U69),"",VLOOKUP($U69,$H$6:$K$2000,4,FALSE)/VLOOKUP(U69,$H$6:$K$2000,3,FALSE)*$S69)
... T373: =IF(ISBLANK(U373),"",VLOOKUP($U373,$H$6:$K$2000,4,FALSE)/VLOOKUP(U373,$H$6:$K$2000,3,FALSE)*$S373)

Sheet Toevoegingen
A1: Toevoegingen
A3: IN | P3: OUT
A5: Nr inslagbon | B5: Factuur nummer | C5: Naam ontvanger | D5: Datum | E5: Leverancier | F5: Fabrikant | G5: Soort | H5: Lot | I5: Houdbaar tot | J5: Hoeveelheid [kg] | K5: Kostprijs [€] | L5: Afwijking? | M5: Actie? | N5: Opmerkingen | P5: Nr Brouwsel | Q5: Datum | R5: Soort | S5: Hoeveelheid [kg] | T5: Kostprijs [€] | U5: Lot
C6: Tom | D6: 45019 | F6: Candico | G6: Bruine suiker | H6: 15L225225500 | J6: 10 | K6: 20 | P6: 2023/003 | Q6: 45020 | R6: Bruine suiker | S6: 10 | T6: =IF(ISBLANK(U6),"",VLOOKUP($U6,$H$6:$K$2000,4,FALSE)/VLOOKUP(U6,$H$6:$K$2000,3,FALSE)*$S6) -> 20 | U6: 15L225225500
B7: A2023031 | C7: Sibren | D7: 45028 | E7: Colruyt | F7: Everyday | G7: Appelsienen | H7: 1856 P12M1 | I7: 45042 | J7: 8 | K7: 9.98 | P7: 2023/003 | Q7: 45029 | R7: Appelsienen | S7: 8 | T7: =IF(ISBLANK(U7),"",VLOOKUP($U7,$H$6:$K$2000,4,FALSE)/VLOOKUP(U7,$H$6:$K$2000,3,FALSE)*$S7) -> 9.98 | U7: 1856 P12M1
C8: Sibren | D8: 45028 | E8: Colruyt | F8: Everyday | G8: Witte suiker | H8: L1530400 3 | J8: 1 | K8: 0.85 | P8: 2023/003 | Q8: 45029 | R8: Witte suiker | S8: 1 | T8: =IF(ISBLANK(U8),"",VLOOKUP($U8,$H$6:$K$2000,4,FALSE)/VLOOKUP(U8,$H$6:$K$2000,3,FALSE)*$S8) -> 0.85 | U8: L1530400 3
B9: A2023031 | C9: Sibren | D9: 45028 | E9: Colruyt | G9: Limoen | H9: 35101041002230014 | J9: 2.6 | K9: 10.18 | P9: 2023/001 | Q9: 45029 | R9: Limoen | S9: 2.6 | T9: =IF(ISBLANK(U9),"",VLOOKUP($U9,$H$6:$K$2000,4,FALSE)/VLOOKUP(U9,$H$6:$K$2000,3,FALSE)*$S9) -> 10.18 | U9: 35101041002230014
B10: A2023031 | C10: Sibren | D10: 45028 | E10: Colruyt | F10: Marsel | G10: Grof zeezout | H10: L23032D | I10: 46054 | J10: 1 | K10: 1.59 | P10: 2023/001 | Q10: 45029 | R10: Grof zeezout | S10: 0.2 | T10: =IF(ISBLANK(U10),"",VLOOKUP($U10,$H$6:$K$2000,4,FALSE)/VLOOKUP(U10,$H$6:$K$2000,3,FALSE)*$S10) -> 0.318 | U10: L23032D
B11: A2023008 | C11: Sibren | D11: 45022 | E11: CacaoSupply | G11: cacaobonen | H11: OBC-NI-002 | J11: 3 | K11: 46.55 | P11: 2023/003 | Q11: 45029 | R11: cacaobonen | S11: 3 | T11: =IF(ISBLANK(U11),"",VLOOKUP($U11,$H$6:$K$2000,4,FALSE)/VLOOKUP(U11,$H$6:$K$2000,3,FALSE)*$S11) -> 46.55 | U11: OBC-NI-002
B12: A2023022 | C12: Sibren | D12: 45014 | E12: VanBeekumSpecerijen | G12: Speculaaskruiden | H12: 240523 | I12: 45597 | J12: 0.4 | K12: 12.58 | P12: 2023/004 | Q12: 45106 | R12: Rabarber | S12: 22.5 | T12: =IF(ISBLANK(U12),"",VLOOKUP($U12,$H$6:$K$2000,4,FALSE)/VLOOKUP(U12,$H$6:$K$2000,3,FALSE)*$S12) -> 105.75 | U12: CHM-23-090-A
B13: A2023016 | C13: Sibren | D13: 45013 | E13: FineFoodsOnline | G13: Rabarber | H13: CHM-23-090-A | J13: 22.5 | K13: =117.5-K14 -> 105.75 | P13: 2023/004 | Q13: 45106 | R13: Rabarber | S13: 2.5 | T13: =IF(ISBLANK(U13),"",VLOOKUP($U13,$H$6:$K$2000,4,FALSE)/VLOOKUP(U13,$H$6:$K$2000,3,FALSE)*$S13) -> 11.75 | U13: CH-23000621
B14: A2023016 | C14: Sibren | D14: 45013 | E14: FineFoodsOnline | F14: TiefKuhlKost | G14: Rabarber | H14: CH-23000621 | J14: 2.5 | K14: =117.5*J14/(J14+J13) -> 11.75 | P14: 2023/005 | Q14: 45113 | R14: Speculaaskruiden | S14: 0.28 | T14: =IF(ISBLANK(U14),"",VLOOKUP($U14,$H$6:$K$2000,4,FALSE)/VLOOKUP(U14,$H$6:$K$2000,3,FALSE)*$S14) -> 8.806 | U14: 240523
B15: A2023018 | C15: Sibren | D15: 45111 | E15: Aldi | F15: Candico | G15: Bruine suiker | H15: 06L225232500 | J15: 10 | K15: 26.9 | P15: 2023/005 | Q15: 45113 | R15: Bruine suiker | S15: 10 | T15: =IF(ISBLANK(U15),"",VLOOKUP($U15,$H$6:$K$2000,4,FALSE)/VLOOKUP(U15,$H$6:$K$2000,3,FALSE)*$S15) -> 26.9 | U15: 06L225232500
D16: 45247 | E16: Colruyt | F16: Everyday | G16: Witte suiker | H16: L1534300 | J16: 30 | K16: =25.189*1.06 -> 26.70034 | P16: 2023/011 | Q16: 45259 | R16: Witte suiker | S16: 22 | T16: =IF(ISBLANK(U16),"",VLOOKUP($U16,$H$6:$K$2000,4,FALSE)/VLOOKUP(U16,$H$6:$K$2000,3,FALSE)*$S16) -> 19.580249 | U16: L1534300
D17: 45230 | E17: Colruyt | F17: Boni | G17: Frambozen diepvries | H17: 23293 | I17: 45950 | J17: 32 | K17: 191.36 | P17: 2023/008 | Q17: 45231 | R17: Frambozen diepvries | S17: 32 | T17: =IF(ISBLANK(U17),"",VLOOKUP($U17,$H$6:$K$2000,4,FALSE)/VLOOKUP(U17,$H$6:$K$2000,3,FALSE)*$S17) -> 191.36 | U17: 23293
E18: FineFoodsOnline | F18: Sosa | G18: yuzu aroma | H18: L8AR23192 | I18: 45849 | J18: 0.05 | K18: 62 | P18: 2024/001 | Q18: 45322 | R18: Limoen | S18: 1.5 | T18: =IF(ISBLANK(U18),"",VLOOKUP($U18,$H$6:$K$2000,4,FALSE)/VLOOKUP(U18,$H$6:$K$2000,3,FALSE)*$S18) -> 7.17 | U18: 850501021
E19: FineFoodsOnline | F19: BOS FOOD | G19: oranjebloesem | H19: PA0111353 | I19: 46117 | J19: 0.4 | K19: 32 | P19: 2024/001 | Q19: 45322 | R19: Grof zeezout | S19: 0.25 | T19: =IF(ISBLANK(U19),"",VLOOKUP($U19,$H$6:$K$2000,4,FALSE)/VLOOKUP(U19,$H$6:$K$2000,3,FALSE)*$S19) -> 0.3975 | U19: L23032D
D20: 45322 | E20: Delhaize | F20: Bakker Barendrecht BV | G20: Limoen | H20: 850501021 | J20: 1.5 | K20: =2.39*3 -> 7.17 | P20: 2024/001 | Q20: 45322 | R20: Bhut Jolokia | S20: 0.01 | T20: =IF(ISBLANK(U20),"",VLOOKUP($U20,$H$6:$K$2000,4,FALSE)/VLOOKUP(U20,$H$6:$K$2000,3,FALSE)*$S20) -> 4 | U20: BH2024
D21: 45321 | E21: Peperhof | G21: Bhut Jolokia | H21: BH2024 | J21: 0.01 | K21: 4 | P21: 2023/012 | Q21: 45287 | R21: mandarijnen | S21: 4.6 | T21: =IF(ISBLANK(U21),"",VLOOKUP($U21,$H$6:$K$2000,4,FALSE)/VLOOKUP(U21,$H$6:$K$2000,3,FALSE)*$S21) -> 8.02 | U21: 23758
D22: 45280 | E22: Colruyt | F22: Boni | G22: mandarijnen | H22: 23758 | J22: 4.6 | K22: 8.02 | P22: 2023/012 | Q22: 45287 | R22: mandarijn aroma | S22: 0.05 | T22: =IF(ISBLANK(U22),"",VLOOKUP($U22,$H$6:$K$2000,4,FALSE)/VLOOKUP(U22,$H$6:$K$2000,3,FALSE)*$S22) -> 41.45 | U22: L8AR23327
D23: 45371 | E23: FineFoodsOnline | F23: Sosa | G23: mandarijn aroma | H23: L8AR23327 | I23: 45984 | J23: 0.05 | K23: 41.45 | P23: 2024/003 | Q23: 45040 | R23: Japanse duizendknoop | S23: 20 | T23: =IF(ISBLANK(U23),"",VLOOKUP($U23,$H$6:$K$2000,4,FALSE)/VLOOKUP(U23,$H$6:$K$2000,3,FALSE)*$S23) -> 50 | U23: duizend-001
D24: 45385 | E24: Zelf | F24: Zelf | G24: Japanse duizendknoop | H24: duizend-001 | I24: / | J24: 20 | K24: 50 | N24: zelf geplukt | P24: 2024/004 | Q24: 45437 | R24: yuzu aroma | S24: 0.05 | T24: =IF(ISBLANK(U24),"",VLOOKUP($U24,$H$6:$K$2000,4,FALSE)/VLOOKUP(U24,$H$6:$K$2000,3,FALSE)*$S24) -> 62 | U24: L8AR23192
C25: Sibren | D25: 45441 | E25: Delhaize | G25: pompelmoes | H25: 29052024 | I25: / | J25: =4.81+2.72 -> 7.53 | K25: =16.79+9.49-1.67-0.95 -> 23.66 | P25: 2024/004 | Q25: 45437 | R25: oranjebloesem | S25: 0.4 | T25: =IF(ISBLANK(U25),"",VLOOKUP($U25,$H$6:$K$2000,4,FALSE)/VLOOKUP(U25,$H$6:$K$2000,3,FALSE)*$S25) -> 32 | U25: PA0111353
D26: 45449 | E26: Colruyt | G26: Witte suiker | H26: L1541700 | J26: 20 | K26: 17.8 | P26: 2024/005 | Q26: 45441 | R26: pompelmoes | S26: =4.81+2.72 -> 7.53 | T26: =IF(ISBLANK(U26),"",VLOOKUP($U26,$H$6:$K$2000,4,FALSE)/VLOOKUP(U26,$H$6:$K$2000,3,FALSE)*$S26) -> 23.66 | U26: 29052024
D27: 45478 | E27: Ronny | F27: Renders Guy | G27: Kersen | H27: 45478 | I27: / | J27: 37 | K27: 210 | P27: 2024/005 | Q27: 45441 | R27: Grof zeezout | S27: 0.25 | T27: =IF(ISBLANK(U27),"",VLOOKUP($U27,$H$6:$K$2000,4,FALSE)/VLOOKUP(U27,$H$6:$K$2000,3,FALSE)*$S27) -> 0.3975 | U27: L23032D
D28: 45461 | E28: Baktotaal | F28: Brand new cake | G28: Tonkabonen | H28: BNC01197200401 | I28: 46143 | J28: 0.1 | K28: 19.07 | P28: 2024/006 | Q28: 45461 | R28: Witte suiker | S28: 20 | T28: =IF(ISBLANK(U28),"",VLOOKUP($U28,$H$6:$K$2000,4,FALSE)/VLOOKUP(U28,$H$6:$K$2000,3,FALSE)*$S28) -> 17.8 | U28: L1541700
D29: 45553 | E29: Man & Brouw | G29: Pompelmoesmunt | H29: pompelmoesmunt001 | I29: / | J29: 5 | K29: 50 | N29: eiegn kweek | P29: 2024/006 | Q29: 45483 | R29: Kersen | S29: 37 | T29: =IF(ISBLANK(U29),"",VLOOKUP($U29,$H$6:$K$2000,4,FALSE)/VLOOKUP(U29,$H$6:$K$2000,3,FALSE)*$S29) -> 210 | U29: 45478
D30: 45609 | E30: Dropwinkel | F30: King | G30: King mints | H30: 4101 | I30: 45897 | J30: 6 | K30: 53.24 | P30: 2024/006 | Q30: 45483 | R30: Tonkabonen | S30: 0.05 | T30: =IF(ISBLANK(U30),"",VLOOKUP($U30,$H$6:$K$2000,4,FALSE)/VLOOKUP(U30,$H$6:$K$2000,3,FALSE)*$S30) -> 9.535 | U30: BNC01197200401
D31: 45654 | E31: Asia & More | G31: Green Sichuan Pepper | H31: 45633 | J31: 0.11 | K31: 4.4 | P31: 2024/008 | Q31: 45553 | R31: Pompelmoesmunt | S31: 5 | T31: =IF(ISBLANK(U31),"",VLOOKUP($U31,$H$6:$K$2000,4,FALSE)/VLOOKUP(U31,$H$6:$K$2000,3,FALSE)*$S31) -> 50 | U31: pompelmoesmunt001
D32: 45654 | E32: Asia & More | F32: ChuanChen | G32: Green Sichuan Pepper | H32: 45991 | I32: 45991 | J32: 0.04 | K32: 2 | P32: 2024/009 | Q32: 45609 | R32: King mints | S32: 4 | T32: =IF(ISBLANK(U32),"",VLOOKUP($U32,$H$6:$K$2000,4,FALSE)/VLOOKUP(U32,$H$6:$K$2000,3,FALSE)*$S32) -> 35.493333 | U32: 4101
D33: 45654 | E33: Asia & More | F33: Special Gunpowder | G33: groene thee | H33: 240226 | I33: 47177 | J33: 0.5 | K33: 10 | P33: 2024/010 | Q33: 45662 | R33: Green Sichuan Pepper | S33: 0.11 | T33: =IF(ISBLANK(U33),"",VLOOKUP($U33,$H$6:$K$2000,4,FALSE)/VLOOKUP(U33,$H$6:$K$2000,3,FALSE)*$S33) -> 4.4 | U33: 45633
D34: 45654 | E34: Asia & More | F34: Nature's best harvest | G34: jasmijn | H34: HK 13.001.041 | J34: 0.2 | K34: 4 | P34: 2024/010 | Q34: 45662 | R34: Green Sichuan Pepper | S34: 0.04 | T34: =IF(ISBLANK(U34),"",VLOOKUP($U34,$H$6:$K$2000,4,FALSE)/VLOOKUP(U34,$H$6:$K$2000,3,FALSE)*$S34) -> 2 | U34: 45991
F35: Eigen kweek | G35: Kamillebloemen | H35: MB202501 | P35: 2024/010 | Q35: 45662 | R35: groene thee | S35: 0.5 | T35: =IF(ISBLANK(U35),"",VLOOKUP($U35,$H$6:$K$2000,4,FALSE)/VLOOKUP(U35,$H$6:$K$2000,3,FALSE)*$S35) -> 10 | U35: 240226
D36: 45320 | E36: Colruyt | F36: Marsel | G36: Grof zeezout | H36: R354 | I36: 46740 | J36: 1 | K36: 1.69 | P36: 2024/010 | Q36: 45662 | R36: jasmijn | S36: 0.2 | T36: =IF(ISBLANK(U36),"",VLOOKUP($U36,$H$6:$K$2000,4,FALSE)/VLOOKUP(U36,$H$6:$K$2000,3,FALSE)*$S36) -> 4 | U36: HK 13.001.041
D37: 45320 | E37: Colruyt | F37: Boni | G37: Bloedappelsiensap | H37: 0152013-2-120 | I37: 45727 | J37: 12 | K37: 27.06 | P37: 2024/011 | Q37: 45686 | R37: Grof zeezout | S37: 0.3 | T37: =IF(ISBLANK(U37),"",VLOOKUP($U37,$H$6:$K$2000,4,FALSE)/VLOOKUP(U37,$H$6:$K$2000,3,FALSE)*$S37) -> 0.477 | U37: L23032D
D38: 45320 | E38: Colruyt | F38: Boni | G38: Bloedappelsienen | H38: Y25W04D01 | I38: 45693 | J38: 12 | K38: 18.04 | P38: 2024/011 | Q38: 45686 | R38: Grof zeezout | S38: 0.03 | T38: =IF(ISBLANK(U38),"",VLOOKUP($U38,$H$6:$K$2000,4,FALSE)/VLOOKUP(U38,$H$6:$K$2000,3,FALSE)*$S38) -> 0.0507 | U38: R354
D39: 45320 | E39: Colruyt | F39: Boni Bio | G39: Limoen | H39: 389500200 | J39: 0.9 | K39: 9.81 | P39: 2024/011 | Q39: 45686 | R39: Bloedappelsiensap | S39: 12 | T39: =IF(ISBLANK(U39),"",VLOOKUP($U39,$H$6:$K$2000,4,FALSE)/VLOOKUP(U39,$H$6:$K$2000,3,FALSE)*$S39) -> 27.06 | U39: 0152013-2-120
D40: 45707 | E40: Onan | G40: koffie | H40: 230125 | I40: 45861 | J40: 1 | K40: 47 | P40: 2024/011 | Q40: 45686 | R40: Bloedappelsienen | S40: 12 | T40: =IF(ISBLANK(U40),"",VLOOKUP($U40,$H$6:$K$2000,4,FALSE)/VLOOKUP(U40,$H$6:$K$2000,3,FALSE)*$S40) -> 18.04 | U40: Y25W04D01
D41: 45713 | E41: vanillestokjes.be | G41: vanille | H41: MAD25 | I41: 46235 | J41: 0.048 | K41: 30.8 | P41: 2024/011 | Q41: 45686 | R41: limoen | S41: 0.9 | T41: =IF(ISBLANK(U41),"",VLOOKUP($U41,$H$6:$K$2000,4,FALSE)/VLOOKUP(U41,$H$6:$K$2000,3,FALSE)*$S41) -> 9.81 | U41: 389500200
D42: 45707 | E42: Bas Boer Noten | G42: cacaobonen | H42: CA07022025 | I42: 45965 | J42: 1.05 | K42: 30.29 | P42: 2025/001 | Q42: 45707 | R42: appelsap | S42: 180 | T42: =IF(ISBLANK(U42),"",VLOOKUP($U42,$H$6:$K$2000,4,FALSE)/VLOOKUP(U42,$H$6:$K$2000,3,FALSE)*$S42) -> 126 | U42: oogst_2024
D43: 45956 | E43: Most Cider | G43: appelsap | H43: oogst_2024 | I43: 45773 | J43: 180 | K43: 126 | P43: 2025/002 | Q43: 45753 | R43: cacaobonen | S43: 1.05 | T43: =IF(ISBLANK(U43),"",VLOOKUP($U43,$H$6:$K$2000,4,FALSE)/VLOOKUP(U43,$H$6:$K$2000,3,FALSE)*$S43) -> 30.29 | U43: CA07022025
D44: 45763 | E44: Asian Century | G44: Gember | H44: D13051 | I44: vers | J44: 2.36 | K44: 11.33 | P44: 2025/002 | Q44: 45753 | R44: koffie | S44: 1 | T44: =IF(ISBLANK(U44),"",VLOOKUP($U44,$H$6:$K$2000,4,FALSE)/VLOOKUP(U44,$H$6:$K$2000,3,FALSE)*$S44) -> 47 | U44: 230125
D45: 45763 | E45: Asian Century | G45: Citroengras | H45: D13061 | I45: vers | J45: 0.84 | K45: 16.38 | P45: 2025/002 | Q45: 45753 | R45: vanille | S45: 0.048 | T45: =IF(ISBLANK(U45),"",VLOOKUP($U45,$H$6:$K$2000,4,FALSE)/VLOOKUP(U45,$H$6:$K$2000,3,FALSE)*$S45) -> 30.8 | U45: MAD25
D46: 45799 | E46: Notenshop | G46: kokosnoot | H46: 46381 | I46: 46381 | J46: 4 | K46: 28 | P46: 2025/002 | Q46: 45753 | R46: Tonkabonen | S46: 0.025 | T46: =IF(ISBLANK(U46),"",VLOOKUP($U46,$H$6:$K$2000,4,FALSE)/VLOOKUP(U46,$H$6:$K$2000,3,FALSE)*$S46) -> 4.7675 | U46: BNC01197200401
D47: 45832 | E47: BVBA de fruittoren | G47: abrikoos | H47: 45712 | I47: vers | J47: 40 | K47: 160.31 | P47: 2025/004 | Q47: 45763 | R47: Gember | S47: 2.36 | T47: =IF(ISBLANK(U47),"",VLOOKUP($U47,$H$6:$K$2000,4,FALSE)/VLOOKUP(U47,$H$6:$K$2000,3,FALSE)*$S47) -> 11.33 | U47: D13051
D48: 45847 | E48: Delhaize | G48: citroen | H48: citroen25 | I48: vers | J48: 18.7 | K48: 47.52 | P48: 2025/004 | Q48: 45763 | R48: Citroengras | S48: 0.84 | T48: =IF(ISBLANK(U48),"",VLOOKUP($U48,$H$6:$K$2000,4,FALSE)/VLOOKUP(U48,$H$6:$K$2000,3,FALSE)*$S48) -> 16.38 | U48: D13061
D49: 45847 | F49: Eigen kweek | G49: Pompelmoesmunt | H49: pompelmoesmunt002 | J49: 2 | K49: 20 | P49: 2025/004 | Q49: 45805 | R49: kokosnoot | S49: 4 | T49: =IF(ISBLANK(U49),"",VLOOKUP($U49,$H$6:$K$2000,4,FALSE)/VLOOKUP(U49,$H$6:$K$2000,3,FALSE)*$S49) -> 28 | U49: 46381
D50: 45965 | E50: Solucious | F50: Dono Vicente | G50: Limoen | H50: 130773 | I50: vers | J50: =54*3 -> 162 | K50: 51.68 | P50: 2025/005 | Q50: 45847 | R50: Grof zeezout | S50: 0.285 | T50: =IF(ISBLANK(U50),"",VLOOKUP($U50,$H$6:$K$2000,4,FALSE)/VLOOKUP(U50,$H$6:$K$2000,3,FALSE)*$S50) -> 0.48165 | U50: R354
D51: 45965 | E51: Solucious | F51: Boni | G51: aardbei | H51: 18525 | I51: 46584 | J51: 50 | K51: 211.55 | P51: 2025/005 | Q51: 45847 | R51: abrikoos | S51: 40 | T51: =IF(ISBLANK(U51),"",VLOOKUP($U51,$H$6:$K$2000,4,FALSE)/VLOOKUP(U51,$H$6:$K$2000,3,FALSE)*$S51) -> 160.31 | U51: 45712
D52: 46007 | E52: Pit & Pit | G52: Tasmaanse Bergpeper | H52: LWL2WHFE8 | I52: 46874 | J52: 0.025 | K52: 7.3 | P52: 2025/006 | Q52: 45847 | R52: citroen | S52: 18.7 | T52: =IF(ISBLANK(U52),"",VLOOKUP($U52,$H$6:$K$2000,4,FALSE)/VLOOKUP(U52,$H$6:$K$2000,3,FALSE)*$S52) -> 47.52 | U52: citroen25
D53: 46007 | E53: Pit & Pit | G53: Zwarte Peper Tellicherry | H53: LWQQUD7FZ | I53: 46600 | J53: 0.075 | K53: 4.35 | P53: 2025/006 | Q53: 45847 | R53: Pompelmoesmunt | S53: 2 | T53: =IF(ISBLANK(U53),"",VLOOKUP($U53,$H$6:$K$2000,4,FALSE)/VLOOKUP(U53,$H$6:$K$2000,3,FALSE)*$S53) -> 20 | U53: pompelmoesmunt002
D54: 46007 | E54: Pit & Pit | G54: Zwarte Peper Lampong | H54: LWPFBCTX7 | I54: 46804 | J54: 0.1 | K54: 7.39 | P54: 2025/009 | Q54: 45966 | R54: aardbei | S54: 50 | T54: =IF(ISBLANK(U54),"",VLOOKUP($U54,$H$6:$K$2000,4,FALSE)/VLOOKUP(U54,$H$6:$K$2000,3,FALSE)*$S54) -> 211.55 | U54: 18525
D55: 45994 | E55: Man & Brouw | F55: eigen kweek | G55: hotsauce | H55: HS_3/12/2025 | I55: 46056 | J55: 1 | K55: 30 | P55: 2025/009 | Q55: 45966 | R55: Limoen | S55: 162 | T55: =IF(ISBLANK(U55),"",VLOOKUP($U55,$H$6:$K$2000,4,FALSE)/VLOOKUP(U55,$H$6:$K$2000,3,FALSE)*$S55) -> 51.68 | U55: 130773
D56: 46041 | E56: Pit & Pit | G56: Pardijszaad | H56: L-WRNRQISU | I56: 46497 | J56: 0.075 | K56: 6.05 | P56: 2025/011 | Q56: 46020 | R56: Tasmaanse Bergpeper | S56: 0.025 | T56: =IF(ISBLANK(U56),"",VLOOKUP($U56,$H$6:$K$2000,4,FALSE)/VLOOKUP(U56,$H$6:$K$2000,3,FALSE)*$S56) -> 7.3 | U56: LWL2WHFE8
D57: 46041 | E57: Pit & Pit | G57: Zwarte Peper Tellicherry | H57: L-WUCI78DU | I57: 46935 | J57: 0.25 | K57: 12.15 | P57: 2025/011 | Q57: 46020 | R57: Zwarte Peper Lampong | S57: 0.1 | T57: =IF(ISBLANK(U57),"",VLOOKUP($U57,$H$6:$K$2000,4,FALSE)/VLOOKUP(U57,$H$6:$K$2000,3,FALSE)*$S57) -> 7.39 | U57: LWPFBCTX7
D58: 46041 | E58: Pit & Pit | G58: Tasmaanse Bergpeper | H58: LWL2WHFE8 | I58: 46874 | J58: 0.05 | K58: 17.52 | P58: 2025/011 | Q58: 46020 | R58: Zwarte Peper Tellicherry | S58: 0.075 | T58: =IF(ISBLANK(U58),"",VLOOKUP($U58,$H$6:$K$2000,4,FALSE)/VLOOKUP(U58,$H$6:$K$2000,3,FALSE)*$S58) -> 4.35 | U58: LWQQUD7FZ
D59: 46041 | E59: Pit & Pit | G59: Timut peper | H59: L-WTJWBOIX | I59: 46905 | J59: 0.24 | K59: 23.98 | P59: 2026/001 | Q59: 46043 | R59: hotsauce | S59: 1 | T59: =IF(ISBLANK(U59),"",VLOOKUP($U59,$H$6:$K$2000,4,FALSE)/VLOOKUP(U59,$H$6:$K$2000,3,FALSE)*$S59) -> 30 | U59: HS_3/12/2025
P60: 2025/011 | Q60: 46043 | R60: Tasmaanse Bergpeper | S60: 0.05 | T60: =IF(ISBLANK(U60),"",VLOOKUP($U60,$H$6:$K$2000,4,FALSE)/VLOOKUP(U60,$H$6:$K$2000,3,FALSE)*$S60) -> 14.6 | U60: LWL2WHFE8
P61: 2025/011 | Q61: 46043 | R61: Zwarte Peper Tellicherry | S61: 0.075 | T61: =IF(ISBLANK(U61),"",VLOOKUP($U61,$H$6:$K$2000,4,FALSE)/VLOOKUP(U61,$H$6:$K$2000,3,FALSE)*$S61) -> 3.645 | U61: L-WUCI78DU
P62: 2026/002 | Q62: 46078 | R62: Grof zeezout | S62: 0.32 | T62: =IF(ISBLANK(U62),"",VLOOKUP($U62,$H$6:$K$2000,4,FALSE)/VLOOKUP(U62,$H$6:$K$2000,3,FALSE)*$S62) -> 0.5408 | U62: R354
T63: =IF(ISBLANK(U63),"",VLOOKUP($U63,$H$6:$K$2000,4,FALSE)/VLOOKUP(U63,$H$6:$K$2000,3,FALSE)*$S63)
T64: =IF(ISBLANK(U64),"",VLOOKUP($U64,$H$6:$K$2000,4,FALSE)/VLOOKUP(U64,$H$6:$K$2000,3,FALSE)*$S64)
T65: =IF(ISBLANK(U65),"",VLOOKUP($U65,$H$6:$K$2000,4,FALSE)/VLOOKUP(U65,$H$6:$K$2000,3,FALSE)*$S65)
T66: =IF(ISBLANK(U66),"",VLOOKUP($U66,$H$6:$K$2000,4,FALSE)/VLOOKUP(U66,$H$6:$K$2000,3,FALSE)*$S66)
T67: =IF(ISBLANK(U67),"",VLOOKUP($U67,$H$6:$K$2000,4,FALSE)/VLOOKUP(U67,$H$6:$K$2000,3,FALSE)*$S67)
T68: =IF(ISBLANK(U68),"",VLOOKUP($U68,$H$6:$K$2000,4,FALSE)/VLOOKUP(U68,$H$6:$K$2000,3,FALSE)*$S68)
T69: =IF(ISBLANK(U69),"",VLOOKUP($U69,$H$6:$K$2000,4,FALSE)/VLOOKUP(U69,$H$6:$K$2000,3,FALSE)*$S69)
T70: =IF(ISBLANK(U70),"",VLOOKUP($U70,$H$6:$K$2000,4,FALSE)/VLOOKUP(U70,$H$6:$K$2000,3,FALSE)*$S70)
T71: =IF(ISBLANK(U71),"",VLOOKUP($U71,$H$6:$K$2000,4,FALSE)/VLOOKUP(U71,$H$6:$K$2000,3,FALSE)*$S71)
T72: =IF(ISBLANK(U72),"",VLOOKUP($U72,$H$6:$K$2000,4,FALSE)/VLOOKUP(U72,$H$6:$K$2000,3,FALSE)*$S72)
T73: =IF(ISBLANK(U73),"",VLOOKUP($U73,$H$6:$K$2000,4,FALSE)/VLOOKUP(U73,$H$6:$K$2000,3,FALSE)*$S73)
T74: =IF(ISBLANK(U74),"",VLOOKUP($U74,$H$6:$K$2000,4,FALSE)/VLOOKUP(U74,$H$6:$K$2000,3,FALSE)*$S74)
... T373: =IF(ISBLANK(U373),"",VLOOKUP($U373,$H$6:$K$2000,4,FALSE)/VLOOKUP(U373,$H$6:$K$2000,3,FALSE)*$S373)

Sheet Verpakkingen
A1: Verpakkingen
A3: IN | P3: OUT
A5: Nr inslagbon | B5: Factuur nummer | C5: Naam ontvanger | D5: Datum | E5: Leverancier | F5: Fabricant | G5: Soort | H5: Lot | I5: Houdbaar tot | J5: Hoeveelheid | K5: Kostprijs [€] | L5: Afwijking? | M5: Actie? | N5: Opmerkingen | P5: Nr Brouwsel | Q5: Naam | R5: Datum | S5: Soort | T5: Hoeveelheid | U5: Kostprijs [€] | V5: Lot
B6: A2023011 | C6: Sibren | D6: 45013 | E6: Braumarkt | G6: Fles vichy 33cl | H6: 224223032 | J6: 96 | K6: 88.92 | P6: 2023/002 | Q6: Say yes to the fles | R6: 45034 | S6: Fles vichy 33cl | T6: 90 | U6: =IF(ISBLANK(V6),"",VLOOKUP(V6,$H$6:$K$2000,4,FALSE)/VLOOKUP(V6,$H$6:$K$2000,3,FALSE)*T6) -> 83.3625 | V6: 224223032
B7: A2023010 | C7: Sibren | D7: 45050 | E7: Brouwland | G7: Fles Longneck 33cl | H7: 224222382 | J7: =34*24 -> 816 | K7: 456.22 | P7: 2023/002 | Q7: Say yes to the fles | R7: 45034 | S7: kroonkurk wit | T7: 94 | U7: =IF(ISBLANK(V7),"",VLOOKUP(V7,$H$6:$K$2000,4,FALSE)/VLOOKUP(V7,$H$6:$K$2000,3,FALSE)*T7) -> 1.47486 | V7: 144797
B8: A2023009 | C8: Tom | D8: 45043 | E8: KeyKeg | F8: KeyKeg | G8: keykeg 20l | H8: LWB02 | J8: 6 | K8: 86.46 | P8: 2023/001 | Q8: Fiere Margarita | R8: 45051 | S8: Fles Longneck 33cl | T8: =14*24-2 -> 334 | U8: =IF(ISBLANK(V8),"",VLOOKUP(V8,$H$6:$K$2000,4,FALSE)/VLOOKUP(V8,$H$6:$K$2000,3,FALSE)*T8) -> 186.73711 | V8: 224222382
B9: A2023010 | C9: Sibren | D9: 45050 | E9: Brouwland | G9: kroonkurk wit | H9: 144797 | J9: 1000 | K9: 15.69 | P9: 2023/001 | Q9: Fiere Margarita | R9: 45051 | S9: keykeg 20l | T9: 3 | U9: =IF(ISBLANK(V9),"",VLOOKUP(V9,$H$6:$K$2000,4,FALSE)/VLOOKUP(V9,$H$6:$K$2000,3,FALSE)*T9) -> 43.23 | V9: LWB02
B10: A2023017 | C10: Sibren | D10: 45111 | E10: Brouwland | F10: Leerdam | G10: Fles vichy 33cl | H10: 224223057 | J10: 2888 | K10: =844.33 -> 844.33 | P10: 2023/001 | Q10: Fiere Margarita | R10: 45051 | S10: kroonkurk wit | T10: 340 | U10: =IF(ISBLANK(V10),"",VLOOKUP(V10,$H$6:$K$2000,4,FALSE)/VLOOKUP(V10,$H$6:$K$2000,3,FALSE)*T10) -> 5.3346 | V10: 144797
B11: A2023030 | C11: Sibren | D11: 45111 | E11: HVB | F11: KeyKeg | G11: keykeg 20l | H11: LWC03 | J11: 20 | K11: =1.21*300 -> 363 | P11: 2023/003 | Q11: Orangette | R11: 45058 | S11: keykeg 20l | T11: 3 | U11: =IF(ISBLANK(V11),"",VLOOKUP(V11,$H$6:$K$2000,4,FALSE)/VLOOKUP(V11,$H$6:$K$2000,3,FALSE)*T11) -> 43.23 | V11: LWB02
B12: A2023030 | C12: Sibren | D12: 45111 | E12: HVB | G12: Dozen 24st APO | H12: 1 | J12: =7*20 -> 140 | K12: =1.21*112 -> 135.52 | P12: 2023/003 | Q12: Orangette | R12: 45058 | S12: kroonkurk wit | T12: 350 | U12: =IF(ISBLANK(V12),"",VLOOKUP(V12,$H$6:$K$2000,4,FALSE)/VLOOKUP(V12,$H$6:$K$2000,3,FALSE)*T12) -> 5.4915 | V12: 144797
C13: Sibren | D13: 45127 | E13: Brouwland | G13: kroonkurk wit | H13: 122598 | J13: 500 | K13: =0.5*K14 -> 7.845 | N13: Rest van vroeger | P13: 2023/003 | Q13: Orangette | R13: 45058 | S13: Fles Longneck 33cl | T13: 340 | U13: =IF(ISBLANK(V13),"",VLOOKUP(V13,$H$6:$K$2000,4,FALSE)/VLOOKUP(V13,$H$6:$K$2000,3,FALSE)*T13) -> 190.09167 | V13: 224222382
C14: Sibren | D14: 45212 | E14: Brouwland | G14: kroonkurk wit | H14: 122598 | J14: 1000 | K14: 15.69 | P14: 2023/004 | Q14: Fraulein Barbara | R14: 45127 | S14: keykeg 20l | T14: 3 | U14: =IF(ISBLANK(V14),"",VLOOKUP(V14,$H$6:$K$2000,4,FALSE)/VLOOKUP(V14,$H$6:$K$2000,3,FALSE)*T14) -> 54.45 | V14: LWC03
C15: Tom | D15: 45239 | E15: Brouwland | G15: Fles belge 75cl | H15: 174946 | J15: =22*12 -> 264 | K15: 344.68 | P15: 2023/004 | Q15: Fraulein Barbara | R15: 45127 | S15: Fles vichy 33cl | T15: =24*25+5 -> 605 | U15: =IF(ISBLANK(V15),"",VLOOKUP(V15,$H$6:$K$2000,4,FALSE)/VLOOKUP(V15,$H$6:$K$2000,3,FALSE)*T15) -> 176.87661 | V15: 224223057
C16: Tom | D16: 45250 | E16: Polsinelli | G16: Doos trio 75cl | H16: SCP0102.30 | J16: 60 | K16: 74 | P16: 2023/004 | Q16: Fraulein Barbara | R16: 45127 | S16: Dozen 24st APO | T16: 25 | U16: =IF(ISBLANK(V16),"",VLOOKUP(V16,$H$6:$K$2000,4,FALSE)/VLOOKUP(V16,$H$6:$K$2000,3,FALSE)*T16) -> 24.2 | V16: 1
C17: Sibren | D17: 45272 | E17: HVB | F17: KeyKeg | G17: keykeg 20l | H17: S81280771 | J17: 40 | K17: =580*1.21 -> 701.8 | P17: 2023/004 | Q17: Fraulein Barbara | R17: 45127 | S17: kroonkurk wit | T17: 620 | U17: =IF(ISBLANK(V17),"",VLOOKUP(V17,$H$6:$K$2000,4,FALSE)/VLOOKUP(V17,$H$6:$K$2000,3,FALSE)*T17) -> 9.7278 | V17: 144797
D18: 45518 | E18: intern | G18: Corny keg 19l | H18: MB001 | J18: 5 | K18: =5*10 -> 50 | N18: Gekuist | P18: 2023/007 | Q18: Ariadne | R18: 45217 | S18: kroonkurk wit | T18: 420 | U18: =IF(ISBLANK(V18),"",VLOOKUP(V18,$H$6:$K$2000,4,FALSE)/VLOOKUP(V18,$H$6:$K$2000,3,FALSE)*T18) -> 6.5898 | V18: 122598
C19: Sibren | D19: 45553 | E19: Brouwland | G19: Fles vichy 33cl | H19: 017.358.3 | J19: 2888 | K19: 782.75 | P19: 2023/007 | Q19: Ariadne | R19: 45217 | S19: Fles vichy 33cl | T19: =16*24+7 -> 391 | U19: =IF(ISBLANK(V19),"",VLOOKUP(V19,$H$6:$K$2000,4,FALSE)/VLOOKUP(V19,$H$6:$K$2000,3,FALSE)*T19) -> 114.31199 | V19: 224223057
D20: 45566 | E20: Brouwland | G20: kroonkurk wit | H20: 012.235.100 | J20: 10000 | K20: 105 | N20: o2 absorberen | P20: 2023/007 | Q20: Ariadne | R20: 45217 | S20: Dozen 24st APO | T20: 17 | U20: =IF(ISBLANK(V20),"",VLOOKUP(V20,$H$6:$K$2000,4,FALSE)/VLOOKUP(V20,$H$6:$K$2000,3,FALSE)*T20) -> 16.456 | V20: 1
D21: 45532 | E21: HVB | F21: KeyKeg | G21: keykeg 20l | H21: S81280771 | J21: 40 | K21: =580*1.21 -> 701.8 | P21: 2023/008 | Q21: Framblij | R21: 45246 | S21: kroonkurk wit | T21: 200 | U21: =IF(ISBLANK(V21),"",VLOOKUP(V21,$H$6:$K$2000,4,FALSE)/VLOOKUP(V21,$H$6:$K$2000,3,FALSE)*T21) -> 3.138 | V21: 122598
D22: 45665 | E22: intern | G22: Corny keg 19l | H22: MB001 | J22: 1 | K22: =J22*10 -> 10 | P22: 2023/008 | Q22: Framblij | R22: 45246 | S22: Fles vichy 33cl | T22: 123 | U22: =IF(ISBLANK(V22),"",VLOOKUP(V22,$H$6:$K$2000,4,FALSE)/VLOOKUP(V22,$H$6:$K$2000,3,FALSE)*T22) -> 35.960038 | V22: 224223057
D23: 45747 | E23: Brouwland | G23: Fles vichy 33cl | H23: 017.358.3B | J23: 2888 | K23: 634.5 | P23: 2023/008 | Q23: Framblij | R23: 45246 | S23: Fles belge 75cl | T23: 60 | U23: =IF(ISBLANK(V23),"",VLOOKUP(V23,$H$6:$K$2000,4,FALSE)/VLOOKUP(V23,$H$6:$K$2000,3,FALSE)*T23) -> 78.336364 | V23: 174946
D24: 45735 | E24: De Coureur | F24: Keykeg | G24: keykeg 20l | J24: 20 | K24: =14.5*20 -> 290 | P24: 2023/008 | Q24: Framblij | R24: 45246 | S24: keykeg 20l | T24: 4 | U24: =IF(ISBLANK(V24),"",VLOOKUP(V24,$H$6:$K$2000,4,FALSE)/VLOOKUP(V24,$H$6:$K$2000,3,FALSE)*T24) -> 72.6 | V24: LWC03
D25: 45950 | E25: HVB-IMTC | F25: KeyKeg | G25: keykeg 20l | H25: 5227017945 | J25: 40 | K25: =15*40 -> 600 | P25: 2023/008 | Q25: Framblij | R25: 45246 | S25: Dozen 24st APO | T25: =round(T22/24,0) -> 5 | U25: =IF(ISBLANK(V25),"",VLOOKUP(V25,$H$6:$K$2000,4,FALSE)/VLOOKUP(V25,$H$6:$K$2000,3,FALSE)*T25) -> 4.84 | V25: 1
D26: 45950 | E26: HVB-IMTC | G26: Dozen 24st APO | H26: 2505072 | P26: 2023/008 | Q26: Framblij | R26: 45246 | S26: Doos trio 75cl | T26: 20 | U26: =IF(ISBLANK(V26),"",VLOOKUP(V26,$H$6:$K$2000,4,FALSE)/VLOOKUP(V26,$H$6:$K$2000,3,FALSE)*T26) -> 24.666667 | V26: SCP0102.30
D27: 45951 | E27: Brouwland | G27: Fles vichy 33cl | H27: 017.358.3B | J27: 2888 | K27: 582.97 | P27: 2023/005 | Q27: Speculotje | R27: 45252 | S27: kroonkurk wit | T27: 160 | U27: =IF(ISBLANK(V27),"",VLOOKUP(V27,$H$6:$K$2000,4,FALSE)/VLOOKUP(V27,$H$6:$K$2000,3,FALSE)*T27) -> 2.5104 | V27: 122598
P28: 2023/005 | Q28: Speculotje | R28: 45252 | S28: Fles vichy 33cl | T28: 32 | U28: =IF(ISBLANK(V28),"",VLOOKUP(V28,$H$6:$K$2000,4,FALSE)/VLOOKUP(V28,$H$6:$K$2000,3,FALSE)*T28) -> 9.3554571 | V28: 224223057
P29: 2023/005 | Q29: Speculotje | R29: 45252 | S29: Fles belge 75cl | T29: 122 | U29: =IF(ISBLANK(V29),"",VLOOKUP(V29,$H$6:$K$2000,4,FALSE)/VLOOKUP(V29,$H$6:$K$2000,3,FALSE)*T29) -> 159.28394 | V29: 174946
P30: 2023/005 | Q30: Speculotje | R30: 45252 | S30: keykeg 20l | T30: 2 | U30: =IF(ISBLANK(V30),"",VLOOKUP(V30,$H$6:$K$2000,4,FALSE)/VLOOKUP(V30,$H$6:$K$2000,3,FALSE)*T30) -> 36.3 | V30: LWC03
P31: 2023/005 | Q31: Speculotje | R31: 45252 | S31: Doos trio 75cl | T31: 20 | U31: =IF(ISBLANK(V31),"",VLOOKUP(V31,$H$6:$K$2000,4,FALSE)/VLOOKUP(V31,$H$6:$K$2000,3,FALSE)*T31) -> 24.666667 | V31: SCP0102.30
P32: 2023/010 | Q32: FramblijXSpeculotje | R32: 45252 | S32: kroonkurk wit | T32: 90 | U32: =IF(ISBLANK(V32),"",VLOOKUP(V32,$H$6:$K$2000,4,FALSE)/VLOOKUP(V32,$H$6:$K$2000,3,FALSE)*T32) -> 1.4121 | V32: 122598
P33: 2023/010 | Q33: FramblijXSpeculotje | R33: 45252 | S33: Fles belge 75cl | T33: 82 | U33: =IF(ISBLANK(V33),"",VLOOKUP(V33,$H$6:$K$2000,4,FALSE)/VLOOKUP(V33,$H$6:$K$2000,3,FALSE)*T33) -> 107.0597 | V33: 174946
P34: 2023/010 | Q34: FramblijXSpeculotje | R34: 45252 | S34: Fles vichy 33cl | T34: 3 | U34: =IF(ISBLANK(V34),"",VLOOKUP(V34,$H$6:$K$2000,4,FALSE)/VLOOKUP(V34,$H$6:$K$2000,3,FALSE)*T34) -> 0.8770741 | V34: 224223057
P35: 2023/010 | Q35: FramblijXSpeculotje | R35: 45252 | S35: keykeg 20l | T35: 3 | U35: =IF(ISBLANK(V35),"",VLOOKUP(V35,$H$6:$K$2000,4,FALSE)/VLOOKUP(V35,$H$6:$K$2000,3,FALSE)*T35) -> 54.45 | V35: LWC03
P36: 2023/010 | Q36: FramblijXSpeculotje | R36: 45252 | S36: Doos trio 75cl | T36: 20 | U36: =IF(ISBLANK(V36),"",VLOOKUP(V36,$H$6:$K$2000,4,FALSE)/VLOOKUP(V36,$H$6:$K$2000,3,FALSE)*T36) -> 24.666667 | V36: SCP0102.30
P37: 2023/009 | Q37: Malle Magda | R37: 45273 | S37: keykeg 20l | T37: 13 | U37: =IF(ISBLANK(V37),"",VLOOKUP(V37,$H$6:$K$2000,4,FALSE)/VLOOKUP(V37,$H$6:$K$2000,3,FALSE)*T37) -> 228.085 | V37: S81280771
P38: 2023/007 | Q38: Ariadne | R38: 45217 | S38: keykeg 20l | T38: 3 | U38: =IF(ISBLANK(V38),"",VLOOKUP(V38,$H$6:$K$2000,4,FALSE)/VLOOKUP(V38,$H$6:$K$2000,3,FALSE)*T38) -> 54.45 | V38: LWC03
P39: 2024/001 | Q39: Fiery Margarita | R39: 45350 | S39: keykeg 20l | T39: 9 | U39: =IF(ISBLANK(V39),"",VLOOKUP(V39,$H$6:$K$2000,4,FALSE)/VLOOKUP(V39,$H$6:$K$2000,3,FALSE)*T39) -> 157.905 | V39: S81280771
P40: 2024/001 | Q40: Fiery Margarita | R40: 45350 | S40: Fles vichy 33cl | T40: 154 | U40: =IF(ISBLANK(V40),"",VLOOKUP(V40,$H$6:$K$2000,4,FALSE)/VLOOKUP(V40,$H$6:$K$2000,3,FALSE)*T40) -> 45.023137 | V40: 224223057
P41: 2024/001 | Q41: Fiery Margarita | R41: 45350 | S41: kroonkurk wit | T41: 155 | U41: =IF(ISBLANK(V41),"",VLOOKUP(V41,$H$6:$K$2000,4,FALSE)/VLOOKUP(V41,$H$6:$K$2000,3,FALSE)*T41) -> 2.43195 | V41: 122598
P42: 2023/012 | Q42: Heilige Heidi | R42: 45385 | S42: kroonkurk wit | T42: 512 | U42: =IF(ISBLANK(V42),"",VLOOKUP(V42,$H$6:$K$2000,4,FALSE)/VLOOKUP(V42,$H$6:$K$2000,3,FALSE)*T42) -> 8.03328 | V42: 122598
P43: 2023/012 | Q43: Heilige Heidi | R43: 45385 | S43: Fles vichy 33cl | T43: 510 | U43: =IF(ISBLANK(V43),"",VLOOKUP(V43,$H$6:$K$2000,4,FALSE)/VLOOKUP(V43,$H$6:$K$2000,3,FALSE)*T43) -> 149.1026 | V43: 224223057
P44: 2023/012 | Q44: Heilige Heidi | R44: 45385 | S44: keykeg 20l | T44: 2 | U44: =IF(ISBLANK(V44),"",VLOOKUP(V44,$H$6:$K$2000,4,FALSE)/VLOOKUP(V44,$H$6:$K$2000,3,FALSE)*T44) -> 35.09 | V44: S81280771
P45: 2024/003 | Q45: Jolige Yoko | R45: 45413 | S45: kroonkurk wit | T45: 208 | U45: =IF(ISBLANK(V45),"",VLOOKUP(V45,$H$6:$K$2000,4,FALSE)/VLOOKUP(V45,$H$6:$K$2000,3,FALSE)*T45) -> 3.26352 | V45: 122598
P46: 2024/003 | Q46: Jolige Yoko | R46: 45413 | S46: Fles vichy 33cl | T46: 208 | U46: =IF(ISBLANK(V46),"",VLOOKUP(V46,$H$6:$K$2000,4,FALSE)/VLOOKUP(V46,$H$6:$K$2000,3,FALSE)*T46) -> 60.810471 | V46: 224223057
P47: 2024/003 | Q47: Jolige Yoko | R47: 45413 | S47: keykeg 20l | T47: 8 | U47: =IF(ISBLANK(V47),"",VLOOKUP(V47,$H$6:$K$2000,4,FALSE)/VLOOKUP(V47,$H$6:$K$2000,3,FALSE)*T47) -> 140.36 | V47: S81280771
P48: 2024/004 | Q48: Tipsy Tine | R48: 45441 | S48: keykeg 20l | T48: 7 | U48: =IF(ISBLANK(V48),"",VLOOKUP(V48,$H$6:$K$2000,4,FALSE)/VLOOKUP(V48,$H$6:$K$2000,3,FALSE)*T48) -> 122.815 | V48: S81280771
P49: 2024/004 | Q49: Tipsy Tine | R49: 45441 | S49: Fles vichy 33cl | T49: 137 | U49: =IF(ISBLANK(V49),"",VLOOKUP(V49,$H$6:$K$2000,4,FALSE)/VLOOKUP(V49,$H$6:$K$2000,3,FALSE)*T49) -> 40.053051 | V49: 224223057
P50: 2024/004 | Q50: Tipsy Tine | R50: 45441 | S50: kroonkurk wit | T50: 157 | U50: =IF(ISBLANK(V50),"",VLOOKUP(V50,$H$6:$K$2000,4,FALSE)/VLOOKUP(V50,$H$6:$K$2000,3,FALSE)*T50) -> 2.46333 | V50: 122598
P51: 2024/005 | Q51: Magische Millie | R51: 45448 | S51: keykeg 20l | T51: 4 | U51: =IF(ISBLANK(V51),"",VLOOKUP(V51,$H$6:$K$2000,4,FALSE)/VLOOKUP(V51,$H$6:$K$2000,3,FALSE)*T51) -> 70.18 | V51: S81280771
P52: 2024/005 | Q52: Magische Millie | R52: 45448 | S52: Fles vichy 33cl | T52: =16*24-10 -> 374 | U52: =IF(ISBLANK(V52),"",VLOOKUP(V52,$H$6:$K$2000,4,FALSE)/VLOOKUP(V52,$H$6:$K$2000,3,FALSE)*T52) -> 109.3419 | V52: 224223057
P53: 2024/005 | Q53: Magische Millie | R53: 45448 | S53: kroonkurk wit | T53: 400 | U53: =IF(ISBLANK(V53),"",VLOOKUP(V53,$H$6:$K$2000,4,FALSE)/VLOOKUP(V53,$H$6:$K$2000,3,FALSE)*T53) -> 6.276 | V53: 122598
P54: 2024/007 | Q54: Super Suki | R54: 45518 | S54: kroonkurk wit | T54: 370 | U54: =IF(ISBLANK(V54),"",VLOOKUP(V54,$H$6:$K$2000,4,FALSE)/VLOOKUP(V54,$H$6:$K$2000,3,FALSE)*T54) -> 5.8053 | V54: 122598
P55: 2024/007 | Q55: Super Suki | R55: 45518 | S55: Fles vichy 33cl | T55: 355 | U55: =IF(ISBLANK(V55),"",VLOOKUP(V55,$H$6:$K$2000,4,FALSE)/VLOOKUP(V55,$H$6:$K$2000,3,FALSE)*T55) -> 103.7871 | V55: 224223057
P56: 2024/007 | Q56: Super Suki | R56: 45518 | S56: keykeg 20l | T56: 2 | U56: =IF(ISBLANK(V56),"",VLOOKUP(V56,$H$6:$K$2000,4,FALSE)/VLOOKUP(V56,$H$6:$K$2000,3,FALSE)*T56) -> 35.09 | V56: S81280771
P57: 2024/007 | Q57: Super Suki | R57: 45518 | S57: Corny keg 19l | T57: 5 | U57: =IF(ISBLANK(V57),"",VLOOKUP(V57,$H$6:$K$2000,4,FALSE)/VLOOKUP(V57,$H$6:$K$2000,3,FALSE)*T57) -> 50 | V57: MB001
P58: 2023/011 | Q58: Wulpse Wanda | R58: 45560 | S58: keykeg 20l | T58: 4 | U58: =IF(ISBLANK(V58),"",VLOOKUP(V58,$H$6:$K$2000,4,FALSE)/VLOOKUP(V58,$H$6:$K$2000,3,FALSE)*T58) -> 70.18 | V58: S81280771
P59: 2023/011 | Q59: Wulpse Wanda | R59: 45560 | S59: Fles vichy 33cl | T59: 312 | U59: =IF(ISBLANK(V59),"",VLOOKUP(V59,$H$6:$K$2000,4,FALSE)/VLOOKUP(V59,$H$6:$K$2000,3,FALSE)*T59) -> 84.563019 | V59: 017.358.3
P60: 2023/011 | Q60: Wulpse Wanda | R60: 45560 | S60: kroonkurk wit | T60: 320 | U60: =IF(ISBLANK(V60),"",VLOOKUP(V60,$H$6:$K$2000,4,FALSE)/VLOOKUP(V60,$H$6:$K$2000,3,FALSE)*T60) -> 5.0208 | V60: 122598
P61: 2024/008 | Q61: Andere Anna | R61: 45581 | S61: kroonkurk wit | T61: 180 | U61: =IF(ISBLANK(V61),"",VLOOKUP(V61,$H$6:$K$2000,4,FALSE)/VLOOKUP(V61,$H$6:$K$2000,3,FALSE)*T61) -> 1.89 | V61: 012.235.100
P62: 2024/008 | Q62: Andere Anna | R62: 45581 | S62: Fles vichy 33cl | T62: 167 | U62: =IF(ISBLANK(V62),"",VLOOKUP(V62,$H$6:$K$2000,4,FALSE)/VLOOKUP(V62,$H$6:$K$2000,3,FALSE)*T62) -> 45.262898 | V62: 017.358.3
P63: 2024/008 | Q63: Andere Anna | R63: 45581 | S63: keykeg 20l | T63: 8 | U63: =IF(ISBLANK(V63),"",VLOOKUP(V63,$H$6:$K$2000,4,FALSE)/VLOOKUP(V63,$H$6:$K$2000,3,FALSE)*T63) -> 140.36 | V63: S81280771
P64: 2024/009 | Q64: Kinky Kinga | R64: 45644 | S64: keykeg 20l | T64: 11 | U64: =IF(ISBLANK(V64),"",VLOOKUP(V64,$H$6:$K$2000,4,FALSE)/VLOOKUP(V64,$H$6:$K$2000,3,FALSE)*T64) -> 192.995 | V64: S81280771
P65: 2024/009 | Q65: Kinky Kinga | R65: 45644 | S65: Fles vichy 33cl | T65: 10 | U65: =IF(ISBLANK(V65),"",VLOOKUP(V65,$H$6:$K$2000,4,FALSE)/VLOOKUP(V65,$H$6:$K$2000,3,FALSE)*T65) -> 2.7103532 | V65: 017.358.3
P66: 2024/009 | Q66: Kinky Kinga | R66: 45644 | S66: kroonkurk wit | T66: 12 | U66: =IF(ISBLANK(V66),"",VLOOKUP(V66,$H$6:$K$2000,4,FALSE)/VLOOKUP(V66,$H$6:$K$2000,3,FALSE)*T66) -> 0.126 | V66: 012.235.100
P67: 2024/010 | Q67: Joviale Jasmien | R67: 45665 | S67: keykeg 20l | T67: 3 | U67: =IF(ISBLANK(V67),"",VLOOKUP(V67,$H$6:$K$2000,4,FALSE)/VLOOKUP(V67,$H$6:$K$2000,3,FALSE)*T67) -> 52.635 | V67: S81280771
P68: 2024/010 | Q68: Joviale Jasmien | R68: 45665 | S68: Corny keg 19l | T68: 1 | U68: =IF(ISBLANK(V68),"",VLOOKUP(V68,$H$6:$K$2000,4,FALSE)/VLOOKUP(V68,$H$6:$K$2000,3,FALSE)*T68) -> 10 | V68: MB001
P69: 2024/010 | Q69: Joviale Jasmien | R69: 45665 | S69: Fles vichy 33cl | T69: =19*24+13 -> 469 | U69: =IF(ISBLANK(V69),"",VLOOKUP(V69,$H$6:$K$2000,4,FALSE)/VLOOKUP(V69,$H$6:$K$2000,3,FALSE)*T69) -> 127.11556 | V69: 017.358.3
P70: 2024/010 | Q70: Joviale Jasmien | R70: 45665 | S70: kroonkurk wit | T70: 473 | U70: =IF(ISBLANK(V70),"",VLOOKUP(V70,$H$6:$K$2000,4,FALSE)/VLOOKUP(V70,$H$6:$K$2000,3,FALSE)*T70) -> 4.9665 | V70: 012.235.100
P71: Ongeschikt | R71: 45672 | S71: Fles Longneck 33cl | T71: 142 | U71: =IF(ISBLANK(V71),"",VLOOKUP(V71,$H$6:$K$2000,4,FALSE)/VLOOKUP(V71,$H$6:$K$2000,3,FALSE)*T71) -> 79.391225 | V71: 224222382
P72: 2024/011 | Q72: Malafide Margarita | R72: 45694 | S72: Fles vichy 33cl | T72: 510 | U72: =IF(ISBLANK(V72),"",VLOOKUP(V72,$H$6:$K$2000,4,FALSE)/VLOOKUP(V72,$H$6:$K$2000,3,FALSE)*T72) -> 138.22801 | V72: 017.358.3
P73: 2024/011 | Q73: Malafide Margarita | R73: 45694 | S73: kroonkurk wit | T73: 520 | U73: =IF(ISBLANK(V73),"",VLOOKUP(V73,$H$6:$K$2000,4,FALSE)/VLOOKUP(V73,$H$6:$K$2000,3,FALSE)*T73) -> 5.46 | V73: 012.235.100
P74: 2024/011 | Q74: Malafide Margarita | R74: 45694 | S74: keykeg 20l | T74: 5 | U74: =IF(ISBLANK(V74),"",VLOOKUP(V74,$H$6:$K$2000,4,FALSE)/VLOOKUP(V74,$H$6:$K$2000,3,FALSE)*T74) -> 87.725 | V74: S81280771
P75: 2025/001 | Q75: Passionele Pommelien | R75: 45721 | S75: Fles vichy 33cl | T75: 1275 | U75: =IF(ISBLANK(V75),"",VLOOKUP(V75,$H$6:$K$2000,4,FALSE)/VLOOKUP(V75,$H$6:$K$2000,3,FALSE)*T75) -> 345.57003 | V75: 017.358.3
P76: 2025/001 | Q76: Passionele Pommelien | R76: 45721 | S76: kroonkurk wit | T76: 1300 | U76: =IF(ISBLANK(V76),"",VLOOKUP(V76,$H$6:$K$2000,4,FALSE)/VLOOKUP(V76,$H$6:$K$2000,3,FALSE)*T76) -> 13.65 | V76: 012.235.100
P77: 2025/002 | Q77: BB | R77: 45756 | S77: Fles vichy 33cl | T77: =652-96 -> 556 | U77: =IF(ISBLANK(V77),"",VLOOKUP(V77,$H$6:$K$2000,4,FALSE)/VLOOKUP(V77,$H$6:$K$2000,3,FALSE)*T77) -> 122.15443 | V77: 017.358.3B
P78: 2025/002 | Q78: BB | R78: 45756 | S78: Fles vichy 33cl | T78: 96 | U78: =IF(ISBLANK(V78),"",VLOOKUP(V78,$H$6:$K$2000,4,FALSE)/VLOOKUP(V78,$H$6:$K$2000,3,FALSE)*T78) -> 26.019391 | V78: 017.358.3
P79: 2025/002 | Q79: BB | R79: 45756 | S79: kroonkurk wit | T79: 700 | U79: =IF(ISBLANK(V79),"",VLOOKUP(V79,$H$6:$K$2000,4,FALSE)/VLOOKUP(V79,$H$6:$K$2000,3,FALSE)*T79) -> 7.35 | V79: 012.235.100
P80: 2025/003 | Q80: CK | R80: 45784 | S80: Fles vichy 33cl | T80: 414 | U80: =IF(ISBLANK(V80),"",VLOOKUP(V80,$H$6:$K$2000,4,FALSE)/VLOOKUP(V80,$H$6:$K$2000,3,FALSE)*T80) -> 90.956717 | V80: 017.358.3B
P81: 2025/003 | Q81: CK | R81: 45784 | S81: kroonkurk wit | T81: 420 | U81: =IF(ISBLANK(V81),"",VLOOKUP(V81,$H$6:$K$2000,4,FALSE)/VLOOKUP(V81,$H$6:$K$2000,3,FALSE)*T81) -> 4.41 | V81: 012.235.100
P82: 2025/003 | Q82: CK | R82: 45784 | S82: keykeg 20l | T82: 6 | U82: =IF(ISBLANK(V82),"",VLOOKUP(V82,$H$6:$K$2000,4,FALSE)/VLOOKUP(V82,$H$6:$K$2000,3,FALSE)*T82) -> 105.27 | V82: S81280771
P83: 2025/004 | Q83: LL | R83: 45813 | S83: keykeg 20l | T83: 6 | U83: =IF(ISBLANK(V83),"",VLOOKUP(V83,$H$6:$K$2000,4,FALSE)/VLOOKUP(V83,$H$6:$K$2000,3,FALSE)*T83) -> 105.27 | V83: S81280771
P84: 2025/004 | Q84: LL | R84: 45813 | S84: Fles vichy 33cl | T84: 298 | U84: =IF(ISBLANK(V84),"",VLOOKUP(V84,$H$6:$K$2000,4,FALSE)/VLOOKUP(V84,$H$6:$K$2000,3,FALSE)*T84) -> 65.47126 | V84: 017.358.3B
P85: 2025/004 | Q85: LL | R85: 45813 | S85: kroonkurk wit | T85: 310 | U85: =IF(ISBLANK(V85),"",VLOOKUP(V85,$H$6:$K$2000,4,FALSE)/VLOOKUP(V85,$H$6:$K$2000,3,FALSE)*T85) -> 3.255 | V85: 012.235.100
P86: 2025/005 | Q86: AA | R86: 45489 | S86: keykeg 20l | T86: 8 | U86: =IF(ISBLANK(V86),"",VLOOKUP(V86,$H$6:$K$2000,4,FALSE)/VLOOKUP(V86,$H$6:$K$2000,3,FALSE)*T86) -> 140.36 | V86: S81280771
P87: 2025/005 | Q87: AA | R87: 45489 | S87: Fles vichy 33cl | T87: 345 | U87: =IF(ISBLANK(V87),"",VLOOKUP(V87,$H$6:$K$2000,4,FALSE)/VLOOKUP(V87,$H$6:$K$2000,3,FALSE)*T87) -> 75.797265 | V87: 017.358.3B
P88: 2025/005 | Q88: AA | R88: 45489 | S88: kroonkurk wit | T88: 360 | U88: =IF(ISBLANK(V88),"",VLOOKUP(V88,$H$6:$K$2000,4,FALSE)/VLOOKUP(V88,$H$6:$K$2000,3,FALSE)*T88) -> 3.78 | V88: 012.235.100
P89: 2025/006 | Q89: LL | R89: 45489 | S89: keykeg 20l | T89: 8 | U89: =IF(ISBLANK(V89),"",VLOOKUP(V89,$H$6:$K$2000,4,FALSE)/VLOOKUP(V89,$H$6:$K$2000,3,FALSE)*T89) -> 140.36 | V89: S81280771
... P92: 2025/007 | Q92: CC | R92: 45945 | S92: keykeg 20l | T92: 5 | U92: =IF(ISBLANK(V92),"",VLOOKUP(V92,$H$6:$K$2000,4,FALSE)/VLOOKUP(V92,$H$6:$K$2000,3,FALSE)*T92) -> 87.725 | V92: S81280771
P93: 2025/007 | Q93: CC | R93: 45945 | S93: Fles vichy 33cl | T93: =22*24 -> 528 | U93: =IF(ISBLANK(V93),"",VLOOKUP(V93,$H$6:$K$2000,4,FALSE)/VLOOKUP(V93,$H$6:$K$2000,3,FALSE)*T93) -> 116.00277 | V93: 017.358.3B
P94: 2025/007 | Q94: CC | R94: 45945 | S94: kroonkurk wit | T94: 530 | U94: =IF(ISBLANK(V94),"",VLOOKUP(V94,$H$6:$K$2000,4,FALSE)/VLOOKUP(V94,$H$6:$K$2000,3,FALSE)*T94) -> 5.565 | V94: 012.235.100
P95: 2025/008 | Q95: FF | R95: 45945 | S95: keykeg 20l | T95: 10 | U95: =IF(ISBLANK(V95),"",VLOOKUP(V95,$H$6:$K$2000,4,FALSE)/VLOOKUP(V95,$H$6:$K$2000,3,FALSE)*T95) -> 175.45 | V95: S81280771
P96: 2025/008 | Q96: FF | R96: 45945 | S96: Fles vichy 33cl | T96: 241 | U96: =IF(ISBLANK(V96),"",VLOOKUP(V96,$H$6:$K$2000,4,FALSE)/VLOOKUP(V96,$H$6:$K$2000,3,FALSE)*T96) -> 52.948234 | V96: 017.358.3B
P97: 2025/008 | Q97: FF | R97: 45945 | S97: kroonkurk wit | T97: 245 | U97: =IF(ISBLANK(V97),"",VLOOKUP(V97,$H$6:$K$2000,4,FALSE)/VLOOKUP(V97,$H$6:$K$2000,3,FALSE)*T97) -> 2.5725 | V97: 012.235.100
P98: 2025/009 | Q98: PP | R98: 45973 | S98: Fles vichy 33cl | T98: =30*24+4 -> 724 | U98: =IF(ISBLANK(V98),"",VLOOKUP(V98,$H$6:$K$2000,4,FALSE)/VLOOKUP(V98,$H$6:$K$2000,3,FALSE)*T98) -> 159.0644 | V98: 017.358.3B
P99: 2025/009 | Q99: PP | R99: 45973 | S99: kroonkurk wit | T99: 728 | U99: =IF(ISBLANK(V99),"",VLOOKUP(V99,$H$6:$K$2000,4,FALSE)/VLOOKUP(V99,$H$6:$K$2000,3,FALSE)*T99) -> 7.644 | V99: 012.235.100
P100: 2025/009 | Q100: PP | R100: 45973 | S100: keykeg 20l | T100: 9 | U100: =IF(ISBLANK(V100),"",VLOOKUP(V100,$H$6:$K$2000,4,FALSE)/VLOOKUP(V100,$H$6:$K$2000,3,FALSE)*T100) -> 135 | V100: 5227017945
P101: / | Q101: / | R101: 45973 | S101: keykeg 20l | T101: 1 | U101: =IF(ISBLANK(V101),"",VLOOKUP(V101,$H$6:$K$2000,4,FALSE)/VLOOKUP(V101,$H$6:$K$2000,3,FALSE)*T101) -> 15 | V101: 5227017945 | W101: fout gevuld
P102: 2025/010 | Q102: DD | R102: 46009 | S102: keykeg 20l | T102: 3 | U102: =IF(ISBLANK(V102),"",VLOOKUP(V102,$H$6:$K$2000,4,FALSE)/VLOOKUP(V102,$H$6:$K$2000,3,FALSE)*T102) -> 45 | V102: 5227017945
P103: 2025/010 | Q103: DD | R103: 46009 | S103: Fles vichy 33cl | T103: 536 | U103: =IF(ISBLANK(V103),"",VLOOKUP(V103,$H$6:$K$2000,4,FALSE)/VLOOKUP(V103,$H$6:$K$2000,3,FALSE)*T103) -> 117.76039 | V103: 017.358.3B
P104: 2025/010 | Q104: DD | R104: 46009 | S104: kroonkurk wit | T104: 540 | U104: =IF(ISBLANK(V104),"",VLOOKUP(V104,$H$6:$K$2000,4,FALSE)/VLOOKUP(V104,$H$6:$K$2000,3,FALSE)*T104) -> 5.67 | V104: 012.235.100
...

Sheet Grondstoffen
A1: Overzicht grondstoffen
A3: Man & Brouw | B3: BE0778.696.105
A4: entrepotnr:
A5: Mout | G5: Hop
A6: Tab | B6: Naam | C6: Voorraad [kg] | D6: Opmerkingen | G6: Tab | H6: Naam | I6: Voorraad [kg] | J6: Opmerkingen
A7: 001 | B7: Pilsmout | C7: ='001 - Pilsmout'!$N$3 -> 0 | G7: 101 | H7: ='101 - Mandarina Bavaria'!A1 -> Mandarina Bavaria | I7: ='101 - Mandarina Bavaria'!N3 -> 0
A8: 002 | B8: Tarwemout | C8: ='002 - Tarwemout'!$N$3 -> 15.9 | G8: 102 | H8: ='102 - Galaxy'!A1 -> Galaxy | I8: ='102 - Galaxy'!N3 -> 0
A9: 003 | B9: ='003 - CaraAroma'!A1 -> CaraAroma | C9: ='003 - CaraAroma'!$N$3 -> 12.5 | G9: 103 | H9: ='103 - Idaho7'!A1 -> Idaho7 | I9: ='103 - Idaho7'!N3 -> 0
A10: 004 | B10: Munich mout | C10: ='004 - Munich mout'!$N$3 -> 25 | G10: 104
A11: 005 | B11: Witte haver | C11: ='006 - CaraGold'!$N$3 -> 13 | G11: 105
A12: 006 | B12: ='006 - CaraGold'!A1 -> CaraGold | C12: ='005 - Witte haver'!$N$3 -> 20 | G12: 106
A13: 007 | B13: ='007 - CaraBody'!A1 -> CaraBody | C13: ='007 - CaraBody'!N3 -> 0 | G13: 107
A14: 008 | B14: ='008 - Biscuit'!A1 -> Biscuit | C14: ='008 - Biscuit'!N3 -> 1 | G14: 108
A15: 009 | B15: ='009 - Chocolate Dark'!A1 -> Chocolate Dark | C15: ='009 - Chocolate Dark'!N3 -> 1 | G15: 109
A16: 010 | G16: 110
A17: 011 | G17: 111
A18: 012 | G18: 112
A19: 013 | G19: 113
A20: 014 | G20: 114
A21: 015 | G21: 115
A22: 016 | G22: 116
G23: 117
G24: 118
G25: 119
G26: 120
G27: 121
G28: 122
G29: 123
G30: 124
G31: 125
G32: 126
G33: 127
G34: 128

Sheet Uitleg
A1: Personeelsleden | B1: Types afwijkingen | C1: Acties bij afwijking
A2: Sibren | B2: Hygiene bij levering | C2: Terugzending
A3: Tom | B3: Verpakking | C3: Liquidatie
B4: Temperatuur bij levering | C4: Rechtzetting
B5: Houdbaarheid | C5: Negeren
B6: Kwaliteit
B7: Bestelling

Sheet 0 - Template
A1: Template
A3: Type | C3: Mout | M3: Voorraad | N3: =SUM(H6:H1000) - SUM(O6:O1000) -> 51 | O3: kg
A5: Nr inslagbon | B5: Factuur nummer | C5: Naam ontvanger | D5: Datum | E5: Leverancier | F5: Lot | G5: Houdbaar tot | H5: Hoeveelheid [kg] | I5: Afwijking? | J5: Actie? | K5: Opmerkingen | M5: Nr Brouwsel | N5: Datum | O5: Hoeveelheid [kg] | P5: Lot
A6: Test-001 | C6: Sibren | D6: 44917 | E6: Hof Ten Dormaal | H6: 100 | M6: 2022-001 | N6: 32/12/2022 | O6: 32
M7: 2022-002 | N7: 33/12/2022 | O7: 17

Sheet 001 - Pilsmout
A1: Pilsmout
A3: Type | C3: Mout | M3: Voorraad | N3: =SUM(H6:H1000) - SUM(O6:O1000) -> 0 | O3: kg
A5: Nr inslagbon | B5: Factuur nummer | C5: Naam ontvanger | D5: Datum | E5: Leverancier | F5: Lot | G5: Houdbaar tot | H5: Hoeveelheid [kg] | I5: Afwijking? | J5: Actie? | K5: Opmerkingen | M5: Nr Brouwsel | N5: Datum | O5: Hoeveelheid [kg] | P5: Lot
C6: Tom | D6: 45009 | E6: Hof Ten Dormaal | F6: 23-004 | G6: 45658 | H6: 50 | M6: 2023/001 | N6: 45015 | O6: 40 | P6: 24-004
M7: 2023/002 | N7: 45015 | O7: 10 | P7: 24-004

Sheet 002 - Tarwemout
A1: Tarwemout
A3: Type | B3: Mout | M3: Voorraad | N3: =SUM(H6:H1000) - SUM(O6:O1000) -> 15.9 | O3: kg
A5: Nr inslagbon | B5: Factuur nummer | C5: Naam ontvanger | D5: Datum | E5: Leverancier | F5: Lot | G5: Houdbaar tot | H5: Hoeveelheid [kg] | I5: Afwijking? | J5: Actie? | K5: Opmerkingen | M5: Nr Brouwsel | N5: Datum | O5: Hoeveelheid [kg] | P5: Lot
C6: Tom | D6: 45009 | E6: Hof ten Dormaal | F6: 23-011 | G6: 45689 | H6: 25 | M6: 2023/001 | N6: 45015 | O6: 20 | P6: 23-011
C7: Tom | D7: 45009 | E7: Hof ten Dormaal | F7: 23-008 | G7: 45689 | H7: 25 | M7: 2023/002 | N7: 45015 | O7: 5 | P7: 23-011
M8: 2023/003 | N8: 45020 | O8: 9.1 | P8: 23-008

Sheet Grondstof soorten
A1: Grodstof soorten
A3: Voeg hier de verschillende grondstoffen toe
A6: Granen | B6: Toevoegingen | C6: Hop | D6: Gist | E6: Verpakking
A7: Pilsmout | B7: Bruine suiker | C7: Mandarina Bavaria | D7: S-04 | E7: Fles vichy 33cl
A8: Tarwemout | B8: Witte suiker | C8: Idaho7 | D8: Voss Kveik | E8: keykeg 20l
A9: Munich | B9: Appelsienen | C9: Citra | D9: Verdant IPA | E9: kroonkurk wit
A10: Chocolate Dark | B10: Limoen | C10: Galaxy | D10: LP652 | E10: Fles Longneck 33cl
A11: CaraAroma | B11: Grof zeezout | C11: Styrian Dana | D11: WB-06 | E11: Dozen 24st APO
A12: Witte Haver | B12: cacaobonen | C12: Magnum | D12: BE-256 | E12: Fles belge 75cl
A13: CaraGold | B13: Speculaaskruiden | C13: Hallertau Blanc | D13: S-33 | E13: Doos trio 75cl
A14: CaraBody | B14: Rabarber | C14: Styrian Dragon | D14: US-05 | E14: Corny keg 19l
A15: Biscuit | B15: Frambozen diepvries | C15: Calista | D15: Aspergillus Luchuensis
A16: Tarwe | B16: yuzu aroma | C16: Solero | D16: BE-134
A17: Oud brood | B17: oranjebloesem | C17: Barbe Rouge | D17: cider M02
A18: Havervlokken | B18: Bhut Jolokia | C18: Saaz+FirstGold 2023 | D18: Apres-Ski
A19: CaraAmber | B19: mandarijnen | C19: Nelson Sauvin
A20: Caramel 30 | B20: mandarijn aroma | C20: Cashmere
A21: parelgerst | B21: Japanse duizendknoop | C21: Sabro
A22: Cara 50 MD | B22: pompelmoes | C22: Crystal
A23: Sushi rijst | B23: Kersen | C23: Motueka
A24: Spelt | B24: Tonkabonen | C24: Hallertau Cascade
A25: rijsthulzen | B25: Pompelmoesmunt | C25: Styrian Kolibri
A26: Carafa Special | B26: King mints | C26: Bobek
B27: Green Sichuan Pepper | C27: Talus
B28: groene thee | C28: Pacific Jade
B29: jasmijn | C29: Tuinhop
B30: Kamillebloemen | C30: Ariana
B31: Bloedappelsiensap | C31: Tango
B32: Bloedappelsienen
B33: koffie
B34: vanille
B35: appelsap
B36: Gember
B37: Citroengras
B38: kokosnoot
B39: abrikoos
B40: citroen
B41: aardbei
B42: hotsauce
B43: Zwarte Peper Lampong
... B47: Timut peper

Sheet 003 - CaraAroma
A1: CaraAroma
A3: Type | B3: Mout | M3: Voorraad | N3: =SUM(H6:H1000) - SUM(O6:O1000) -> 12.5 | O3: kg
A5: Nr inslagbon | B5: Factuur nummer | C5: Naam ontvanger | D5: Datum | E5: Leverancier | F5: Lot | G5: Houdbaar tot | H5: Hoeveelheid [kg] | I5: Afwijking? | J5: Actie? | K5: Opmerkingen | M5: Nr Brouwsel | N5: Datum | O5: Hoeveelheid [kg] | P5: Lot
A6: 372012518 | C6: Sibren | D6: 45013 | E6: Weyermann | F6: Y017 | G6: 45552 | H6: 25 | I6: Verpakking | J6: Rechtzetting | K6: Verpakking gescheurd en getaped | M6: 2023/003 | N6: 45020 | O6: 12.5 | P6: Y017

Sheet 004 - Munich mout
A1: Munich mout
A3: Type | B3: Mout | M3: Voorraad | N3: =SUM(H6:H1000) - SUM(O6:O1000) -> 25 | O3: kg
A5: Nr inslagbon | B5: Factuur nummer | C5: Naam ontvanger | D5: Datum | E5: Leverancier | F5: Lot | G5: Houdbaar tot | H5: Hoeveelheid [kg] | I5: Afwijking? | J5: Actie? | K5: Opmerkingen | M5: Nr Brouwsel | N5: Datum | O5: Hoeveelheid [kg] | P5: Lot
C6: Tom | D6: 45009 | E6: Hof ten Dormaal | F6: 22-086 | G6: 45505 | H6: 75 | M6: 2023/003 | N6: 45020 | O6: 50 | P6: 22-086

Sheet 005 - Witte haver
A1: Tarwemout
A3: Type | B3: Mout | M3: Voorraad | N3: =SUM(H6:H1000) - SUM(O6:O1000) -> 20 | O3: kg
A5: Nr inslagbon | B5: Factuur nummer | C5: Naam ontvanger | D5: Datum | E5: Leverancier | F5: Lot | G5: Houdbaar tot | H5: Hoeveelheid [kg] | I5: Afwijking? | J5: Actie? | K5: Opmerkingen | M5: Nr Brouwsel | N5: Datum | O5: Hoeveelheid [kg] | P5: Lot
C6: Tom | D6: 45009 | E6: Hof ten Dormaal | F6: 22-016 | G6: 45352 | H6: 25 | M6: 2023/003 | N6: 45020 | O6: 5 | P6: 22-016

Sheet 006 - CaraGold
A1: CaraGold
A3: Type | B3: Mout | M3: Voorraad | N3: =SUM(H6:H1000) - SUM(O6:O1000) -> 13 | O3: kg
A5: Nr inslagbon | B5: Factuur nummer | C5: Naam ontvanger | D5: Datum | E5: Leverancier | F5: Lot | G5: Houdbaar tot | H5: Hoeveelheid [kg] | I5: Afwijking? | J5: Actie? | K5: Opmerkingen | M5: Nr Brouwsel | N5: Datum | O5: Hoeveelheid [kg] | P5: Lot
A6: 372012518 | B6: 202305 | C6: Sibren | D6: 45013 | E6: Castle Malting | F6: M221200246 | G6: 45645 | H6: 25 | M6: 2023/003 | N6: 45020 | O6: 12 | P6: M221200246

Sheet 007 - CaraBody
A1: CaraBody
A3: Type | B3: Mout | M3: Voorraad | N3: =SUM(H6:H1000) - SUM(O6:O1000) -> 0 | O3: kg
A5: Nr inslagbon | B5: Factuur nummer | C5: Naam ontvanger | D5: Datum | E5: Leverancier | F5: Lot | G5: Houdbaar tot | H5: Hoeveelheid [kg] | I5: Afwijking? | J5: Actie? | K5: Opmerkingen | M5: Nr Brouwsel | N5: Datum | O5: Hoeveelheid [kg] | P5: Lot
A6: 372012518 | B6: 202305 | C6: Sibren | D6: 45013 | E6: Brouwland | F6: BA/2022-01-27/cb | G6: 45538 | H6: 5 | M6: 2023/001 | N6: 45015 | O6: 4 | P6: BA/2022-01-27/cb
M7: 2023/002 | N7: 45015 | O7: 1 | P7: BA/2022-01-27/cb

Sheet 008 - Biscuit
A1: Biscuit
A3: Type | B3: Mout | M3: Voorraad | N3: =SUM(H6:H1000) - SUM(O6:O1000) -> 1 | O3: kg
A5: Nr inslagbon | B5: Factuur nummer | C5: Naam ontvanger | D5: Datum | E5: Leverancier | F5: Lot | G5: Houdbaar tot | H5: Hoeveelheid [kg] | I5: Afwijking? | J5: Actie? | K5: Opmerkingen | M5: Nr Brouwsel | N5: Datum | O5: Hoeveelheid [kg] | P5: Lot
A6: 372012518 | B6: 202305 | C6: Sibren | D6: 45013 | E6: Brouwland | F6: BA/M221000179 | G6: 45452 | H6: 5 | M6: 2023/001 | N6: 45020 | O6: 5 | P6: BA/M221000179
A7: 372012518 | B7: 202305 | C7: Sibren | D7: 45013 | E7: Brouwland | F7: BA/M230100326 | G7: 45545 | H7: 1

Sheet 009 - Chocolate Dark
A1: Chocolate Dark
A3: Type | B3: Mout | M3: Voorraad | N3: =SUM(H6:H1000) - SUM(O6:O1000) -> 1 | O3: kg
A5: Nr inslagbon | B5: Factuur nummer | C5: Naam ontvanger | D5: Datum | E5: Leverancier | F5: Lot | G5: Houdbaar tot | H5: Hoeveelheid [kg] | I5: Afwijking? | J5: Actie? | K5: Opmerkingen | M5: Nr Brouwsel | N5: Datum | O5: Hoeveelheid [kg] | P5: Lot
A6: 372012518 | B6: 202305 | C6: Sibren | D6: 45013 | E6: Brouwland | F6: BA/20221010/C212 | G6: 45521 | H6: 5 | M6: 2023/003 | N6: 45020 | O6: 5 | P6: BA/20221010/C212
A7: 372012518 | B7: 202305 | C7: Sibren | D7: 45013 | E7: Brouwland | F7: BA/20221010/CZ12 | G7: 45528 | H7: 1

Sheet 101 - Mandarina Bavaria
A1: Mandarina Bavaria
A3: Type | B3: Hop | M3: Voorraad | N3: =SUM(H6:H1000) - SUM(O6:O1000) -> 0 | O3: kg
A5: Nr inslagbon | B5: Factuur nummer | C5: Naam ontvanger | D5: Datum | E5: Leverancier | F5: Lot | G5: Houdbaar tot | H5: Hoeveelheid [kg] | I5: Afwijking? | J5: Actie? | K5: Opmerkingen | M5: Nr Brouwsel | N5: Datum | O5: Hoeveelheid [kg] | P5: Lot
A6: 372012518 | B6: 202305 | C6: Sibren | D6: 45013 | E6: Brouwland | F6: 22-0125 | G6: 46022 | H6: 1 | M6: 2023/001 | N6: 45015 | O6: 0.4 | P6: 22-0125
M7: 2023/003 | N7: 45020 | O7: 0.6 | P7: 22-0125

Sheet 102 - Galaxy
A1: Galaxy
A3: Type | B3: Hop | M3: Voorraad | N3: =SUM(H6:H1000) - SUM(O6:O1000) -> 0 | O3: kg
A5: Nr inslagbon | B5: Factuur nummer | C5: Naam ontvanger | D5: Datum | E5: Leverancier | F5: Lot | G5: Houdbaar tot | H5: Hoeveelheid [kg] | I5: Afwijking? | J5: Actie? | K5: Opmerkingen | M5: Nr Brouwsel | N5: Datum | O5: Hoeveelheid [kg] | P5: Lot
A6: 372012518 | B6: 202305 | C6: Sibren | D6: 45013 | E6: Brouwland | F6: VX16 | G6: 45754 | H6: 0.2 | M6: 2023/002 | N6: 45015 | O6: 0.2 | P6: VX16

Sheet 103 - Idaho7
A1: Idaho7
A3: Type | B3: Hop | M3: Voorraad | N3: =SUM(H6:H1000) - SUM(O6:O1000) -> 0 | O3: kg
A5: Nr inslagbon | B5: Factuur nummer | C5: Naam ontvanger | D5: Datum | E5: Leverancier | F5: Lot | G5: Houdbaar tot | H5: Hoeveelheid [kg] | I5: Afwijking? | J5: Actie? | K5: Opmerkingen | M5: Nr Brouwsel | N5: Datum | O5: Hoeveelheid [kg] | P5: Lot
A6: 372012518 | B6: 202305 | C6: Sibren | D6: 45013 | E6: Brouwland | F6: 1809 | G6: 45291 | H6: 0.1 | M6: 2023/002 | N6: 45015 | O6: 0.1 | P6: 1809

Sheet 104 - Citra
A1: Idaho7
A3: Type | B3: Hop | M3: Voorraad | N3: =SUM(H6:H1000) - SUM(O6:O1000) -> 0 | O3: kg
A5: Nr inslagbon | B5: Factuur nummer | C5: Naam ontvanger | D5: Datum | E5: Leverancier | F5: Lot | G5: Houdbaar tot | H5: Hoeveelheid [kg] | I5: Afwijking? | J5: Actie? | K5: Opmerkingen | M5: Nr Brouwsel | N5: Datum | O5: Hoeveelheid [kg] | P5: Lot
A6: 372012518 | B6: 202305 | C6: Sibren | D6: 45013 | E6: Brouwland | F6: 1809 | G6: 45291 | H6: 0.1 | M6: 2023/002 | N6: 45015 | O6: 0.1 | P6: 1809
