Workbook
Name OG: 'XXX - cola sour'!$B$9
Name Volume: #REF!
Name OG: 'XXX - Parelende Pippa'!$B$9
Name ABV: '002 - Exquise Elise'!$B$11
Name FG: '008 - Pastry Orangette'!$B$10
Name Attenuation: 'XXX - Parelende Pippa'!$B$7
Name Volume: 'XXX - Parelende Pippa'!$B$5
Name Volume: '004 - Elegante Elodie'!$B$5
Name Brouwefficientie: #REF!
Name FG: 'XXX - Parelende Pippa'!$B$10
Name FG: '003 - Mystieke Margarita'!$B$10
Name OG: '003 - Mystieke Margarita'!$B$9
Name kgperpound: Data!$E$3
Name ABV: '001 - Heisse Hetty'!$B$11
Name ABV: '008 - Pastry Orangette'!$B$11
Name ABV: 'XXX - Parelende Pippa'!$B$11
Name FG: '002 - Exquise Elise'!$B$10
Name Plato: '001 - Heisse Hetty'!$B$12
Name Brouwefficientie: '008 - Pastry Orangette'!$B$8
Name Attenuation: '003 - Mystieke Margarita'!$B$7
Name Volume: '003 - Mystieke Margarita'!$B$5
Name OG: '008 - Pastry Orangette'!$B$9
Name Plato: 'XXX - Parelende Pippa'!$B$12
Name Attenuation: 'XXX - cola sour'!$B$7
Name lpergallon: Data!$E$2
Name Plato: #REF!
Name Attenuation: '004 - Elegante Elodie'!$B$7
Name FG: '001 - Heisse Hetty'!$B$10
Name FG: #REF!
Name Volume: '008 - Pastry Orangette'!$B$5
Name Plato: 'XXX - cola sour'!$B$12
Name Attenuation: '002 - Exquise Elise'!$B$7
Name Plato: '008 - Pastry Orangette'!$B$12
Name Brouwefficientie: '001 - Heisse Hetty'!$B$8
Name Brouwefficientie: 'XXX - cola sour'!$B$8
Name Attenuation: #REF!
Name FG: 'XXX - cola sour'!$B$10
Name ABV: '004 - Elegante Elodie'!$B$11
Name ABV: #REF!
Name Plato: '002 - Exquise Elise'!$B$12
Name Brouwefficientie: '002 - Exquise Elise'!$B$8
Name Attenuation: '008 - Pastry Orangette'!$B$7
Name OG: '002 - Exquise Elise'!$B$9
Name OG: '004 - Elegante Elodie'!$B$9
Name Volume: '002 - Exquise Elise'!$B$5
Name FG: '004 - Elegante Elodie'!$B$10
Name ozpergram: Data!$E$4
Name OG: #REF!
Name Brouwefficientie: '003 - Mystieke Margarita'!$B$8
Name Volume: 'XXX - cola sour'!$B$5
Name Attenuation: '001 - Heisse Hetty'!$B$7
Name OG: '001 - Heisse Hetty'!$B$9
Name ABV: '003 - Mystieke Margarita'!$B$11
Name Plato: '003 - Mystieke Margarita'!$B$12
Name ABV: 'XXX - cola sour'!$B$11
Name Volume: '001 - Heisse Hetty'!$B$5
Name Brouwefficientie: '004 - Elegante Elodie'!$B$8
Name Plato: '004 - Elegante Elodie'!$B$12
Name Brouwefficientie: 'XXX - Parelende Pippa'!$B$8

Sheet Overzicht
A1: T
A3: Brouwerij | B3: Man & Brouw
B4: BE0778.696.105
A6: Overzicht | D6: Verwacht | H6: Gemeten
A7: Fiche nummer | B7: Naam | C7: Sheet name | D7: OG | E7: FG | F7: ABV | G7: Plato | H7: OG | I7: FG | J7: ABV | K7: Plato | L7: Brouwefficientie
A8: 2026/001 | B8: Heisse Hetty | C8: =concat(MID(A8,6,3),concat(" - ", B8)) -> 001 - Heisse Hetty | D8: =iferror(INDIRECT(CONCATENATE(C8,"!","$G$5")),"") -> 1.0478662 | E8: =iferror(INDIRECT(CONCATENATE(C8,"!","$G$6")),"") -> 1.0095732 | F8: =iferror(INDIRECT(CONCATENATE(C8,"!","$G$7")),"") -> 0.050259526 | G8: =iferror(INDIRECT(CONCATENATE(C8,"!","$G$8")),"") -> 11.878125 | H8: =iferror(INDIRECT(CONCATENATE(C8,"!","$K$5")),"") | I8: =iferror(INDIRECT(CONCATENATE(C8,"!","$K$6")),"") | J8: =iferror(INDIRECT(CONCATENATE(C8,"!","$K$7")),"") | K8: =iferror(INDIRECT(CONCATENATE(C8,"!","$K$8")),"") | L8: =iferror(INDIRECT(CONCATENATE(C8,"!","$K$9")),"") -> 0
A9: 2026/002 | B9: Exquise Elise | C9: =concat(MID(A9,6,3),concat(" - ", B9)) -> 002 - Exquise Elise | D9: =iferror(INDIRECT(CONCATENATE(C9,"!","$G$5")),"") -> 1.0493378 | E9: =iferror(INDIRECT(CONCATENATE(C9,"!","$G$6")),"") -> 1.0024669 | F9: =iferror(INDIRECT(CONCATENATE(C9,"!","$G$7")),"") -> 0.061518123 | G9: =iferror(INDIRECT(CONCATENATE(C9,"!","$G$8")),"") -> 12.228125 | H9: =iferror(INDIRECT(CONCATENATE(C9,"!","$K$5")),"") | I9: =iferror(INDIRECT(CONCATENATE(C9,"!","$K$6")),"") | J9: =iferror(INDIRECT(CONCATENATE(C9,"!","$K$7")),"") | K9: =iferror(INDIRECT(CONCATENATE(C9,"!","$K$8")),"") | L9: =iferror(INDIRECT(CONCATENATE(C9,"!","$K$9")),"") -> 0
A10: 2026/003 | C10: =concat(MID(A10,6,3),concat(" - ", B10)) -> 003 - | D10: =iferror(INDIRECT(CONCATENATE(C10,"!","$G$5")),"") | E10: =iferror(INDIRECT(CONCATENATE(C10,"!","$G$6")),"") | F10: =iferror(INDIRECT(CONCATENATE(C10,"!","$G$7")),"") | G10: =iferror(INDIRECT(CONCATENATE(C10,"!","$G$8")),"") | H10: =iferror(INDIRECT(CONCATENATE(C10,"!","$K$5")),"") | I10: =iferror(INDIRECT(CONCATENATE(C10,"!","$K$6")),"") | J10: =iferror(INDIRECT(CONCATENATE(C10,"!","$K$7")),"") | K10: =iferror(INDIRECT(CONCATENATE(C10,"!","$K$8")),"") | L10: =iferror(INDIRECT(CONCATENATE(C10,"!","$K$9")),"")
A11: 2026/004 | C11: =concat(MID(A11,6,3),concat(" - ", B11)) -> 004 - | D11: =iferror(INDIRECT(CONCATENATE(C11,"!","$G$5")),"") | E11: =iferror(INDIRECT(CONCATENATE(C11,"!","$G$6")),"") | F11: =iferror(INDIRECT(CONCATENATE(C11,"!","$G$7")),"") | G11: =iferror(INDIRECT(CONCATENATE(C11,"!","$G$8")),"") | H11: =iferror(INDIRECT(CONCATENATE(C11,"!","$K$5")),"") | I11: =iferror(INDIRECT(CONCATENATE(C11,"!","$K$6")),"") | J11: =iferror(INDIRECT(CONCATENATE(C11,"!","$K$7")),"") | K11: =iferror(INDIRECT(CONCATENATE(C11,"!","$K$8")),"") | L11: =iferror(INDIRECT(CONCATENATE(C11,"!","$K$9")),"")
A12: 2026/005 | C12: =concat(MID(A12,6,3),concat(" - ", B12)) -> 005 - | D12: =iferror(INDIRECT(CONCATENATE(C12,"!","$G$5")),"") | E12: =iferror(INDIRECT(CONCATENATE(C12,"!","$G$6")),"") | F12: =iferror(INDIRECT(CONCATENATE(C12,"!","$G$7")),"") | G12: =iferror(INDIRECT(CONCATENATE(C12,"!","$G$8")),"") | H12: =iferror(INDIRECT(CONCATENATE(C12,"!","$K$5")),"") | I12: =iferror(INDIRECT(CONCATENATE(C12,"!","$K$6")),"") | J12: =iferror(INDIRECT(CONCATENATE(C12,"!","$K$7")),"") | K12: =iferror(INDIRECT(CONCATENATE(C12,"!","$K$8")),"") | L12: =iferror(INDIRECT(CONCATENATE(C12,"!","$K$9")),"")
A13: 2026/006 | C13: =concat(MID(A13,6,3),concat(" - ", B13)) -> 006 - | D13: =iferror(INDIRECT(CONCATENATE(C13,"!","$G$5")),"") | E13: =iferror(INDIRECT(CONCATENATE(C13,"!","$G$6")),"") | F13: =iferror(INDIRECT(CONCATENATE(C13,"!","$G$7")),"") | G13: =iferror(INDIRECT(CONCATENATE(C13,"!","$G$8")),"") | H13: =iferror(INDIRECT(CONCATENATE(C13,"!","$K$5")),"") | I13: =iferror(INDIRECT(CONCATENATE(C13,"!","$K$6")),"") | J13: =iferror(INDIRECT(CONCATENATE(C13,"!","$K$7")),"") | K13: =iferror(INDIRECT(CONCATENATE(C13,"!","$K$8")),"") | L13: =iferror(INDIRECT(CONCATENATE(C13,"!","$K$9")),"")
A14: 2026/007 | C14: =concat(MID(A14,6,3),concat(" - ", B14)) -> 007 - | D14: =iferror(INDIRECT(CONCATENATE(C14,"!","$G$5")),"") | E14: =iferror(INDIRECT(CONCATENATE(C14,"!","$G$6")),"") | F14: =iferror(INDIRECT(CONCATENATE(C14,"!","$G$7")),"") | G14: =iferror(INDIRECT(CONCATENATE(C14,"!","$G$8")),"") | H14: =iferror(INDIRECT(CONCATENATE(C14,"!","$K$5")),"") | I14: =iferror(INDIRECT(CONCATENATE(C14,"!","$K$6")),"") | J14: =iferror(INDIRECT(CONCATENATE(C14,"!","$K$7")),"") | K14: =iferror(INDIRECT(CONCATENATE(C14,"!","$K$8")),"") | L14: =iferror(INDIRECT(CONCATENATE(C14,"!","$K$9")),"")
A15: 2026/008 | C15: =concat(MID(A15,6,3),concat(" - ", B15)) -> 008 - | D15: =iferror(INDIRECT(CONCATENATE(C15,"!","$G$5")),"") | E15: =iferror(INDIRECT(CONCATENATE(C15,"!","$G$6")),"") | F15: =iferror(INDIRECT(CONCATENATE(C15,"!","$G$7")),"") | G15: =iferror(INDIRECT(CONCATENATE(C15,"!","$G$8")),"") | H15: =iferror(INDIRECT(CONCATENATE(C15,"!","$K$5")),"") | I15: =iferror(INDIRECT(CONCATENATE(C15,"!","$K$6")),"") | J15: =iferror(INDIRECT(CONCATENATE(C15,"!","$K$7")),"") | K15: =iferror(INDIRECT(CONCATENATE(C15,"!","$K$8")),"") | L15: =iferror(INDIRECT(CONCATENATE(C15,"!","$K$9")),"")
A16: 2026/009 | C16: =concat(MID(A16,6,3),concat(" - ", B16)) -> 009 - | D16: =iferror(INDIRECT(CONCATENATE(C16,"!","$G$5")),"") | E16: =iferror(INDIRECT(CONCATENATE(C16,"!","$G$6")),"") | F16: =iferror(INDIRECT(CONCATENATE(C16,"!","$G$7")),"") | G16: =iferror(INDIRECT(CONCATENATE(C16,"!","$G$8")),"") | H16: =iferror(INDIRECT(CONCATENATE(C16,"!","$K$5")),"") | I16: =iferror(INDIRECT(CONCATENATE(C16,"!","$K$6")),"") | J16: =iferror(INDIRECT(CONCATENATE(C16,"!","$K$7")),"") | K16: =iferror(INDIRECT(CONCATENATE(C16,"!","$K$8")),"") | L16: =iferror(INDIRECT(CONCATENATE(C16,"!","$K$9")),"")
A17: 2026/010 | C17: =concat(MID(A17,6,3),concat(" - ", B17)) -> 010 - | D17: =iferror(INDIRECT(CONCATENATE(C17,"!","$G$5")),"") | E17: =iferror(INDIRECT(CONCATENATE(C17,"!","$G$6")),"") | F17: =iferror(INDIRECT(CONCATENATE(C17,"!","$G$7")),"") | G17: =iferror(INDIRECT(CONCATENATE(C17,"!","$G$8")),"") | H17: =iferror(INDIRECT(CONCATENATE(C17,"!","$K$5")),"") | I17: =iferror(INDIRECT(CONCATENATE(C17,"!","$K$6")),"") | J17: =iferror(INDIRECT(CONCATENATE(C17,"!","$K$7")),"") | K17: =iferror(INDIRECT(CONCATENATE(C17,"!","$K$8")),"") | L17: =iferror(INDIRECT(CONCATENATE(C17,"!","$K$9")),"")
A18: 2026/011 | C18: =concat(MID(A18,6,3),concat(" - ", B18)) -> 011 - | D18: =iferror(INDIRECT(CONCATENATE(C18,"!","$G$5")),"") | E18: =iferror(INDIRECT(CONCATENATE(C18,"!","$G$6")),"") | F18: =iferror(INDIRECT(CONCATENATE(C18,"!","$G$7")),"") | G18: =iferror(INDIRECT(CONCATENATE(C18,"!","$G$8")),"") | H18: =iferror(INDIRECT(CONCATENATE(C18,"!","$K$5")),"") | I18: =iferror(INDIRECT(CONCATENATE(C18,"!","$K$6")),"") | J18: =iferror(INDIRECT(CONCATENATE(C18,"!","$K$7")),"") | K18: =iferror(INDIRECT(CONCATENATE(C18,"!","$K$8")),"") | L18: =iferror(INDIRECT(CONCATENATE(C18,"!","$K$9")),"")
A19: 2026/012 | C19: =concat(MID(A19,6,3),concat(" - ", B19)) -> 012 - | D19: =iferror(INDIRECT(CONCATENATE(C19,"!","$G$5")),"") | E19: =iferror(INDIRECT(CONCATENATE(C19,"!","$G$6")),"") | F19: =iferror(INDIRECT(CONCATENATE(C19,"!","$G$7")),"") | G19: =iferror(INDIRECT(CONCATENATE(C19,"!","$G$8")),"") | H19: =iferror(INDIRECT(CONCATENATE(C19,"!","$K$5")),"") | I19: =iferror(INDIRECT(CONCATENATE(C19,"!","$K$6")),"") | J19: =iferror(INDIRECT(CONCATENATE(C19,"!","$K$7")),"") | K19: =iferror(INDIRECT(CONCATENATE(C19,"!","$K$8")),"") | L19: =iferror(INDIRECT(CONCATENATE(C19,"!","$K$9")),"")
A20: 2026/013 | C20: =concat(MID(A20,6,3),concat(" - ", B20)) -> 013 - | D20: =iferror(INDIRECT(CONCATENATE(C20,"!","$G$5")),"") | E20: =iferror(INDIRECT(CONCATENATE(C20,"!","$G$6")),"") | F20: =iferror(INDIRECT(CONCATENATE(C20,"!","$G$7")),"") | G20: =iferror(INDIRECT(CONCATENATE(C20,"!","$G$8")),"") | H20: =iferror(INDIRECT(CONCATENATE(C20,"!","$K$5")),"") | I20: =iferror(INDIRECT(CONCATENATE(C20,"!","$K$6")),"") | J20: =iferror(INDIRECT(CONCATENATE(C20,"!","$K$7")),"") | K20: =iferror(INDIRECT(CONCATENATE(C20,"!","$K$8")),"") | L20: =iferror(INDIRECT(CONCATENATE(C20,"!","$K$9")),"")
C21: =concat(MID(A21,6,3),concat(" - ", B21)) -> - | D21: =iferror(INDIRECT(CONCATENATE(C21,"!","$F$5")),"") | E21: =iferror(INDIRECT(CONCATENATE(C21,"!","$F$6")),"") | F21: =iferror(INDIRECT(CONCATENATE(C21,"!","$F$7")),"") | G21: =iferror(INDIRECT(CONCATENATE(C21,"!","$F$8")),"") | H21: =iferror(INDIRECT(CONCATENATE(C21,"!","$K$5")),"") | I21: =iferror(INDIRECT(CONCATENATE(C21,"!","$K$6")),"") | J21: =iferror(INDIRECT(CONCATENATE(C21,"!","$K$7")),"") | K21: =iferror(INDIRECT(CONCATENATE(C21,"!","$K$8")),"") | L21: =iferror(INDIRECT(CONCATENATE(C21,"!","$K$9")),"")
C22: =concat(MID(A22,6,3),concat(" - ", B22)) -> - | D22: =iferror(INDIRECT(CONCATENATE(C22,"!","$F$5")),"") | E22: =iferror(INDIRECT(CONCATENATE(C22,"!","$F$6")),"") | F22: =iferror(INDIRECT(CONCATENATE(C22,"!","$F$7")),"") | G22: =iferror(INDIRECT(CONCATENATE(C22,"!","$F$8")),"") | H22: =iferror(INDIRECT(CONCATENATE(C22,"!","$K$5")),"") | I22: =iferror(INDIRECT(CONCATENATE(C22,"!","$K$6")),"") | J22: =iferror(INDIRECT(CONCATENATE(C22,"!","$K$7")),"") | K22: =iferror(INDIRECT(CONCATENATE(C22,"!","$K$8")),"") | L22: =iferror(INDIRECT(CONCATENATE(C22,"!","$K$9")),"")
C23: =concat(MID(A23,6,3),concat(" - ", B23)) -> - | D23: =iferror(INDIRECT(CONCATENATE(C23,"!","$F$5")),"") | E23: =iferror(INDIRECT(CONCATENATE(C23,"!","$F$6")),"") | F23: =iferror(INDIRECT(CONCATENATE(C23,"!","$F$7")),"") | G23: =iferror(INDIRECT(CONCATENATE(C23,"!","$F$8")),"") | H23: =iferror(INDIRECT(CONCATENATE(C23,"!","$K$5")),"") | I23: =iferror(INDIRECT(CONCATENATE(C23,"!","$K$6")),"") | J23: =iferror(INDIRECT(CONCATENATE(C23,"!","$K$7")),"") | K23: =iferror(INDIRECT(CONCATENATE(C23,"!","$K$8")),"") | L23: =iferror(INDIRECT(CONCATENATE(C23,"!","$K$9")),"")
C24: =concat(MID(A24,6,3),concat(" - ", B24)) -> - | D24: =iferror(INDIRECT(CONCATENATE(C24,"!","$F$5")),"") | E24: =iferror(INDIRECT(CONCATENATE(C24,"!","$F$6")),"") | F24: =iferror(INDIRECT(CONCATENATE(C24,"!","$F$7")),"") | G24: =iferror(INDIRECT(CONCATENATE(C24,"!","$F$8")),"") | H24: =iferror(INDIRECT(CONCATENATE(C24,"!","$K$5")),"") | I24: =iferror(INDIRECT(CONCATENATE(C24,"!","$K$6")),"") | J24: =iferror(INDIRECT(CONCATENATE(C24,"!","$K$7")),"") | K24: =iferror(INDIRECT(CONCATENATE(C24,"!","$K$8")),"") | L24: =iferror(INDIRECT(CONCATENATE(C24,"!","$K$9")),"")
C25: =concat(MID(A25,6,3),concat(" - ", B25)) -> - | D25: =iferror(INDIRECT(CONCATENATE(C25,"!","$F$5")),"") | E25: =iferror(INDIRECT(CONCATENATE(C25,"!","$F$6")),"") | F25: =iferror(INDIRECT(CONCATENATE(C25,"!","$F$7")),"") | G25: =iferror(INDIRECT(CONCATENATE(C25,"!","$F$8")),"") | H25: =iferror(INDIRECT(CONCATENATE(C25,"!","$K$5")),"") | I25: =iferror(INDIRECT(CONCATENATE(C25,"!","$K$6")),"") | J25: =iferror(INDIRECT(CONCATENATE(C25,"!","$K$7")),"") | K25: =iferror(INDIRECT(CONCATENATE(C25,"!","$K$8")),"") | L25: =iferror(INDIRECT(CONCATENATE(C25,"!","$K$9")),"")
C26: =concat(MID(A26,6,3),concat(" - ", B26)) -> - | D26: =iferror(INDIRECT(CONCATENATE(C26,"!","$F$5")),"") | E26: =iferror(INDIRECT(CONCATENATE(C26,"!","$F$6")),"") | F26: =iferror(INDIRECT(CONCATENATE(C26,"!","$F$7")),"") | G26: =iferror(INDIRECT(CONCATENATE(C26,"!","$F$8")),"") | H26: =iferror(INDIRECT(CONCATENATE(C26,"!","$K$5")),"") | I26: =iferror(INDIRECT(CONCATENATE(C26,"!","$K$6")),"") | J26: =iferror(INDIRECT(CONCATENATE(C26,"!","$K$7")),"") | K26: =iferror(INDIRECT(CONCATENATE(C26,"!","$K$8")),"") | L26: =iferror(INDIRECT(CONCATENATE(C26,"!","$K$9")),"")
C27: =concat(MID(A27,6,3),concat(" - ", B27)) -> - | D27: =iferror(INDIRECT(CONCATENATE(C27,"!","$F$5")),"") | E27: =iferror(INDIRECT(CONCATENATE(C27,"!","$F$6")),"") | F27: =iferror(INDIRECT(CONCATENATE(C27,"!","$F$7")),"") | G27: =iferror(INDIRECT(CONCATENATE(C27,"!","$F$8")),"") | H27: =iferror(INDIRECT(CONCATENATE(C27,"!","$K$5")),"") | I27: =iferror(INDIRECT(CONCATENATE(C27,"!","$K$6")),"") | J27: =iferror(INDIRECT(CONCATENATE(C27,"!","$K$7")),"") | K27: =iferror(INDIRECT(CONCATENATE(C27,"!","$K$8")),"") | L27: =iferror(INDIRECT(CONCATENATE(C27,"!","$K$9")),"")
C28: =concat(MID(A28,6,3),concat(" - ", B28)) -> - | D28: =iferror(INDIRECT(CONCATENATE(C28,"!","$F$5")),"") | E28: =iferror(INDIRECT(CONCATENATE(C28,"!","$F$6")),"") | F28: =iferror(INDIRECT(CONCATENATE(C28,"!","$F$7")),"") | G28: =iferror(INDIRECT(CONCATENATE(C28,"!","$F$8")),"") | H28: =iferror(INDIRECT(CONCATENATE(C28,"!","$K$5")),"") | I28: =iferror(INDIRECT(CONCATENATE(C28,"!","$K$6")),"") | J28: =iferror(INDIRECT(CONCATENATE(C28,"!","$K$7")),"") | K28: =iferror(INDIRECT(CONCATENATE(C28,"!","$K$8")),"") | L28: =iferror(INDIRECT(CONCATENATE(C28,"!","$K$9")),"")
C29: =concat(MID(A29,6,3),concat(" - ", B29)) -> - | D29: =iferror(INDIRECT(CONCATENATE(C29,"!","$F$5")),"") | E29: =iferror(INDIRECT(CONCATENATE(C29,"!","$F$6")),"") | F29: =iferror(INDIRECT(CONCATENATE(C29,"!","$F$7")),"") | G29: =iferror(INDIRECT(CONCATENATE(C29,"!","$F$8")),"") | H29: =iferror(INDIRECT(CONCATENATE(C29,"!","$K$5")),"") | I29: =iferror(INDIRECT(CONCATENATE(C29,"!","$K$6")),"") | J29: =iferror(INDIRECT(CONCATENATE(C29,"!","$K$7")),"") | K29: =iferror(INDIRECT(CONCATENATE(C29,"!","$K$8")),"") | L29: =iferror(INDIRECT(CONCATENATE(C29,"!","$K$9")),"")

Sheet 001 - Heisse Hetty
A1: Heisse Hetty
A2: Author: | B2: Tom & Sibren
A4: Gevraagd | E4: Verwacht | J4: Gemeten
A5: Volume | B5: 320 | E5: OG | G5: =if(D26=0,"",1+(G8/(258.6-((G8/258.2)*227.1)))) -> 1.0478662 | J5: OG
A6: Batch Volume | B6: 160 | E6: FG | G6: =if(D26=0,"",(G5-1)*(1-'001 - Heisse Hetty'!Attenuation)+1) -> 1.0095732 | J6: FG
A7: Attenuatie | B7: 0.8 | E7: ABV | G7: =if(D26=0,"",(G5-G6)*131.25/100) -> 0.050259526 | J7: ABV | K7: =IF(isblank(K6),"",(K5-K6)*131.25/100)
A8: Brouwefficientie | B8: 0.7 | E8: Plato | G8: =if(D26=0,"",SUMPRODUCT(D19:D25,F19:F25)*'001 - Heisse Hetty'!Brouwefficientie/'001 - Heisse Hetty'!Volume*100) -> 11.878125 | J8: Plato | K8: =if(ISBLANK(K5),"",(-1*616.868)+(1111.14*K5)-(630.272*POWER(K5,2))+(135.997*POWER(K5,3)))
A9: OG | B9: =('001 - Heisse Hetty'!FG-1)/(1-'001 - Heisse Hetty'!Attenuation)+1 -> 1.047619 | E9: IBU | G9: =IF(D44=0,"",R44) -> 9.8243024 | J9: Brouwefficientie | K9: =iferror(K8/G8*B8,"") -> 0
A10: FG | B10: =B11*(1-B7)/(B7*131.25/100)+1 -> 1.0095238 | E10: EBC | G10: =if(G26=0,"",1.4922*P26*0.6859*1.97) -> 6.0091239
A11: ABV | B11: 0.05
A12: Plato | B12: =(-1*616.868)+(1111.14*'001 - Heisse Hetty'!OG)-(630.272*POWER('001 - Heisse Hetty'!OG,2))+(135.997*POWER('001 - Heisse Hetty'!OG,3)) -> 11.821313
A14: Granen
A15: Totaal suikers nodig | D15: ='001 - Heisse Hetty'!Plato/100*'001 - Heisse Hetty'!Volume -> 37.828202 | E15: kg
A16: Totaal granen nodig | D16: =D15/F16/'001 - Heisse Hetty'!Brouwefficientie -> 67.55036 | E16: kg | F16: 0.8
A17: Graan type | C17: Voorraad | D17: Hoeveelheid | F17: Graanrendement | G17: EBC | H17: % van totaal | I17: Lot | J17: Per hL | L17: Per batch
C18: kg | D18: Massa | E18: kg | J18: Massa | K18: =E18 -> kg | L18: Massa | M18: kg | O18: Lovibond | P18: MCU
A19: Pilsmout | C19: =iferror(VLOOKUP(A19,'Voorraadfiche Grondstoffen'!$A$2:$D$100,4,False),"") -> 50 | D19: 60 | E19: =E$18 -> kg | F19: 0.78 | G19: 3 | H19: =if(isblank(D19),"",(D19/$D$26)) -> 0.85714286 | J19: =IF(ISBLANK(D19),"",D19/$B$5*100) -> 18.75 | K19: =K$18 -> kg | L19: =IF(ISBLANK(D19),"",D19/$B$5*$B$6) -> 30 | M19: =M$18 -> kg | O19: =(G19*0.508+0.76)/1.3546 -> 1.6861066 | P19: =D19/kgperpound*lpergallon/$B$5*O19 -> 2.6383565
A20: Tarwemout | C20: =iferror(VLOOKUP(A20,'Voorraadfiche Grondstoffen'!$A$2:$D$100,4,False),"") -> 80 | D20: 10 | E20: =E$18 -> kg | F20: 0.75 | G20: 2 | H20: =if(isblank(D20),"",(D20/$D$26)) -> 0.14285714 | J20: =IF(ISBLANK(D20),"",D20/$B$5*100) -> 3.125 | K20: =K$18 -> kg | L20: =IF(ISBLANK(D20),"",D20/$B$5*$B$6) -> 5 | M20: =M$18 -> kg | O20: =(G20*0.508+0.76)/1.3546 -> 1.3110881 | P20: =D20/kgperpound*lpergallon/$B$5*O20 -> 0.34192361
C21: =iferror(VLOOKUP(A21,'Voorraadfiche Grondstoffen'!$A$2:$D$100,4,False),"") | E21: =E$18 -> kg | H21: =if(isblank(D21),"",(D21/$D$26)) | J21: =IF(ISBLANK(D21),"",D21/$B$5*100) | K21: =K$18 -> kg | L21: =IF(ISBLANK(D21),"",D21/$B$5*$B$6) | M21: =M$18 -> kg | O21: =(G21*0.508+0.76)/1.3546 -> 0.56105123 | P21: =D21/kgperpound*lpergallon/$B$5*O21 -> 0
C22: =iferror(VLOOKUP(A22,'Voorraadfiche Grondstoffen'!$A$2:$D$100,4,False),"") | E22: =E$18 -> kg | H22: =if(isblank(D22),"",(D22/$D$26)) | J22: =IF(ISBLANK(D22),"",D22/$B$5*100) | K22: =K$18 -> kg | L22: =IF(ISBLANK(D22),"",D22/$B$5*$B$6) | M22: =M$18 -> kg | O22: =(G22*0.508+0.76)/1.3546 -> 0.56105123 | P22: =D22/kgperpound*lpergallon/$B$5*O22 -> 0
C23: =iferror(VLOOKUP(A23,'Voorraadfiche Grondstoffen'!$A$2:$D$100,4,False),"") | E23: =E$18 -> kg | H23: =if(isblank(D23),"",(D23/$D$26)) | J23: =IF(ISBLANK(D23),"",D23/$B$5*100) | K23: =K$18 -> kg | L23: =IF(ISBLANK(D23),"",D23/$B$5*$B$6) | M23: =M$18 -> kg | O23: =(G23*0.508+0.76)/1.3546 -> 0.56105123 | P23: =D23/kgperpound*lpergallon/$B$5*O23 -> 0
C24: =iferror(VLOOKUP(A24,'Voorraadfiche Grondstoffen'!$A$2:$D$100,4,False),"") | E24: =E$18 -> kg | H24: =if(isblank(D24),"",(D24/$D$26)) | J24: =IF(ISBLANK(D24),"",D24/$B$5*100) | K24: =K$18 -> kg | L24: =IF(ISBLANK(D24),"",D24/$B$5*$B$6) | M24: =M$18 -> kg | O24: =(G24*0.508+0.76)/1.3546 -> 0.56105123 | P24: =D24/kgperpound*lpergallon/$B$5*O24 -> 0
C25: =iferror(VLOOKUP(A25,'Voorraadfiche Grondstoffen'!$A$2:$D$100,4,False),"") | E25: =E$18 -> kg | H25: =if(isblank(D25),"",(D25/$D$26)) | J25: =IF(ISBLANK(D25),"",D25/$B$5*100) | K25: =K$18 -> kg | L25: =IF(ISBLANK(D25),"",D25/$B$5*$B$6) | M25: =M$18 -> kg | O25: =(G25*0.508+0.76)/1.3546 -> 0.56105123 | P25: =D25/kgperpound*lpergallon/$B$5*O25 -> 0
A26: TOTAL | D26: =SUM(D19:D25) -> 70 | E26: =E$18 -> kg | G26: =sum(G19:G25) -> 5 | J26: =SUM(J19:J25) -> 21.875 | K26: =K$18 -> kg | L26: =SUM(L19:L25) -> 35 | M26: =M$18 -> kg | P26: =SUM(P19:P25) -> 2.9802802
A28: Maisch
A29: Stap | D29: Temp | E29: Duur (min.)
A30: Protein Rest (52°C) | E30: 0
A31: Beta-Amylase Rest (63°C) | D31: 63 | E31: 45 | F31: =IF(D31="","",D30)
A32: Alpha-Amylase Rest (72°C) | F32: =IF(D32="","",D31)
A33: Mash Out (78°C) | E33: 5 | F33: =IF(D33="","",D32)
A34: TOTALS | E34: =SUM(E30:E33) -> 50 | F34: Minutes
A36: Hop
A37: Soort hop | D37: Hoeveelheid | F37: Pellet of bloem | G37: Kooktijd (min.) | H37: AA% | I37: Lot | J37: Per hL | L37: Per batch | O37: Biggness factor | P37: =1.65*POWER(0.000125,G5-1) -> 1.0731435
D38: Massa | E38: g | J38: Massa | K38: =E38 -> g | L38: Massa | M38: g | O38: Hops in oz | P38: Boil factor | Q38: Utilization | R38: IBU
A39: Hallertau Blanc | C39: =iferror(1000*VLOOKUP(A39,'Voorraadfiche Grondstoffen'!$F$2:$I$100,4,False),"") -> 4400 | D39: 200 | E39: =E$38 -> g | F39: Pellet | G39: 30 | H39: 7 | J39: =IF(ISBLANK(D39),"",D39/'001 - Heisse Hetty'!Volume*100) -> 62.5 | K39: =K$38 -> g | L39: =IF(ISBLANK(D39),"",D39/'001 - Heisse Hetty'!Volume*$B$6) -> 100 | M39: =M$38 -> g | O39: =D39*ozpergram -> 7.054792 | P39: =(1-POWER(2.71828182845904,((-0.04)*G39)))/4.15 -> 0.16838694 | Q39: =P39*$P$37 -> 0.18070335 | R39: =IF(F39="Leaf", ((H39 *O39) *Q39 * 74.9) / '001 - Heisse Hetty'!Volume*3.785, ((H39 *O39) * (Q39*1.1) * 74.9) / '001 - Heisse Hetty'!Volume*3.785) -> 8.696387
A40: Calista | C40: =iferror(1000*VLOOKUP(A40,'Voorraadfiche Grondstoffen'!$F$2:$I$100,4,False),"") -> 1800 | D40: 200 | E40: =E$38 -> g | F40: Pellet | G40: 5 | H40: 3.5 | J40: =IF(ISBLANK(D40),"",D40/'001 - Heisse Hetty'!Volume*100) -> 62.5 | K40: =K$38 -> g | L40: =IF(ISBLANK(D40),"",D40/'001 - Heisse Hetty'!Volume*$B$6) -> 100 | M40: =M$38 -> g | O40: =D40*ozpergram -> 7.054792 | P40: =(1-POWER(2.71828182845904,((-0.04)*G40)))/4.15 -> 0.043679337 | Q40: =P40*$P$37 -> 0.046874196 | R40: =IF(F40="Leaf", ((H40 *O40) *Q40 * 74.9) / '001 - Heisse Hetty'!Volume*3.785, ((H40 *O40) * (Q40*1.1) * 74.9) / '001 - Heisse Hetty'!Volume*3.785) -> 1.1279153
A41: Calista | C41: =iferror(1000*VLOOKUP(A41,'Voorraadfiche Grondstoffen'!$F$2:$I$100,4,False),"") -> 1800 | D41: 800 | E41: =E$38 -> g | F41: Pellet | G41: 0 | H41: 0 | J41: =IF(ISBLANK(D41),"",D41/'001 - Heisse Hetty'!Volume*100) -> 250 | K41: =K$38 -> g | L41: =IF(ISBLANK(D41),"",D41/'001 - Heisse Hetty'!Volume*$B$6) -> 400 | M41: =M$38 -> g | O41: =D41*ozpergram -> 28.219168 | P41: =(1-POWER(2.71828182845904,((-0.04)*G41)))/4.15 -> 0 | Q41: =P41*$P$37 -> 0 | R41: =IF(F41="Leaf", ((H41 *O41) *Q41 * 74.9) / '001 - Heisse Hetty'!Volume*3.785, ((H41 *O41) * (Q41*1.1) * 74.9) / '001 - Heisse Hetty'!Volume*3.785) -> 0
C42: =iferror(1000*VLOOKUP(A42,'Voorraadfiche Grondstoffen'!$F$2:$I$100,4,False),"") | E42: =E$38 -> g | F42: Pellet | J42: =IF(ISBLANK(D42),"",D42/'001 - Heisse Hetty'!Volume*100) | K42: =K$38 -> g | L42: =IF(ISBLANK(D42),"",D42/'001 - Heisse Hetty'!Volume*$B$6) | M42: =M$38 -> g | O42: =D42*ozpergram -> 0 | P42: =(1-POWER(2.71828182845904,((-0.04)*G42)))/4.15 -> 0 | Q42: =P42*$P$37 -> 0 | R42: =IF(F42="Leaf", ((H42 *O42) *Q42 * 74.9) / '001 - Heisse Hetty'!Volume*3.785, ((H42 *O42) * (Q42*1.1) * 74.9) / '001 - Heisse Hetty'!Volume*3.785) -> 0
C43: =iferror(1000*VLOOKUP(A43,'Voorraadfiche Grondstoffen'!$F$2:$I$100,4,False),"") | E43: =E$38 -> g | J43: =IF(ISBLANK(D43),"",D43/'001 - Heisse Hetty'!Volume*100) | K43: =K$38 -> g | L43: =IF(ISBLANK(D43),"",D43/'001 - Heisse Hetty'!Volume*$B$6) | M43: =M$38 -> g | O43: =D43*ozpergram -> 0 | P43: =(1-POWER(2.71828182845904,((-0.04)*G43)))/4.15 -> 0 | Q43: =P43*$P$37 -> 0 | R43: =IF(F43="Leaf", ((H43 *O43) *Q43 * 74.9) / '001 - Heisse Hetty'!Volume*3.785, ((H43 *O43) * (Q43*1.1) * 74.9) / '001 - Heisse Hetty'!Volume*3.785) -> 0
A44: TOTAL | D44: =SUM(D39:D43) -> 1200 | E44: =E$38 -> g | J44: =SUM(J39:J43) -> 375 | K44: =K$38 -> g | L44: =SUM(L39:L43) -> 600 | M44: =M$38 -> g | R44: =sum(R39:R43) -> 9.8243024
A46: Toevoeging
A47: Soort | D47: Hoeveelheid | F47: Tijdstip | G47: Dosering (g/L) | I47: Lot | J47: Per hL | L47: Per batch
D48: Massa | E48: g | J48: Massa | K48: =E48 -> g | L48: Massa | M48: g
A49: hotsauce | C49: =iferror(1000*VLOOKUP(A49,'Voorraadfiche Grondstoffen'!$K$2:$N$100,4,False),"") -> 0 | D49: 1000 | E49: =E$38 -> g | F49: Secundaire fermentatie | G49: =IF(ISBLANK(D49),"",D49/$B$5) -> 3.125 | J49: =IF(ISBLANK(D49),"",D49/'001 - Heisse Hetty'!Volume*100) -> 312.5 | K49: =K$38 -> g | L49: =IF(ISBLANK(D49),"",D49/'001 - Heisse Hetty'!Volume*$B$6) -> 500 | M49: =M$38 -> g
C50: =iferror(1000*VLOOKUP(A50,'Voorraadfiche Grondstoffen'!$K$2:$N$100,4,False),"") | E50: =E$38 -> g | G50: =IF(ISBLANK(D50),"",D50/$B$5) | J50: =IF(ISBLANK(D50),"",D50/'001 - Heisse Hetty'!Volume*100) | K50: =K$38 -> g | L50: =IF(ISBLANK(D50),"",D50/'001 - Heisse Hetty'!Volume*$B$6) | M50: =M$38 -> g
C51: =iferror(1000*VLOOKUP(A51,'Voorraadfiche Grondstoffen'!$K$2:$N$100,4,False),"") | E51: =E$38 -> g | G51: =IF(ISBLANK(D51),"",D51/$B$5) | J51: =IF(ISBLANK(D51),"",D51/'001 - Heisse Hetty'!Volume*100) | K51: =K$38 -> g | L51: =IF(ISBLANK(D51),"",D51/'001 - Heisse Hetty'!Volume*$B$6) | M51: =M$38 -> g
C52: =iferror(1000*VLOOKUP(A52,'Voorraadfiche Grondstoffen'!$K$2:$N$100,4,False),"") | E52: =E$38 -> g | G52: =IF(ISBLANK(D52),"",D52/$B$5) | J52: =IF(ISBLANK(D52),"",D52/'001 - Heisse Hetty'!Volume*100) | K52: =K$38 -> g | L52: =IF(ISBLANK(D52),"",D52/'001 - Heisse Hetty'!Volume*$B$6) | M52: =M$38 -> g
C53: =iferror(1000*VLOOKUP(A53,'Voorraadfiche Grondstoffen'!$K$2:$N$100,4,False),"") | E53: =E$38 -> g | G53: =IF(ISBLANK(D53),"",D53/$B$5) | J53: =IF(ISBLANK(D53),"",D53/'001 - Heisse Hetty'!Volume*100) | K53: =K$38 -> g | L53: =IF(ISBLANK(D53),"",D53/'001 - Heisse Hetty'!Volume*$B$6) | M53: =M$38 -> g
A54: TOTAL | D54: =SUM(D49:D53) -> 1000 | E54: =E$38 -> g | J54: =SUM(J49:J53) -> 312.5 | K54: =K$38 -> g | L54: =SUM(L49:L53) -> 500 | M54: =M$38 -> g
A56: Gist
A57: Gistsoort | D57: Hoeveelheid | F57: Attenuatie | I57: Lot | J57: Per hL | L57: Per batch
D58: Massa | E58: g | J58: Massa | K58: =E58 -> g | L58: Massa | M58: g
A59: Apres-Ski | C59: =iferror(1000*VLOOKUP(A59,'Voorraadfiche Grondstoffen'!$P$2:$S$100,4,False),"") -> 0 | D59: 125 | E59: =E$58 -> g | F59: =B7 -> 0.8 | J59: =IF(ISBLANK(D59),"",D59/'001 - Heisse Hetty'!Volume*100) -> 39.0625 | K59: =K$38 -> g | L59: =IF(ISBLANK(D59),"",D59/'001 - Heisse Hetty'!Volume*$B$6) -> 62.5 | M59: =M$38 -> g
C60: =iferror(1000*VLOOKUP(A60,'Voorraadfiche Grondstoffen'!$P$2:$S$100,4,False),"") | E60: =E$58 -> g | J60: =IF(ISBLANK(D60),"",D60/'001 - Heisse Hetty'!Volume*100) | K60: =K$38 -> g | L60: =IF(ISBLANK(D60),"",D60/'001 - Heisse Hetty'!Volume*$B$6) | M60: =M$38 -> g
C61: =iferror(1000*VLOOKUP(A61,'Voorraadfiche Grondstoffen'!$P$2:$S$100,4,False),"") | E61: =E$58 -> g | J61: =IF(ISBLANK(D61),"",D61/'001 - Heisse Hetty'!Volume*100) | K61: =K$38 -> g | L61: =IF(ISBLANK(D61),"",D61/'001 - Heisse Hetty'!Volume*$B$6) | M61: =M$38 -> g
A62: TOTAL | D62: =SUM(D57:D61) -> 125 | E62: =E$38 -> g | J62: =SUM(J57:J61) -> 39.0625 | K62: =K$38 -> g | L62: =SUM(L57:L61) -> 62.5 | M62: =M$38 -> g
A64: Fermentatieschema
A65: Stap | D65: Temperatuur | F65: Duur (dagen)
D66: Temp | E66: °C
A67: Hoofd | D67: 14 | E67: =E$82 | F67: 14
E71: =E$82
A73: Notities:

Sheet 002 - Exquise Elise
A1: Exquise Elise
A2: Author: | B2: Tom & Sibren
A4: Gevraagd | E4: Verwacht | J4: Gemeten
A5: Volume | B5: 320 | E5: OG | G5: =if(D26=0,"",1+(G8/(258.6-((G8/258.2)*227.1)))) -> 1.0493378 | J5: OG
A6: Batch Volume | B6: 160 | E6: FG | G6: =if(D26=0,"",(G5-1)*(1-'002 - Exquise Elise'!Attenuation)+1) -> 1.0024669 | J6: FG
A7: Attenuatie | B7: 0.95 | E7: ABV | G7: =if(D26=0,"",(G5-G6)*131.25/100) -> 0.061518123 | J7: ABV | K7: =IF(isblank(K6),"",(K5-K6)*131.25/100)
A8: Brouwefficientie | B8: 0.7 | E8: Plato | G8: =if(D26=0,"",SUMPRODUCT(D19:D25,F19:F25)*'002 - Exquise Elise'!Brouwefficientie/'002 - Exquise Elise'!Volume*100) -> 12.228125 | J8: Plato | K8: =if(ISBLANK(K5),"",(-1*616.868)+(1111.14*K5)-(630.272*POWER(K5,2))+(135.997*POWER(K5,3)))
A9: OG | B9: =('002 - Exquise Elise'!FG-1)/(1-'002 - Exquise Elise'!Attenuation)+1 -> 1.0481203 | E9: IBU | G9: =IF(D44=0,"",R44) -> 0 | J9: Brouwefficientie | K9: =iferror(K8/G8*B8,"") -> 0
A10: FG | B10: =B11*(1-B7)/(B7*131.25/100)+1 -> 1.002406 | E10: EBC | G10: =if(G26=0,"",1.4922*P26*0.6859*1.97) -> 5.836381
A11: ABV | B11: 0.06
A12: Plato | B12: =(-1*616.868)+(1111.14*'002 - Exquise Elise'!OG)-(630.272*POWER('002 - Exquise Elise'!OG,2))+(135.997*POWER('002 - Exquise Elise'!OG,3)) -> 11.940732
A14: Granen
A15: Totaal suikers nodig | D15: ='002 - Exquise Elise'!Plato/100*'002 - Exquise Elise'!Volume -> 38.210342 | E15: kg
A16: Totaal granen nodig | D16: =D15/F16/'002 - Exquise Elise'!Brouwefficientie -> 68.232754 | E16: kg | F16: 0.8
A17: Graan type | C17: Voorraad | D17: Hoeveelheid | F17: Graanrendement | G17: EBC | H17: % van totaal | I17: Lot | J17: Per hL | L17: Per batch
C18: kg | D18: Massa | E18: kg | J18: Massa | K18: =E18 -> kg | L18: Massa | M18: kg | O18: Lovibond | P18: MCU
A19: Pilsmout | C19: =iferror(VLOOKUP(A19,'Voorraadfiche Grondstoffen'!$A$2:$D$100,4,False),"") -> 50 | D19: 50 | E19: =E$18 -> kg | F19: 0.78 | G19: 3 | H19: =if(isblank(D19),"",(D19/$D$26)) -> 0.68965517 | J19: =IF(ISBLANK(D19),"",D19/$B$5*100) -> 15.625 | K19: =K$18 -> kg | L19: =IF(ISBLANK(D19),"",D19/$B$5*$B$6) -> 25 | M19: =M$18 -> kg | O19: =(G19*0.508+0.76)/1.3546 -> 1.6861066 | P19: =D19/kgperpound*lpergallon/$B$5*O19 -> 2.1986305
A20: Tarwemout | C20: =iferror(VLOOKUP(A20,'Voorraadfiche Grondstoffen'!$A$2:$D$100,4,False),"") -> 80 | D20: 15 | E20: =E$18 -> kg | F20: 0.75 | G20: 2 | H20: =if(isblank(D20),"",(D20/$D$26)) -> 0.20689655 | J20: =IF(ISBLANK(D20),"",D20/$B$5*100) -> 4.6875 | K20: =K$18 -> kg | L20: =IF(ISBLANK(D20),"",D20/$B$5*$B$6) -> 7.5 | M20: =M$18 -> kg | O20: =(G20*0.508+0.76)/1.3546 -> 1.3110881 | P20: =D20/kgperpound*lpergallon/$B$5*O20 -> 0.51288542
A21: Tarwe | C21: =iferror(VLOOKUP(A21,'Voorraadfiche Grondstoffen'!$A$2:$D$100,4,False),"") | D21: 5 | E21: =E$18 -> kg | F21: 0.78 | G21: 1 | H21: =if(isblank(D21),"",(D21/$D$26)) -> 0.068965517 | J21: =IF(ISBLANK(D21),"",D21/$B$5*100) -> 1.5625 | K21: =K$18 -> kg | L21: =IF(ISBLANK(D21),"",D21/$B$5*$B$6) -> 2.5 | M21: =M$18 -> kg | O21: =(G21*0.508+0.76)/1.3546 -> 0.93606969 | P21: =D21/kgperpound*lpergallon/$B$5*O21 -> 0.12206057
A22: Havervlokken | C22: =iferror(VLOOKUP(A22,'Voorraadfiche Grondstoffen'!$A$2:$D$100,4,False),"") -> 5.5 | D22: 2.5 | E22: =E$18 -> kg | F22: 0.7 | G22: 1 | H22: =if(isblank(D22),"",(D22/$D$26)) -> 0.034482759 | J22: =IF(ISBLANK(D22),"",D22/$B$5*100) -> 0.78125 | K22: =K$18 -> kg | L22: =IF(ISBLANK(D22),"",D22/$B$5*$B$6) -> 1.25 | M22: =M$18 -> kg | O22: =(G22*0.508+0.76)/1.3546 -> 0.93606969 | P22: =D22/kgperpound*lpergallon/$B$5*O22 -> 0.061030285
C23: =iferror(VLOOKUP(A23,'Voorraadfiche Grondstoffen'!$A$2:$D$100,4,False),"") | E23: =E$18 -> kg | H23: =if(isblank(D23),"",(D23/$D$26)) | J23: =IF(ISBLANK(D23),"",D23/$B$5*100) | K23: =K$18 -> kg | L23: =IF(ISBLANK(D23),"",D23/$B$5*$B$6) | M23: =M$18 -> kg | O23: =(G23*0.508+0.76)/1.3546 -> 0.56105123 | P23: =D23/kgperpound*lpergallon/$B$5*O23 -> 0
C24: =iferror(VLOOKUP(A24,'Voorraadfiche Grondstoffen'!$A$2:$D$100,4,False),"") | E24: =E$18 -> kg | H24: =if(isblank(D24),"",(D24/$D$26)) | J24: =IF(ISBLANK(D24),"",D24/$B$5*100) | K24: =K$18 -> kg | L24: =IF(ISBLANK(D24),"",D24/$B$5*$B$6) | M24: =M$18 -> kg | O24: =(G24*0.508+0.76)/1.3546 -> 0.56105123 | P24: =D24/kgperpound*lpergallon/$B$5*O24 -> 0
C25: =iferror(VLOOKUP(A25,'Voorraadfiche Grondstoffen'!$A$2:$D$100,4,False),"") | E25: =E$18 -> kg | H25: =if(isblank(D25),"",(D25/$D$26)) | J25: =IF(ISBLANK(D25),"",D25/$B$5*100) | K25: =K$18 -> kg | L25: =IF(ISBLANK(D25),"",D25/$B$5*$B$6) | M25: =M$18 -> kg | O25: =(G25*0.508+0.76)/1.3546 -> 0.56105123 | P25: =D25/kgperpound*lpergallon/$B$5*O25 -> 0
A26: TOTAL | D26: =SUM(D19:D25) -> 72.5 | E26: =E$18 -> kg | G26: =sum(G19:G25) -> 7 | J26: =SUM(J19:J25) -> 22.65625 | K26: =K$18 -> kg | L26: =SUM(L19:L25) -> 36.25 | M26: =M$18 -> kg | P26: =SUM(P19:P25) -> 2.8946067
A28: Maisch
A29: Stap | D29: Temp | E29: Duur (min.)
A30: Protein Rest (52°C) | E30: 0
A31: Beta-Amylase Rest (63°C) | D31: 63 | E31: 45 | F31: =IF(D31="","",D30)
A32: Alpha-Amylase Rest (72°C) | F32: =IF(D32="","",D31)
A33: Mash Out (78°C) | E33: 5 | F33: =IF(D33="","",D32)
A34: TOTALS | E34: =SUM(E30:E33) -> 50 | F34: Minutes
A36: Hop
A37: Soort hop | D37: Hoeveelheid | F37: Pellet of bloem | G37: Kooktijd (min.) | H37: AA% | I37: Lot | J37: Per hL | L37: Per batch | O37: Biggness factor | P37: =1.65*POWER(0.000125,G5-1) -> 1.0590438
D38: Massa | E38: g | J38: Massa | K38: =E38 -> g | L38: Massa | M38: g | O38: Hops in oz | P38: Boil factor | Q38: Utilization | R38: IBU
C39: =iferror(1000*VLOOKUP(A39,'Voorraadfiche Grondstoffen'!$F$2:$I$100,4,False),"") | E39: =E$38 -> g | F39: Pellet | J39: =IF(ISBLANK(D39),"",D39/'002 - Exquise Elise'!Volume*100) | K39: =K$38 -> g | L39: =IF(ISBLANK(D39),"",D39/'002 - Exquise Elise'!Volume*$B$6) | M39: =M$38 -> g | O39: =D39*ozpergram -> 0 | P39: =(1-POWER(2.71828182845904,((-0.04)*G39)))/4.15 -> 0 | Q39: =P39*$P$37 -> 0 | R39: =IF(F39="Leaf", ((H39 *O39) *Q39 * 74.9) / '002 - Exquise Elise'!Volume*3.785, ((H39 *O39) * (Q39*1.1) * 74.9) / '002 - Exquise Elise'!Volume*3.785) -> 0
C40: =iferror(1000*VLOOKUP(A40,'Voorraadfiche Grondstoffen'!$F$2:$I$100,4,False),"") | E40: =E$38 -> g | F40: Pellet | G40: 0 | J40: =IF(ISBLANK(D40),"",D40/'002 - Exquise Elise'!Volume*100) | K40: =K$38 -> g | L40: =IF(ISBLANK(D40),"",D40/'002 - Exquise Elise'!Volume*$B$6) | M40: =M$38 -> g | O40: =D40*ozpergram -> 0 | P40: =(1-POWER(2.71828182845904,((-0.04)*G40)))/4.15 -> 0 | Q40: =P40*$P$37 -> 0 | R40: =IF(F40="Leaf", ((H40 *O40) *Q40 * 74.9) / '002 - Exquise Elise'!Volume*3.785, ((H40 *O40) * (Q40*1.1) * 74.9) / '002 - Exquise Elise'!Volume*3.785) -> 0
C41: =iferror(1000*VLOOKUP(A41,'Voorraadfiche Grondstoffen'!$F$2:$I$100,4,False),"") | E41: =E$38 -> g | F41: Pellet | G41: 0 | H41: 0 | J41: =IF(ISBLANK(D41),"",D41/'002 - Exquise Elise'!Volume*100) | K41: =K$38 -> g | L41: =IF(ISBLANK(D41),"",D41/'002 - Exquise Elise'!Volume*$B$6) | M41: =M$38 -> g | O41: =D41*ozpergram -> 0 | P41: =(1-POWER(2.71828182845904,((-0.04)*G41)))/4.15 -> 0 | Q41: =P41*$P$37 -> 0 | R41: =IF(F41="Leaf", ((H41 *O41) *Q41 * 74.9) / '002 - Exquise Elise'!Volume*3.785, ((H41 *O41) * (Q41*1.1) * 74.9) / '002 - Exquise Elise'!Volume*3.785) -> 0
A42: Motueka | C42: =iferror(1000*VLOOKUP(A42,'Voorraadfiche Grondstoffen'!$F$2:$I$100,4,False),"") -> 0 | D42: 1000 | E42: =E$38 -> g | F42: Pellet | G42: 0 | H42: 8 | J42: =IF(ISBLANK(D42),"",D42/'002 - Exquise Elise'!Volume*100) -> 312.5 | K42: =K$38 -> g | L42: =IF(ISBLANK(D42),"",D42/'002 - Exquise Elise'!Volume*$B$6) -> 500 | M42: =M$38 -> g | O42: =D42*ozpergram -> 35.27396 | P42: =(1-POWER(2.71828182845904,((-0.04)*G42)))/4.15 -> 0 | Q42: =P42*$P$37 -> 0 | R42: =IF(F42="Leaf", ((H42 *O42) *Q42 * 74.9) / '002 - Exquise Elise'!Volume*3.785, ((H42 *O42) * (Q42*1.1) * 74.9) / '002 - Exquise Elise'!Volume*3.785) -> 0
C43: =iferror(1000*VLOOKUP(A43,'Voorraadfiche Grondstoffen'!$F$2:$I$100,4,False),"") | E43: =E$38 -> g | J43: =IF(ISBLANK(D43),"",D43/'002 - Exquise Elise'!Volume*100) | K43: =K$38 -> g | L43: =IF(ISBLANK(D43),"",D43/'002 - Exquise Elise'!Volume*$B$6) | M43: =M$38 -> g | O43: =D43*ozpergram -> 0 | P43: =(1-POWER(2.71828182845904,((-0.04)*G43)))/4.15 -> 0 | Q43: =P43*$P$37 -> 0 | R43: =IF(F43="Leaf", ((H43 *O43) *Q43 * 74.9) / '002 - Exquise Elise'!Volume*3.785, ((H43 *O43) * (Q43*1.1) * 74.9) / '002 - Exquise Elise'!Volume*3.785) -> 0
A44: TOTAL | D44: =SUM(D39:D43) -> 1000 | E44: =E$38 -> g | J44: =SUM(J39:J43) -> 312.5 | K44: =K$38 -> g | L44: =SUM(L39:L43) -> 500 | M44: =M$38 -> g | R44: =sum(R39:R43) -> 0
A46: Toevoeging
A47: Soort | D47: Hoeveelheid | F47: Tijdstip | G47: Dosering (g/L) | I47: Lot | J47: Per hL | L47: Per batch
D48: Massa | E48: g | J48: Massa | K48: =E48 -> g | L48: Massa | M48: g
A49: timut | C49: =iferror(1000*VLOOKUP(A49,'Voorraadfiche Grondstoffen'!$K$2:$N$100,4,False),"") | D49: 200 | E49: =E$38 -> g | F49: Secundaire fermentatie | G49: =IF(ISBLANK(D49),"",D49/$B$5) -> 0.625 | J49: =IF(ISBLANK(D49),"",D49/'002 - Exquise Elise'!Volume*100) -> 62.5 | K49: =K$38 -> g | L49: =IF(ISBLANK(D49),"",D49/'002 - Exquise Elise'!Volume*$B$6) -> 100 | M49: =M$38 -> g
A50: zeezout | C50: =iferror(1000*VLOOKUP(A50,'Voorraadfiche Grondstoffen'!$K$2:$N$100,4,False),"") | D50: 250 | E50: =E$38 -> g | G50: =IF(ISBLANK(D50),"",D50/$B$5) -> 0.78125 | J50: =IF(ISBLANK(D50),"",D50/'002 - Exquise Elise'!Volume*100) -> 78.125 | K50: =K$38 -> g | L50: =IF(ISBLANK(D50),"",D50/'002 - Exquise Elise'!Volume*$B$6) -> 125 | M50: =M$38 -> g
C51: =iferror(1000*VLOOKUP(A51,'Voorraadfiche Grondstoffen'!$K$2:$N$100,4,False),"") | E51: =E$38 -> g | G51: =IF(ISBLANK(D51),"",D51/$B$5) | J51: =IF(ISBLANK(D51),"",D51/'002 - Exquise Elise'!Volume*100) | K51: =K$38 -> g | L51: =IF(ISBLANK(D51),"",D51/'002 - Exquise Elise'!Volume*$B$6) | M51: =M$38 -> g
C52: =iferror(1000*VLOOKUP(A52,'Voorraadfiche Grondstoffen'!$K$2:$N$100,4,False),"") | E52: =E$38 -> g | G52: =IF(ISBLANK(D52),"",D52/$B$5) | J52: =IF(ISBLANK(D52),"",D52/'002 - Exquise Elise'!Volume*100) | K52: =K$38 -> g | L52: =IF(ISBLANK(D52),"",D52/'002 - Exquise Elise'!Volume*$B$6) | M52: =M$38 -> g
C53: =iferror(1000*VLOOKUP(A53,'Voorraadfiche Grondstoffen'!$K$2:$N$100,4,False),"") | E53: =E$38 -> g | G53: =IF(ISBLANK(D53),"",D53/$B$5) | J53: =IF(ISBLANK(D53),"",D53/'002 - Exquise Elise'!Volume*100) | K53: =K$38 -> g | L53: =IF(ISBLANK(D53),"",D53/'002 - Exquise Elise'!Volume*$B$6) | M53: =M$38 -> g
A54: TOTAL | D54: =SUM(D49:D53) -> 450 | E54: =E$38 -> g | J54: =SUM(J49:J53) -> 140.625 | K54: =K$38 -> g | L54: =SUM(L49:L53) -> 225 | M54: =M$38 -> g
A56: Gist
A57: Gistsoort | D57: Hoeveelheid | F57: Attenuatie | I57: Lot | J57: Per hL | L57: Per batch
D58: Massa | E58: g | J58: Massa | K58: =E58 -> g | L58: Massa | M58: g
A59: BE-134 | C59: =iferror(1000*VLOOKUP(A59,'Voorraadfiche Grondstoffen'!$P$2:$S$100,4,False),"") -> 500 | D59: 125 | E59: =E$58 -> g | F59: =B7 -> 0.95 | J59: =IF(ISBLANK(D59),"",D59/'002 - Exquise Elise'!Volume*100) -> 39.0625 | K59: =K$38 -> g | L59: =IF(ISBLANK(D59),"",D59/'002 - Exquise Elise'!Volume*$B$6) -> 62.5 | M59: =M$38 -> g
A60: LP652 | C60: =iferror(1000*VLOOKUP(A60,'Voorraadfiche Grondstoffen'!$P$2:$S$100,4,False),"") -> 0 | D60: 10 | E60: =E$58 -> g | J60: =IF(ISBLANK(D60),"",D60/'002 - Exquise Elise'!Volume*100) -> 3.125 | K60: =K$38 -> g | L60: =IF(ISBLANK(D60),"",D60/'002 - Exquise Elise'!Volume*$B$6) -> 5 | M60: =M$38 -> g
C61: =iferror(1000*VLOOKUP(A61,'Voorraadfiche Grondstoffen'!$P$2:$S$100,4,False),"") | E61: =E$58 -> g | J61: =IF(ISBLANK(D61),"",D61/'002 - Exquise Elise'!Volume*100) | K61: =K$38 -> g | L61: =IF(ISBLANK(D61),"",D61/'002 - Exquise Elise'!Volume*$B$6) | M61: =M$38 -> g
A62: TOTAL | D62: =SUM(D57:D61) -> 135 | E62: =E$38 -> g | J62: =SUM(J57:J61) -> 42.1875 | K62: =K$38 -> g | L62: =SUM(L57:L61) -> 67.5 | M62: =M$38 -> g
A64: Fermentatieschema
A65: Stap | D65: Temperatuur | F65: Duur (dagen)
D66: Temp | E66: °C
A67: acidification | D67: 35 | E67: =E$82 | F67: 14
B68: hoofd
E71: =E$82
A73: Notities:

Sheet 003 - Mystieke Margarita
A1: Mystieke Margarita
A2: Author: | B2: Tom & Sibren
A4: Gevraagd | E4: Verwacht | J4: Gemeten
A5: Volume | B5: 320 | E5: OG | G5: =if(D26=0,"",1+(G8/(258.6-((G8/258.2)*227.1)))) -> 1.0540532 | J5: OG | K5: 1.044
A6: Batch Volume | B6: 160 | E6: FG | G6: =if(D26=0,"",(G5-1)*(1-'003 - Mystieke Margarita'!Attenuation)+1) -> 1.0108106 | J6: FG
A7: Attenuatie | B7: 0.8 | E7: ABV | G7: =if(D26=0,"",(G5-G6)*131.25/100) -> 0.05675581 | J7: ABV | K7: =IF(isblank(K6),"",(K5-K6)*131.25/100)
A8: Brouwefficientie | B8: 0.7 | E8: Plato | G8: =if(D26=0,"",SUMPRODUCT(D19:D25,F19:F25)*'003 - Mystieke Margarita'!Brouwefficientie/'003 - Mystieke Margarita'!Volume*100) -> 13.34375 | J8: Plato | K8: =if(ISBLANK(K5),"",(-1*616.868)+(1111.14*K5)-(630.272*POWER(K5,2))+(135.997*POWER(K5,3))) -> 10.956077
A9: OG | B9: =('003 - Mystieke Margarita'!FG-1)/(1-'003 - Mystieke Margarita'!Attenuation)+1 -> 1.047619 | E9: IBU | G9: =IF(D44=0,"",R44) -> 0 | J9: Brouwefficientie | K9: =iferror(K8/G8*B8,"") -> 0.57474501
A10: FG | B10: =B11*(1-B7)/(B7*131.25/100)+1 -> 1.0095238 | E10: EBC | G10: =if(G26=0,"",1.4922*P26*0.6859*1.97) -> 7.7831352
A11: ABV | B11: 0.05
A12: Plato | B12: =(-1*616.868)+(1111.14*'003 - Mystieke Margarita'!OG)-(630.272*POWER('003 - Mystieke Margarita'!OG,2))+(135.997*POWER('003 - Mystieke Margarita'!OG,3)) -> 11.821313
A14: Granen
A15: Totaal suikers nodig | D15: ='003 - Mystieke Margarita'!Plato/100*'003 - Mystieke Margarita'!Volume -> 37.828202 | E15: kg
A16: Totaal granen nodig | D16: =D15/F16/'003 - Mystieke Margarita'!Brouwefficientie -> 67.55036 | E16: kg | F16: 0.8
A17: Graan type | C17: Voorraad | D17: Hoeveelheid | F17: Graanrendement | G17: EBC | H17: % van totaal | I17: Lot | J17: Per hL | L17: Per batch
C18: kg | D18: Massa | E18: kg | J18: Massa | K18: =E18 -> kg | L18: Massa | M18: kg | O18: Lovibond | P18: MCU
A19: Pilsmout | C19: =iferror(VLOOKUP(A19,'Voorraadfiche Grondstoffen'!$A$2:$D$100,4,False),"") -> 50 | D19: 50 | E19: =E$18 -> kg | F19: 0.78 | G19: 3 | H19: =if(isblank(D19),"",(D19/$D$26)) -> 0.625 | J19: =IF(ISBLANK(D19),"",D19/$B$5*100) -> 15.625 | K19: =K$18 -> kg | L19: =IF(ISBLANK(D19),"",D19/$B$5*$B$6) -> 25 | M19: =M$18 -> kg | O19: =(G19*0.508+0.76)/1.3546 -> 1.6861066 | P19: =D19/kgperpound*lpergallon/$B$5*O19 -> 2.1986305
A20: Tarwemout | C20: =iferror(VLOOKUP(A20,'Voorraadfiche Grondstoffen'!$A$2:$D$100,4,False),"") -> 80 | D20: 15 | E20: =E$18 -> kg | F20: 0.75 | G20: 2 | H20: =if(isblank(D20),"",(D20/$D$26)) -> 0.1875 | J20: =IF(ISBLANK(D20),"",D20/$B$5*100) -> 4.6875 | K20: =K$18 -> kg | L20: =IF(ISBLANK(D20),"",D20/$B$5*$B$6) -> 7.5 | M20: =M$18 -> kg | O20: =(G20*0.508+0.76)/1.3546 -> 1.3110881 | P20: =D20/kgperpound*lpergallon/$B$5*O20 -> 0.51288542
A21: Tarwe | C21: =iferror(VLOOKUP(A21,'Voorraadfiche Grondstoffen'!$A$2:$D$100,4,False),"") | D21: 0 | E21: =E$18 -> kg | F21: 0.78 | G21: 1 | H21: =if(isblank(D21),"",(D21/$D$26)) -> 0 | J21: =IF(ISBLANK(D21),"",D21/$B$5*100) -> 0 | K21: =K$18 -> kg | L21: =IF(ISBLANK(D21),"",D21/$B$5*$B$6) -> 0 | M21: =M$18 -> kg | O21: =(G21*0.508+0.76)/1.3546 -> 0.93606969 | P21: =D21/kgperpound*lpergallon/$B$5*O21 -> 0
A22: Havervlokken | C22: =iferror(VLOOKUP(A22,'Voorraadfiche Grondstoffen'!$A$2:$D$100,4,False),"") -> 5.5 | D22: 10 | E22: =E$18 -> kg | F22: 0.7 | G22: 1 | H22: =if(isblank(D22),"",(D22/$D$26)) -> 0.125 | J22: =IF(ISBLANK(D22),"",D22/$B$5*100) -> 3.125 | K22: =K$18 -> kg | L22: =IF(ISBLANK(D22),"",D22/$B$5*$B$6) -> 5 | M22: =M$18 -> kg | O22: =(G22*0.508+0.76)/1.3546 -> 0.93606969 | P22: =D22/kgperpound*lpergallon/$B$5*O22 -> 0.24412114
A23: Carapils | C23: =iferror(VLOOKUP(A23,'Voorraadfiche Grondstoffen'!$A$2:$D$100,4,False),"") | D23: 3 | E23: =E$18 -> kg | F23: 0.75 | G23: 5 | H23: =if(isblank(D23),"",(D23/$D$26)) -> 0.0375 | J23: =IF(ISBLANK(D23),"",D23/$B$5*100) -> 0.9375 | K23: =K$18 -> kg | L23: =IF(ISBLANK(D23),"",D23/$B$5*$B$6) -> 1.5 | M23: =M$18 -> kg | O23: =(G23*0.508+0.76)/1.3546 -> 2.4361435 | P23: =D23/kgperpound*lpergallon/$B$5*O23 -> 0.19059931
A24: CaraHell | C24: =iferror(VLOOKUP(A24,'Voorraadfiche Grondstoffen'!$A$2:$D$100,4,False),"") | D24: 1 | E24: =E$18 -> kg | F24: 0.75 | G24: 20 | H24: =if(isblank(D24),"",(D24/$D$26)) -> 0.0125 | J24: =IF(ISBLANK(D24),"",D24/$B$5*100) -> 0.3125 | K24: =K$18 -> kg | L24: =IF(ISBLANK(D24),"",D24/$B$5*$B$6) -> 0.5 | M24: =M$18 -> kg | O24: =(G24*0.508+0.76)/1.3546 -> 8.0614203 | P24: =D24/kgperpound*lpergallon/$B$5*O24 -> 0.21023682
A25: CaraRed | C25: =iferror(VLOOKUP(A25,'Voorraadfiche Grondstoffen'!$A$2:$D$100,4,False),"") | D25: 1 | E25: =E$18 -> kg | F25: 0.75 | G25: 50 | H25: =if(isblank(D25),"",(D25/$D$26)) -> 0.0125 | J25: =IF(ISBLANK(D25),"",D25/$B$5*100) -> 0.3125 | K25: =K$18 -> kg | L25: =IF(ISBLANK(D25),"",D25/$B$5*$B$6) -> 0.5 | M25: =M$18 -> kg | O25: =(G25*0.508+0.76)/1.3546 -> 19.311974 | P25: =D25/kgperpound*lpergallon/$B$5*O25 -> 0.50364424
A26: TOTAL | D26: =SUM(D19:D25) -> 80 | E26: =E$18 -> kg | G26: =sum(G19:G25) -> 82 | J26: =SUM(J19:J25) -> 25 | K26: =K$18 -> kg | L26: =SUM(L19:L25) -> 40 | M26: =M$18 -> kg | P26: =SUM(P19:P25) -> 3.8601174
A28: Maisch
A29: Stap | D29: Temp | E29: Duur (min.)
A30: Protein Rest (52°C) | E30: 0
A31: Beta-Amylase Rest (63°C) | E31: 0 | F31: =IF(D31="","",D30)
A32: Alpha-Amylase Rest (72°C) | E32: 45 | F32: =IF(D32="","",D31)
A33: Mash Out (78°C) | E33: 5 | F33: =IF(D33="","",D32)
A34: TOTALS | E34: =SUM(E30:E33) -> 50 | F34: Minutes
A36: Hop
A37: Soort hop | D37: Hoeveelheid | F37: Pellet of bloem | G37: Kooktijd (min.) | H37: AA% | I37: Lot | J37: Per hL | L37: Per batch | O37: Biggness factor | P37: =1.65*POWER(0.000125,G5-1) -> 1.0151019
D38: Massa | E38: g | J38: Massa | K38: =E38 -> g | L38: Massa | M38: g | O38: Hops in oz | P38: Boil factor | Q38: Utilization | R38: IBU
E39: =E$38 -> g | F39: Pellet | J39: =IF(ISBLANK(D39),"",D39/'003 - Mystieke Margarita'!Volume*100) | K39: =K$38 -> g | L39: =IF(ISBLANK(D39),"",D39/'003 - Mystieke Margarita'!Volume*$B$6) | M39: =M$38 -> g | O39: =D39*ozpergram -> 0 | P39: =(1-POWER(2.71828182845904,((-0.04)*G39)))/4.15 -> 0 | Q39: =P39*$P$37 -> 0 | R39: =IF(F39="Leaf", ((H39 *O39) *Q39 * 74.9) / '003 - Mystieke Margarita'!Volume*3.785, ((H39 *O39) * (Q39*1.1) * 74.9) / '003 - Mystieke Margarita'!Volume*3.785) -> 0
E40: =E$38 -> g | F40: Pellet | J40: =IF(ISBLANK(D40),"",D40/'003 - Mystieke Margarita'!Volume*100) | K40: =K$38 -> g | L40: =IF(ISBLANK(D40),"",D40/'003 - Mystieke Margarita'!Volume*$B$6) | M40: =M$38 -> g | O40: =D40*ozpergram -> 0 | P40: =(1-POWER(2.71828182845904,((-0.04)*G40)))/4.15 -> 0 | Q40: =P40*$P$37 -> 0 | R40: =IF(F40="Leaf", ((H40 *O40) *Q40 * 74.9) / '003 - Mystieke Margarita'!Volume*3.785, ((H40 *O40) * (Q40*1.1) * 74.9) / '003 - Mystieke Margarita'!Volume*3.785) -> 0
E41: =E$38 -> g | F41: Pellet | J41: =IF(ISBLANK(D41),"",D41/'003 - Mystieke Margarita'!Volume*100) | K41: =K$38 -> g | L41: =IF(ISBLANK(D41),"",D41/'003 - Mystieke Margarita'!Volume*$B$6) | M41: =M$38 -> g | O41: =D41*ozpergram -> 0 | P41: =(1-POWER(2.71828182845904,((-0.04)*G41)))/4.15 -> 0 | Q41: =P41*$P$37 -> 0 | R41: =IF(F41="Leaf", ((H41 *O41) *Q41 * 74.9) / '003 - Mystieke Margarita'!Volume*3.785, ((H41 *O41) * (Q41*1.1) * 74.9) / '003 - Mystieke Margarita'!Volume*3.785) -> 0
A42: Motueka | C42: =iferror(1000*VLOOKUP(A42,'Voorraadfiche Grondstoffen'!$F$2:$I$100,4,False),"") -> 0 | D42: 1000 | E42: =E$38 -> g | F42: Pellet | J42: =IF(ISBLANK(D42),"",D42/'003 - Mystieke Margarita'!Volume*100) -> 312.5 | K42: =K$38 -> g | L42: =IF(ISBLANK(D42),"",D42/'003 - Mystieke Margarita'!Volume*$B$6) -> 500 | M42: =M$38 -> g | O42: =D42*ozpergram -> 35.27396 | P42: =(1-POWER(2.71828182845904,((-0.04)*G42)))/4.15 -> 0 | Q42: =P42*$P$37 -> 0 | R42: =IF(F42="Leaf", ((H42 *O42) *Q42 * 74.9) / '003 - Mystieke Margarita'!Volume*3.785, ((H42 *O42) * (Q42*1.1) * 74.9) / '003 - Mystieke Margarita'!Volume*3.785) -> 0
C43: =iferror(1000*VLOOKUP(A43,'Voorraadfiche Grondstoffen'!$F$2:$I$100,4,False),"") | E43: =E$38 -> g | J43: =IF(ISBLANK(D43),"",D43/'003 - Mystieke Margarita'!Volume*100) | K43: =K$38 -> g | L43: =IF(ISBLANK(D43),"",D43/'003 - Mystieke Margarita'!Volume*$B$6) | M43: =M$38 -> g | O43: =D43*ozpergram -> 0 | P43: =(1-POWER(2.71828182845904,((-0.04)*G43)))/4.15 -> 0 | Q43: =P43*$P$37 -> 0 | R43: =IF(F43="Leaf", ((H43 *O43) *Q43 * 74.9) / '003 - Mystieke Margarita'!Volume*3.785, ((H43 *O43) * (Q43*1.1) * 74.9) / '003 - Mystieke Margarita'!Volume*3.785) -> 0
A44: TOTAL | D44: =SUM(D39:D43) -> 1000 | E44: =E$38 -> g | J44: =SUM(J39:J43) -> 312.5 | K44: =K$38 -> g | L44: =SUM(L39:L43) -> 500 | M44: =M$38 -> g | R44: =sum(R39:R43) -> 0
A46: Toevoeging
A47: Soort | D47: Hoeveelheid | F47: Tijdstip | G47: Dosering (g/L) | I47: Lot | J47: Per hL | L47: Per batch
D48: Massa | E48: g | J48: Massa | K48: =E48 -> g | L48: Massa | M48: g
A49: gember | C49: =iferror(1000*VLOOKUP(A49,'Voorraadfiche Grondstoffen'!$K$2:$N$100,4,False),"") -> 0 | D49: 500 | E49: =E$38 -> g | F49: Whirlpool | G49: =IF(ISBLANK(D49),"",D49/$B$5) -> 1.5625 | J49: =IF(ISBLANK(D49),"",D49/'003 - Mystieke Margarita'!Volume*100) -> 156.25 | K49: =K$38 -> g | L49: =IF(ISBLANK(D49),"",D49/'003 - Mystieke Margarita'!Volume*$B$6) -> 250 | M49: =M$38 -> g
A50: bloedappelsienzeste | C50: =iferror(1000*VLOOKUP(A50,'Voorraadfiche Grondstoffen'!$K$2:$N$100,4,False),"") | D50: 400 | E50: =E$38 -> g | F50: whir | G50: =IF(ISBLANK(D50),"",D50/$B$5) -> 1.25 | J50: =IF(ISBLANK(D50),"",D50/'003 - Mystieke Margarita'!Volume*100) -> 125 | K50: =K$38 -> g | L50: =IF(ISBLANK(D50),"",D50/'003 - Mystieke Margarita'!Volume*$B$6) -> 200 | M50: =M$38 -> g
A51: limoenzeste | C51: =iferror(1000*VLOOKUP(A51,'Voorraadfiche Grondstoffen'!$K$2:$N$100,4,False),"") | D51: 200 | E51: =E$38 -> g | F51: Secundaire fermentatie | G51: =IF(ISBLANK(D51),"",D51/$B$5) -> 0.625 | J51: =IF(ISBLANK(D51),"",D51/'003 - Mystieke Margarita'!Volume*100) -> 62.5 | K51: =K$38 -> g | L51: =IF(ISBLANK(D51),"",D51/'003 - Mystieke Margarita'!Volume*$B$6) -> 100 | M51: =M$38 -> g
A52: zeezout | C52: =iferror(1000*VLOOKUP(A52,'Voorraadfiche Grondstoffen'!$K$2:$N$100,4,False),"") | D52: 200 | E52: =E$38 -> g | F52: sec | G52: =IF(ISBLANK(D52),"",D52/$B$5) -> 0.625 | J52: =IF(ISBLANK(D52),"",D52/'003 - Mystieke Margarita'!Volume*100) -> 62.5 | K52: =K$38 -> g | L52: =IF(ISBLANK(D52),"",D52/'003 - Mystieke Margarita'!Volume*$B$6) -> 100 | M52: =M$38 -> g
A53: hibiscus | C53: =iferror(1000*VLOOKUP(A53,'Voorraadfiche Grondstoffen'!$K$2:$N$100,4,False),"") | D53: 200 | E53: =E$38 -> g | F53: sec | G53: =IF(ISBLANK(D53),"",D53/$B$5) -> 0.625 | J53: =IF(ISBLANK(D53),"",D53/'003 - Mystieke Margarita'!Volume*100) -> 62.5 | K53: =K$38 -> g | L53: =IF(ISBLANK(D53),"",D53/'003 - Mystieke Margarita'!Volume*$B$6) -> 100 | M53: =M$38 -> g
A54: gember | D54: 300 | F54: sec | G54: =IF(ISBLANK(D54),"",D54/$B$5) -> 0.9375 | J54: =IF(ISBLANK(D54),"",D54/'003 - Mystieke Margarita'!Volume*100) -> 93.75 | L54: =IF(ISBLANK(D54),"",D54/'003 - Mystieke Margarita'!Volume*$B$6) -> 150
A55: TOTAL | D55: =SUM(D49:D54) -> 1800 | E55: =E$38 -> g | J55: =SUM(J49:J53) -> 468.75 | K55: =K$38 -> g | L55: =SUM(L49:L53) -> 750 | M55: =M$38 -> g
A57: Gist
A58: Gistsoort | D58: Hoeveelheid | F58: Attenuatie | I58: Lot | J58: Per hL | L58: Per batch
D59: Massa | E59: g | J59: Massa | K59: =E59 -> g | L59: Massa | M59: g
A60: LP652 | C60: =iferror(1000*VLOOKUP(A60,'Voorraadfiche Grondstoffen'!$P$2:$S$100,4,False),"") -> 0 | D60: 125 | E60: =E$59 -> g | F60: =B7 -> 0.8 | J60: =IF(ISBLANK(D60),"",D60/'003 - Mystieke Margarita'!Volume*100) -> 39.0625 | K60: =K$38 -> g | L60: =IF(ISBLANK(D60),"",D60/'003 - Mystieke Margarita'!Volume*$B$6) -> 62.5 | M60: =M$38 -> g
A61: s-04 | C61: =iferror(1000*VLOOKUP(A61,'Voorraadfiche Grondstoffen'!$P$2:$S$100,4,False),"") -> 625 | E61: =E$59 -> g | J61: =IF(ISBLANK(D61),"",D61/'003 - Mystieke Margarita'!Volume*100) | K61: =K$38 -> g | L61: =IF(ISBLANK(D61),"",D61/'003 - Mystieke Margarita'!Volume*$B$6) | M61: =M$38 -> g
C62: =iferror(1000*VLOOKUP(A62,'Voorraadfiche Grondstoffen'!$P$2:$S$100,4,False),"") | E62: =E$59 -> g | J62: =IF(ISBLANK(D62),"",D62/'003 - Mystieke Margarita'!Volume*100) | K62: =K$38 -> g | L62: =IF(ISBLANK(D62),"",D62/'003 - Mystieke Margarita'!Volume*$B$6) | M62: =M$38 -> g
A63: TOTAL | D63: =SUM(D58:D62) -> 125 | E63: =E$38 -> g | J63: =SUM(J58:J62) -> 39.0625 | K63: =K$38 -> g | L63: =SUM(L58:L62) -> 62.5 | M63: =M$38 -> g
A65: Fermentatieschema
A66: Stap | D66: Temperatuur | F66: Duur (dagen)
D67: Temp | E67: °C
A68: acid | D68: 35 | E68: =E$83 | F68: 1.5
B69: hoofd | D69: 22 | F69: 14
E72: =E$83
A74: Notities:

Sheet 004 - Elegante Elodie
A1: Elegante Elodie
A2: Author: | B2: Tom & Sibren
A4: Gevraagd | E4: Verwacht | J4: Gemeten
A5: Volume | B5: 320 | E5: OG | G5: =if(D26=0,"",1+(G8/(258.6-((G8/258.2)*227.1)))) -> 1.0520145 | J5: OG | K5: 1.044
A6: Batch Volume | B6: 160 | E6: FG | G6: =if(D26=0,"",(G5-1)*(1-'004 - Elegante Elodie'!Attenuation)+1) -> 1.0015604 | J6: FG
A7: Attenuatie | B7: 0.97 | E7: ABV | G7: =if(D26=0,"",(G5-G6)*131.25/100) -> 0.06622097 | J7: ABV | K7: =IF(isblank(K6),"",(K5-K6)*131.25/100)
A8: Brouwefficientie | B8: 0.7 | E8: Plato | G8: =if(D26=0,"",SUMPRODUCT(D19:D25,F19:F25)*'004 - Elegante Elodie'!Brouwefficientie/'004 - Elegante Elodie'!Volume*100) -> 12.8625 | J8: Plato | K8: =if(ISBLANK(K5),"",(-1*616.868)+(1111.14*K5)-(630.272*POWER(K5,2))+(135.997*POWER(K5,3))) -> 10.956077
A9: OG | B9: =('004 - Elegante Elodie'!FG-1)/(1-'004 - Elegante Elodie'!Attenuation)+1 -> 1.0518409 | E9: IBU | G9: =IF(D44=0,"",R44) | J9: Brouwefficientie | K9: =iferror(K8/G8*B8,"") -> 0.59624908
A10: FG | B10: =B11*(1-B7)/(B7*131.25/100)+1 -> 1.0015552 | E10: EBC | G10: =if(G26=0,"",1.4922*P26*0.6859*1.97) -> 6.3538333
A11: ABV | B11: 0.066
A12: Plato | B12: =(-1*616.868)+(1111.14*'004 - Elegante Elodie'!OG)-(630.272*POWER('004 - Elegante Elodie'!OG,2))+(135.997*POWER('004 - Elegante Elodie'!OG,3)) -> 12.823965
A14: Granen
A15: Totaal suikers nodig | D15: ='004 - Elegante Elodie'!Plato/100*'004 - Elegante Elodie'!Volume -> 41.036687 | E15: kg
A16: Totaal granen nodig | D16: =D15/F16/'004 - Elegante Elodie'!Brouwefficientie -> 73.279798 | E16: kg | F16: 0.8
A17: Graan type | C17: Voorraad | D17: Hoeveelheid | F17: Graanrendement | G17: EBC | H17: % van totaal | I17: Lot | J17: Per hL | L17: Per batch
C18: kg | D18: Massa | E18: kg | J18: Massa | K18: =E18 -> kg | L18: Massa | M18: kg | O18: Lovibond | P18: MCU
A19: Pilsmout | C19: =iferror(VLOOKUP(A19,'Voorraadfiche Grondstoffen'!$A$2:$D$100,4,False),"") -> 50 | D19: 60 | E19: =E$18 -> kg | F19: 0.78 | G19: 3 | H19: =if(isblank(D19),"",(D19/$D$26)) -> 0.8 | J19: =IF(ISBLANK(D19),"",D19/$B$5*100) -> 18.75 | K19: =K$18 -> kg | L19: =IF(ISBLANK(D19),"",D19/$B$5*$B$6) -> 30 | M19: =M$18 -> kg | O19: =(G19*0.508+0.76)/1.3546 -> 1.6861066 | P19: =D19/kgperpound*lpergallon/$B$5*O19 -> 2.6383565
A20: Tarwemout | C20: =iferror(VLOOKUP(A20,'Voorraadfiche Grondstoffen'!$A$2:$D$100,4,False),"") -> 80 | D20: 15 | E20: =E$18 -> kg | F20: 0.8 | G20: 2 | H20: =if(isblank(D20),"",(D20/$D$26)) -> 0.2 | J20: =IF(ISBLANK(D20),"",D20/$B$5*100) -> 4.6875 | K20: =K$18 -> kg | L20: =IF(ISBLANK(D20),"",D20/$B$5*$B$6) -> 7.5 | M20: =M$18 -> kg | O20: =(G20*0.508+0.76)/1.3546 -> 1.3110881 | P20: =D20/kgperpound*lpergallon/$B$5*O20 -> 0.51288542
C21: =iferror(VLOOKUP(A21,'Voorraadfiche Grondstoffen'!$A$2:$D$100,4,False),"") | E21: =E$18 -> kg | H21: =if(isblank(D21),"",(D21/$D$26)) | J21: =IF(ISBLANK(D21),"",D21/$B$5*100) | K21: =K$18 -> kg | L21: =IF(ISBLANK(D21),"",D21/$B$5*$B$6) | M21: =M$18 -> kg | O21: =(G21*0.508+0.76)/1.3546 -> 0.56105123 | P21: =D21/kgperpound*lpergallon/$B$5*O21 -> 0
C22: =iferror(VLOOKUP(A22,'Voorraadfiche Grondstoffen'!$A$2:$D$100,4,False),"") | E22: =E$18 -> kg | H22: =if(isblank(D22),"",(D22/$D$26)) | J22: =IF(ISBLANK(D22),"",D22/$B$5*100) | K22: =K$18 -> kg | L22: =IF(ISBLANK(D22),"",D22/$B$5*$B$6) | M22: =M$18 -> kg | O22: =(G22*0.508+0.76)/1.3546 -> 0.56105123 | P22: =D22/kgperpound*lpergallon/$B$5*O22 -> 0
C23: =iferror(VLOOKUP(A23,'Voorraadfiche Grondstoffen'!$A$2:$D$100,4,False),"") | E23: =E$18 -> kg | H23: =if(isblank(D23),"",(D23/$D$26)) | J23: =IF(ISBLANK(D23),"",D23/$B$5*100) | K23: =K$18 -> kg | L23: =IF(ISBLANK(D23),"",D23/$B$5*$B$6) | M23: =M$18 -> kg | O23: =(G23*0.508+0.76)/1.3546 -> 0.56105123 | P23: =D23/kgperpound*lpergallon/$B$5*O23 -> 0
C24: =iferror(VLOOKUP(A24,'Voorraadfiche Grondstoffen'!$A$2:$D$100,4,False),"") | E24: =E$18 -> kg | H24: =if(isblank(D24),"",(D24/$D$26)) | J24: =IF(ISBLANK(D24),"",D24/$B$5*100) | K24: =K$18 -> kg | L24: =IF(ISBLANK(D24),"",D24/$B$5*$B$6) | M24: =M$18 -> kg | O24: =(G24*0.508+0.76)/1.3546 -> 0.56105123 | P24: =D24/kgperpound*lpergallon/$B$5*O24 -> 0
C25: =iferror(VLOOKUP(A25,'Voorraadfiche Grondstoffen'!$A$2:$D$100,4,False),"") | E25: =E$18 -> kg | H25: =if(isblank(D25),"",(D25/$D$26)) | J25: =IF(ISBLANK(D25),"",D25/$B$5*100) | K25: =K$18 -> kg | L25: =IF(ISBLANK(D25),"",D25/$B$5*$B$6) | M25: =M$18 -> kg | O25: =(G25*0.508+0.76)/1.3546 -> 0.56105123 | P25: =D25/kgperpound*lpergallon/$B$5*O25 -> 0
A26: TOTAL | D26: =SUM(D19:D25) -> 75 | E26: =E$18 -> kg | G26: =sum(G19:G25) -> 5 | J26: =SUM(J19:J25) -> 23.4375 | K26: =K$18 -> kg | L26: =SUM(L19:L25) -> 37.5 | M26: =M$18 -> kg | P26: =SUM(P19:P25) -> 3.151242
A28: Maisch
A29: Stap | D29: Temp | E29: Duur (min.)
A30: Protein Rest (52°C) | E30: 0
A31: Beta-Amylase Rest (63°C) | E31: 45 | F31: =IF(D31="","",D30)
A32: Alpha-Amylase Rest (72°C) | E32: 0 | F32: =IF(D32="","",D31)
A33: Mash Out (78°C) | E33: 5 | F33: =IF(D33="","",D32)
A34: TOTALS | E34: =SUM(E30:E33) -> 50 | F34: Minutes
A36: Hop
A37: Soort hop | D37: Hoeveelheid | F37: Pellet of bloem | G37: Kooktijd (min.) | H37: AA% | I37: Lot | J37: Per hL | L37: Per batch | O37: Biggness factor | P37: =1.65*POWER(0.000125,G5-1) -> 1.0338717
D38: Massa | E38: g | J38: Massa | K38: =E38 -> g | L38: Massa | M38: g | O38: Hops in oz | P38: Boil factor | Q38: Utilization | R38: IBU
E39: =E$38 -> g | F39: Pellet | J39: =IF(ISBLANK(D39),"",D39/'004 - Elegante Elodie'!Volume*100) | K39: =K$38 -> g | L39: =IF(ISBLANK(D39),"",D39/'004 - Elegante Elodie'!Volume*$B$6) | M39: =M$38 -> g | O39: =D39*ozpergram -> 0 | P39: =(1-POWER(2.71828182845904,((-0.04)*G39)))/4.15 -> 0 | Q39: =P39*$P$37 -> 0 | R39: =IF(F39="Leaf", ((H39 *O39) *Q39 * 74.9) / '004 - Elegante Elodie'!Volume*3.785, ((H39 *O39) * (Q39*1.1) * 74.9) / '004 - Elegante Elodie'!Volume*3.785) -> 0
E40: =E$38 -> g | F40: Pellet | J40: =IF(ISBLANK(D40),"",D40/'004 - Elegante Elodie'!Volume*100) | K40: =K$38 -> g | L40: =IF(ISBLANK(D40),"",D40/'004 - Elegante Elodie'!Volume*$B$6) | M40: =M$38 -> g | O40: =D40*ozpergram -> 0 | P40: =(1-POWER(2.71828182845904,((-0.04)*G40)))/4.15 -> 0 | Q40: =P40*$P$37 -> 0 | R40: =IF(F40="Leaf", ((H40 *O40) *Q40 * 74.9) / '004 - Elegante Elodie'!Volume*3.785, ((H40 *O40) * (Q40*1.1) * 74.9) / '004 - Elegante Elodie'!Volume*3.785) -> 0
E41: =E$38 -> g | F41: Pellet | J41: =IF(ISBLANK(D41),"",D41/'004 - Elegante Elodie'!Volume*100) | K41: =K$38 -> g | L41: =IF(ISBLANK(D41),"",D41/'004 - Elegante Elodie'!Volume*$B$6) | M41: =M$38 -> g | O41: =D41*ozpergram -> 0 | P41: =(1-POWER(2.71828182845904,((-0.04)*G41)))/4.15 -> 0 | Q41: =P41*$P$37 -> 0 | R41: =IF(F41="Leaf", ((H41 *O41) *Q41 * 74.9) / '004 - Elegante Elodie'!Volume*3.785, ((H41 *O41) * (Q41*1.1) * 74.9) / '004 - Elegante Elodie'!Volume*3.785) -> 0
C42: =iferror(1000*VLOOKUP(A42,'Voorraadfiche Grondstoffen'!$F$2:$I$100,4,False),"") | E42: =E$38 -> g | F42: Pellet | J42: =IF(ISBLANK(D42),"",D42/'004 - Elegante Elodie'!Volume*100) | K42: =K$38 -> g | L42: =IF(ISBLANK(D42),"",D42/'004 - Elegante Elodie'!Volume*$B$6) | M42: =M$38 -> g | O42: =D42*ozpergram -> 0 | P42: =(1-POWER(2.71828182845904,((-0.04)*G42)))/4.15 -> 0 | Q42: =P42*$P$37 -> 0 | R42: =IF(F42="Leaf", ((H42 *O42) *Q42 * 74.9) / '004 - Elegante Elodie'!Volume*3.785, ((H42 *O42) * (Q42*1.1) * 74.9) / '004 - Elegante Elodie'!Volume*3.785) -> 0
C43: =iferror(1000*VLOOKUP(A43,'Voorraadfiche Grondstoffen'!$F$2:$I$100,4,False),"") | E43: =E$38 -> g | J43: =IF(ISBLANK(D43),"",D43/'004 - Elegante Elodie'!Volume*100) | K43: =K$38 -> g | L43: =IF(ISBLANK(D43),"",D43/'004 - Elegante Elodie'!Volume*$B$6) | M43: =M$38 -> g | O43: =D43*ozpergram -> 0 | P43: =(1-POWER(2.71828182845904,((-0.04)*G43)))/4.15 -> 0 | Q43: =P43*$P$37 -> 0 | R43: =IF(F43="Leaf", ((H43 *O43) *Q43 * 74.9) / '004 - Elegante Elodie'!Volume*3.785, ((H43 *O43) * (Q43*1.1) * 74.9) / '004 - Elegante Elodie'!Volume*3.785) -> 0
A44: TOTAL | D44: =SUM(D39:D43) -> 0 | E44: =E$38 -> g | J44: =SUM(J39:J43) -> 0 | K44: =K$38 -> g | L44: =SUM(L39:L43) -> 0 | M44: =M$38 -> g | R44: =sum(R39:R43) -> 0
A46: Toevoeging
A47: Soort | D47: Hoeveelheid | F47: Tijdstip | G47: Dosering (g/L) | I47: Lot | J47: Per hL | L47: Per batch
D48: Massa | E48: g | J48: Massa | K48: =E48 -> g | L48: Massa | M48: g
A49: lavendel | C49: =iferror(1000*VLOOKUP(A49,'Voorraadfiche Grondstoffen'!$K$2:$N$100,4,False),"") | E49: =E$38 -> g | G49: =IF(ISBLANK(D49),"",D49/$B$5) | J49: =IF(ISBLANK(D49),"",D49/'004 - Elegante Elodie'!Volume*100) | K49: =K$38 -> g | L49: =IF(ISBLANK(D49),"",D49/'004 - Elegante Elodie'!Volume*$B$6) | M49: =M$38 -> g
A50: rozemarijn | C50: =iferror(1000*VLOOKUP(A50,'Voorraadfiche Grondstoffen'!$K$2:$N$100,4,False),"") | E50: =E$38 -> g | G50: =IF(ISBLANK(D50),"",D50/$B$5) | J50: =IF(ISBLANK(D50),"",D50/'004 - Elegante Elodie'!Volume*100) | K50: =K$38 -> g | L50: =IF(ISBLANK(D50),"",D50/'004 - Elegante Elodie'!Volume*$B$6) | M50: =M$38 -> g
C51: =iferror(1000*VLOOKUP(A51,'Voorraadfiche Grondstoffen'!$K$2:$N$100,4,False),"") | E51: =E$38 -> g | G51: =IF(ISBLANK(D51),"",D51/$B$5) | J51: =IF(ISBLANK(D51),"",D51/'004 - Elegante Elodie'!Volume*100) | K51: =K$38 -> g | L51: =IF(ISBLANK(D51),"",D51/'004 - Elegante Elodie'!Volume*$B$6) | M51: =M$38 -> g
C52: =iferror(1000*VLOOKUP(A52,'Voorraadfiche Grondstoffen'!$K$2:$N$100,4,False),"") | E52: =E$38 -> g | G52: =IF(ISBLANK(D52),"",D52/$B$5) | J52: =IF(ISBLANK(D52),"",D52/'004 - Elegante Elodie'!Volume*100) | K52: =K$38 -> g | L52: =IF(ISBLANK(D52),"",D52/'004 - Elegante Elodie'!Volume*$B$6) | M52: =M$38 -> g
C53: =iferror(1000*VLOOKUP(A53,'Voorraadfiche Grondstoffen'!$K$2:$N$100,4,False),"") | E53: =E$38 -> g | G53: =IF(ISBLANK(D53),"",D53/$B$5) | J53: =IF(ISBLANK(D53),"",D53/'004 - Elegante Elodie'!Volume*100) | K53: =K$38 -> g | L53: =IF(ISBLANK(D53),"",D53/'004 - Elegante Elodie'!Volume*$B$6) | M53: =M$38 -> g
G54: =IF(ISBLANK(D54),"",D54/$B$5) | J54: =IF(ISBLANK(D54),"",D54/'004 - Elegante Elodie'!Volume*100) | L54: =IF(ISBLANK(D54),"",D54/'004 - Elegante Elodie'!Volume*$B$6)
A55: TOTAL | D55: =SUM(D49:D54) -> 0 | E55: =E$38 -> g | J55: =SUM(J49:J53) -> 0 | K55: =K$38 -> g | L55: =SUM(L49:L53) -> 0 | M55: =M$38 -> g
A57: Gist
A58: Gistsoort | D58: Hoeveelheid | F58: Attenuatie | I58: Lot | J58: Per hL | L58: Per batch
D59: Massa | E59: g | J59: Massa | K59: =E59 -> g | L59: Massa | M59: g
A60: DA-16 | C60: =iferror(1000*VLOOKUP(A60,'Voorraadfiche Grondstoffen'!$P$2:$S$100,4,False),"") | D60: 125 | E60: =E$59 -> g | F60: =B7 -> 0.97 | J60: =IF(ISBLANK(D60),"",D60/'004 - Elegante Elodie'!Volume*100) -> 39.0625 | K60: =K$38 -> g | L60: =IF(ISBLANK(D60),"",D60/'004 - Elegante Elodie'!Volume*$B$6) -> 62.5 | M60: =M$38 -> g
C61: =iferror(1000*VLOOKUP(A61,'Voorraadfiche Grondstoffen'!$P$2:$S$100,4,False),"") | E61: =E$59 -> g | J61: =IF(ISBLANK(D61),"",D61/'004 - Elegante Elodie'!Volume*100) | K61: =K$38 -> g | L61: =IF(ISBLANK(D61),"",D61/'004 - Elegante Elodie'!Volume*$B$6) | M61: =M$38 -> g
C62: =iferror(1000*VLOOKUP(A62,'Voorraadfiche Grondstoffen'!$P$2:$S$100,4,False),"") | E62: =E$59 -> g | J62: =IF(ISBLANK(D62),"",D62/'004 - Elegante Elodie'!Volume*100) | K62: =K$38 -> g | L62: =IF(ISBLANK(D62),"",D62/'004 - Elegante Elodie'!Volume*$B$6) | M62: =M$38 -> g
A63: TOTAL | D63: =SUM(D58:D62) -> 125 | E63: =E$38 -> g | J63: =SUM(J58:J62) -> 39.0625 | K63: =K$38 -> g | L63: =SUM(L58:L62) -> 62.5 | M63: =M$38 -> g
A65: Fermentatieschema
A66: Stap | D66: Temperatuur | F66: Duur (dagen)
D67: Temp | E67: °C
A68: acid | D68: 35 | E68: =E$83 | F68: 1.5
B69: hoofd | D69: 22 | F69: 14
E72: =E$83
A74: Notities:

Sheet XXX - cola sour
A1: Crazy Coco
A2: Author: | B2: Tom & Sibren
A4: Gevraagd | E4: Verwacht | J4: Gemeten
A5: Volume | B5: 300 | E5: OG | G5: =if(D26=0,"",1+(G8/(258.6-((G8/258.2)*227.1)))) -> 1.0446702 | J5: OG
A6: Batch Volume | B6: 150 | E6: FG | G6: =if(D26=0,"",(G5-1)*(1-'XXX - cola sour'!Attenuation)+1) -> 1.0111675 | J6: FG
A7: Attenuatie | B7: 0.75 | E7: ABV | G7: =if(D26=0,"",(G5-G6)*131.25/100) -> 0.043972194 | J7: ABV | K7: =IF(isblank(K6),"",(K5-K6)*131.25/100)
A8: Brouwefficientie | B8: 0.65 | E8: Plato | G8: =if(D26=0,"",SUMPRODUCT(D19:D25,F19:F25)*'XXX - cola sour'!Brouwefficientie/'XXX - cola sour'!Volume*100) -> 11.115 | J8: Plato | K8: =if(ISBLANK(K5),"",(-1*616.868)+(1111.14*K5)-(630.272*POWER(K5,2))+(135.997*POWER(K5,3)))
A9: OG | B9: =('XXX - cola sour'!FG-1)/(1-'XXX - cola sour'!Attenuation)+1 -> 1.0457143 | E9: IBU | G9: =IF(D44=0,"",R44) -> 0 | J9: Brouwefficientie | K9: =iferror(K8/G8*B8,"") -> 0
A10: FG | B10: =B11*(1-B7)/(B7*131.25/100)+1 -> 1.0114286 | E10: EBC | G10: =if(G26=0,"",1.4922*P26*0.6859*1.97) -> 85.436595
A11: ABV | B11: 0.045
A12: Plato | B12: =(-1*616.868)+(1111.14*'XXX - cola sour'!OG)-(630.272*POWER('XXX - cola sour'!OG,2))+(135.997*POWER('XXX - cola sour'!OG,3)) -> 11.36659
A14: Granen
A15: Totaal suikers nodig | D15: ='XXX - cola sour'!Plato/100*'XXX - cola sour'!Volume -> 34.099771 | E15: kg
A16: Totaal granen nodig | D16: =D15/F16/'XXX - cola sour'!Brouwefficientie -> 65.576483 | E16: kg | F16: 0.8
A17: Graan type | C17: Voorraad | D17: Hoeveelheid | F17: Graanrendement | G17: EBC | H17: % van totaal | I17: Lot | J17: Per hL | L17: Per batch
C18: kg | D18: Massa | E18: kg | J18: Massa | K18: =E18 -> kg | L18: Massa | M18: kg | O18: Lovibond | P18: MCU
A19: Pilsmout | C19: =iferror(VLOOKUP(A19,'Voorraadfiche Grondstoffen'!$A$2:$D$100,4,False),"") -> 50 | D19: 50 | E19: =E$18 -> kg | F19: 0.78 | G19: 3 | H19: =if(isblank(D19),"",(D19/$D$26)) -> 0.73529412 | J19: =IF(ISBLANK(D19),"",D19/$B$5*100) -> 16.666667 | K19: =K$18 -> kg | L19: =IF(ISBLANK(D19),"",D19/$B$5*$B$6) -> 25 | M19: =M$18 -> kg | O19: =(G19*0.508+0.76)/1.3546 -> 1.6861066 | P19: =D19/kgperpound*lpergallon/$B$5*O19 -> 2.3452058
A20: Carared | C20: =iferror(VLOOKUP(A20,'Voorraadfiche Grondstoffen'!$A$2:$D$100,4,False),"") | D20: 5 | E20: =E$18 -> kg | F20: 0.78 | G20: 50 | H20: =if(isblank(D20),"",(D20/$D$26)) -> 0.073529412 | J20: =IF(ISBLANK(D20),"",D20/$B$5*100) -> 1.6666667 | K20: =K$18 -> kg | L20: =IF(ISBLANK(D20),"",D20/$B$5*$B$6) -> 2.5 | M20: =M$18 -> kg | O20: =(G20*0.508+0.76)/1.3546 -> 19.311974 | P20: =D20/kgperpound*lpergallon/$B$5*O20 -> 2.6861026
A21: Caramunich | C21: =iferror(VLOOKUP(A21,'Voorraadfiche Grondstoffen'!$A$2:$D$100,4,False),"") | D21: 5 | E21: =E$18 -> kg | F21: 0.72 | G21: 110 | H21: =if(isblank(D21),"",(D21/$D$26)) -> 0.073529412 | J21: =IF(ISBLANK(D21),"",D21/$B$5*100) -> 1.6666667 | K21: =K$18 -> kg | L21: =IF(ISBLANK(D21),"",D21/$B$5*$B$6) -> 2.5 | M21: =M$18 -> kg | O21: =(G21*0.508+0.76)/1.3546 -> 41.813081 | P21: =D21/kgperpound*lpergallon/$B$5*O21 -> 5.8157818
A22: Havervlokken | C22: =iferror(VLOOKUP(A22,'Voorraadfiche Grondstoffen'!$A$2:$D$100,4,False),"") -> 5.5 | D22: 5 | E22: =E$18 -> kg | F22: 0.78 | G22: 2 | H22: =if(isblank(D22),"",(D22/$D$26)) -> 0.073529412 | J22: =IF(ISBLANK(D22),"",D22/$B$5*100) -> 1.6666667 | K22: =K$18 -> kg | L22: =IF(ISBLANK(D22),"",D22/$B$5*$B$6) -> 2.5 | M22: =M$18 -> kg | O22: =(G22*0.508+0.76)/1.3546 -> 1.3110881 | P22: =D22/kgperpound*lpergallon/$B$5*O22 -> 0.18235926
A23: Chocolate Dark | C23: =iferror(VLOOKUP(A23,'Voorraadfiche Grondstoffen'!$A$2:$D$100,4,False),"") -> 0 | D23: 3 | E23: =E$18 -> kg | F23: 0.3 | G23: 1000 | H23: =if(isblank(D23),"",(D23/$D$26)) -> 0.044117647 | J23: =IF(ISBLANK(D23),"",D23/$B$5*100) -> 1 | K23: =K$18 -> kg | L23: =IF(ISBLANK(D23),"",D23/$B$5*$B$6) -> 1.5 | M23: =M$18 -> kg | O23: =(G23*0.508+0.76)/1.3546 -> 375.57951 | P23: =D23/kgperpound*lpergallon/$B$5*O23 -> 31.343614
C24: =iferror(VLOOKUP(A24,'Voorraadfiche Grondstoffen'!$A$2:$D$100,4,False),"") | E24: =E$18 -> kg | H24: =if(isblank(D24),"",(D24/$D$26)) | J24: =IF(ISBLANK(D24),"",D24/$B$5*100) | K24: =K$18 -> kg | L24: =IF(ISBLANK(D24),"",D24/$B$5*$B$6) | M24: =M$18 -> kg | O24: =(G24*0.508+0.76)/1.3546 -> 0.56105123 | P24: =D24/kgperpound*lpergallon/$B$5*O24 -> 0
C25: =iferror(VLOOKUP(A25,'Voorraadfiche Grondstoffen'!$A$2:$D$100,4,False),"") | E25: =E$18 -> kg | H25: =if(isblank(D25),"",(D25/$D$26)) | J25: =IF(ISBLANK(D25),"",D25/$B$5*100) | K25: =K$18 -> kg | L25: =IF(ISBLANK(D25),"",D25/$B$5*$B$6) | M25: =M$18 -> kg | O25: =(G25*0.508+0.76)/1.3546 -> 0.56105123 | P25: =D25/kgperpound*lpergallon/$B$5*O25 -> 0
A26: TOTAL | D26: =SUM(D19:D25) -> 68 | E26: =E$18 -> kg | G26: =sum(G19:G25) -> 1165 | J26: =SUM(J19:J25) -> 22.666667 | K26: =K$18 -> kg | L26: =SUM(L19:L25) -> 34 | M26: =M$18 -> kg | P26: =SUM(P19:P25) -> 42.373064
A28: Maisch
A29: Stap | D29: Temp | E29: Duur (min.)
A30: Protein Rest (52°C) | E30: 0
A31: Beta-Amylase Rest (63°C) | E31: 20 | F31: =IF(D31="","",D30)
A32: Alpha-Amylase Rest (72°C) | E32: 20 | F32: =IF(D32="","",D31)
A33: Mash Out (78°C) | E33: 5 | F33: =IF(D33="","",D32)
A34: TOTALS | E34: =SUM(E30:E33) -> 45 | F34: Minutes
A36: Hop
A37: Soort hop | D37: Hoeveelheid | F37: Pellet of bloem | G37: Kooktijd (min.) | H37: AA% | I37: Lot | J37: Per hL | L37: Per batch | O37: Biggness factor | P37: =1.65*POWER(0.000125,G5-1) -> 1.1044149
D38: Massa | E38: g | J38: Massa | K38: =E38 -> g | L38: Massa | M38: g | O38: Hops in oz | P38: Boil factor | Q38: Utilization | R38: IBU
A39: hallertau | C39: =iferror(1000*VLOOKUP(A39,'Voorraadfiche Grondstoffen'!$F$2:$I$100,4,False),"") | D39: 200 | E39: =E$38 -> g | F39: Pellet | G39: 0 | J39: =IF(ISBLANK(D39),"",D39/'XXX - cola sour'!Volume*100) -> 66.666667 | K39: =K$38 -> g | L39: =IF(ISBLANK(D39),"",D39/'XXX - cola sour'!Volume*$B$6) -> 100 | M39: =M$38 -> g | O39: =D39*ozpergram -> 7.054792 | P39: =(1-POWER(2.71828182845904,((-0.04)*G39)))/4.15 -> 0 | Q39: =P39*$P$37 -> 0 | R39: =IF(F39="Leaf", ((H39 *O39) *Q39 * 74.9) / 'XXX - cola sour'!Volume*3.785, ((H39 *O39) * (Q39*1.1) * 74.9) / 'XXX - cola sour'!Volume*3.785) -> 0
C40: =iferror(1000*VLOOKUP(A40,'Voorraadfiche Grondstoffen'!$F$2:$I$100,4,False),"") | E40: =E$38 -> g | F40: Pellet | J40: =IF(ISBLANK(D40),"",D40/'XXX - cola sour'!Volume*100) | K40: =K$38 -> g | L40: =IF(ISBLANK(D40),"",D40/'XXX - cola sour'!Volume*$B$6) | M40: =M$38 -> g | O40: =D40*ozpergram -> 0 | P40: =(1-POWER(2.71828182845904,((-0.04)*G40)))/4.15 -> 0 | Q40: =P40*$P$37 -> 0 | R40: =IF(F40="Leaf", ((H40 *O40) *Q40 * 74.9) / 'XXX - cola sour'!Volume*3.785, ((H40 *O40) * (Q40*1.1) * 74.9) / 'XXX - cola sour'!Volume*3.785) -> 0
C41: =iferror(1000*VLOOKUP(A41,'Voorraadfiche Grondstoffen'!$F$2:$I$100,4,False),"") | E41: =E$38 -> g | F41: Pellet | J41: =IF(ISBLANK(D41),"",D41/'XXX - cola sour'!Volume*100) | K41: =K$38 -> g | L41: =IF(ISBLANK(D41),"",D41/'XXX - cola sour'!Volume*$B$6) | M41: =M$38 -> g | O41: =D41*ozpergram -> 0 | P41: =(1-POWER(2.71828182845904,((-0.04)*G41)))/4.15 -> 0 | Q41: =P41*$P$37 -> 0 | R41: =IF(F41="Leaf", ((H41 *O41) *Q41 * 74.9) / 'XXX - cola sour'!Volume*3.785, ((H41 *O41) * (Q41*1.1) * 74.9) / 'XXX - cola sour'!Volume*3.785) -> 0
C42: =iferror(1000*VLOOKUP(A42,'Voorraadfiche Grondstoffen'!$F$2:$I$100,4,False),"") | E42: =E$38 -> g | F42: Pellet | J42: =IF(ISBLANK(D42),"",D42/'XXX - cola sour'!Volume*100) | K42: =K$38 -> g | L42: =IF(ISBLANK(D42),"",D42/'XXX - cola sour'!Volume*$B$6) | M42: =M$38 -> g | O42: =D42*ozpergram -> 0 | P42: =(1-POWER(2.71828182845904,((-0.04)*G42)))/4.15 -> 0 | Q42: =P42*$P$37 -> 0 | R42: =IF(F42="Leaf", ((H42 *O42) *Q42 * 74.9) / 'XXX - cola sour'!Volume*3.785, ((H42 *O42) * (Q42*1.1) * 74.9) / 'XXX - cola sour'!Volume*3.785) -> 0
C43: =iferror(1000*VLOOKUP(A43,'Voorraadfiche Grondstoffen'!$F$2:$I$100,4,False),"") | E43: =E$38 -> g | J43: =IF(ISBLANK(D43),"",D43/'XXX - cola sour'!Volume*100) | K43: =K$38 -> g | L43: =IF(ISBLANK(D43),"",D43/'XXX - cola sour'!Volume*$B$6) | M43: =M$38 -> g | O43: =D43*ozpergram -> 0 | P43: =(1-POWER(2.71828182845904,((-0.04)*G43)))/4.15 -> 0 | Q43: =P43*$P$37 -> 0 | R43: =IF(F43="Leaf", ((H43 *O43) *Q43 * 74.9) / 'XXX - cola sour'!Volume*3.785, ((H43 *O43) * (Q43*1.1) * 74.9) / 'XXX - cola sour'!Volume*3.785) -> 0
A44: TOTAL | D44: =SUM(D39:D43) -> 200 | E44: =E$38 -> g | J44: =SUM(J39:J43) -> 66.666667 | K44: =K$38 -> g | L44: =SUM(L39:L43) -> 100 | M44: =M$38 -> g | R44: =sum(R39:R43) -> 0
A46: Toevoeging
A47: Soort | D47: Hoeveelheid | F47: Tijdstip | G47: Dosering (g/L) | I47: Lot | J47: Per hL | L47: Per batch
D48: Massa | E48: g | J48: Massa | K48: =E48 -> g | L48: Massa | M48: g
C49: =iferror(1000*VLOOKUP(A49,'Voorraadfiche Grondstoffen'!$K$2:$N$100,4,False),"") | E49: =E$38 -> g | F49: Primaire fermentatie | G49: =IF(ISBLANK(D49),"",D49/#REF!) | J49: =IF(ISBLANK(D49),"",D49/'XXX - cola sour'!Volume*100) | K49: =K$38 -> g | L49: =IF(ISBLANK(D49),"",D49/'XXX - cola sour'!Volume*$B$6) | M49: =M$38 -> g
C50: =iferror(1000*VLOOKUP(A50,'Voorraadfiche Grondstoffen'!$K$2:$N$100,4,False),"") | E50: =E$38 -> g | F50: Secundaire fermentatie | G50: =IF(ISBLANK(D50),"",D50/$B$5) | J50: =IF(ISBLANK(D50),"",D50/'XXX - cola sour'!Volume*100) | K50: =K$38 -> g | L50: =IF(ISBLANK(D50),"",D50/'XXX - cola sour'!Volume*$B$6) | M50: =M$38 -> g | N50: https://voordeelkruiden.nl/ancho-chili-peper/?attribute_pa_verpakking=zak-200-gram
A51: Grof zeezout | C51: =iferror(1000*VLOOKUP(A51,'Voorraadfiche Grondstoffen'!$K$2:$N$100,4,False),"") -> 685 | D51: 280 | E51: =E$38 -> g | F51: Secundaire fermentatie | G51: =IF(ISBLANK(D51),"",D51/$B$5) -> 0.93333333 | J51: =IF(ISBLANK(D51),"",D51/'XXX - cola sour'!Volume*100) -> 93.333333 | K51: =K$38 -> g | L51: =IF(ISBLANK(D51),"",D51/'XXX - cola sour'!Volume*$B$6) -> 140 | M51: =M$38 -> g
C52: =iferror(1000*VLOOKUP(A52,'Voorraadfiche Grondstoffen'!$K$2:$N$100,4,False),"") | E52: =E$38 -> g | G52: =IF(ISBLANK(D52),"",D52/#REF!) | J52: =IF(ISBLANK(D52),"",D52/'XXX - cola sour'!Volume*100) | K52: =K$38 -> g | L52: =IF(ISBLANK(D52),"",D52/'XXX - cola sour'!Volume*$B$6) | M52: =M$38 -> g
C53: =iferror(1000*VLOOKUP(A53,'Voorraadfiche Grondstoffen'!$K$2:$N$100,4,False),"") | E53: =E$38 -> g | G53: =IF(ISBLANK(D53),"",D53/#REF!) | J53: =IF(ISBLANK(D53),"",D53/'XXX - cola sour'!Volume*100) | K53: =K$38 -> g | L53: =IF(ISBLANK(D53),"",D53/'XXX - cola sour'!Volume*$B$6) | M53: =M$38 -> g
A54: TOTAL | D54: =SUM(D49:D53) -> 280 | E54: =E$38 -> g | J54: =SUM(J49:J53) -> 93.333333 | K54: =K$38 -> g | L54: =SUM(L49:L53) -> 140 | M54: =M$38 -> g
A56: Gist
A57: Gistsoort | D57: Hoeveelheid | F57: Attenuatie | I57: Lot | J57: Per hL | L57: Per batch
D58: Massa | E58: g | J58: Massa | K58: =E58 -> g | L58: Massa | M58: g
A59: S-33 | C59: =iferror(1000*VLOOKUP(A59,'Voorraadfiche Grondstoffen'!$P$2:$S$100,4,False),"") -> 375 | D59: 150 | E59: =E$58 -> g | F59: 0.78 | J59: =IF(ISBLANK(D59),"",D59/'XXX - cola sour'!Volume*100) -> 50 | K59: =K$38 -> g | L59: =IF(ISBLANK(D59),"",D59/'XXX - cola sour'!Volume*$B$6) -> 75 | M59: =M$38 -> g
A60: LP652 | C60: =iferror(1000*VLOOKUP(A60,'Voorraadfiche Grondstoffen'!$P$2:$S$100,4,False),"") -> 0 | D60: 20 | E60: =E$58 -> g | J60: =IF(ISBLANK(D60),"",D60/'XXX - cola sour'!Volume*100) -> 6.6666667 | K60: =K$38 -> g | L60: =IF(ISBLANK(D60),"",D60/'XXX - cola sour'!Volume*$B$6) -> 10 | M60: =M$38 -> g
C61: =iferror(1000*VLOOKUP(A61,'Voorraadfiche Grondstoffen'!$P$2:$S$100,4,False),"") | E61: =E$58 -> g | J61: =IF(ISBLANK(D61),"",D61/'XXX - cola sour'!Volume*100) | K61: =K$38 -> g | L61: =IF(ISBLANK(D61),"",D61/'XXX - cola sour'!Volume*$B$6) | M61: =M$38 -> g
A62: TOTAL | D62: =SUM(D57:D61) -> 170 | E62: =E$38 -> g | J62: =SUM(J57:J61) -> 56.666667 | K62: =K$38 -> g | L62: =SUM(L57:L61) -> 85 | M62: =M$38 -> g
A64: Fermentatieschema
A65: Stap | D65: Temperatuur | F65: Duur (dagen)
D66: Temp | E66: °C
A67: Hoofd | D67: 21 | E67: =E$82 | F67: 14
E71: =E$82
A73: Notities:
A74: voor 5 liter
A75: 1 limoen, 1 citoren, 2 appelsienen, 1.2g kaneel, 1.2g nootmuskaat, 0.9g vanille, 1.5g corianderzaad, 9g rozenbottel
A76: 0.25g koffieboon, 1.8g kola poeder, 0.6g kafir blad, 10g colakruid
A77: https://www.kevinkos.com/post/homemade-coca-cola

Sheet 008 - Pastry Orangette
A1: Pastry Orangette
A2: Author: | B2: Sibren
A4: Gevraagd | E4: Verwacht | J4: Gemeten
A5: Volume | B5: 180 | E5: OG | G5: =if(D26=0,"",1+(G8/(258.6-((G8/258.2)*227.1)))) -> 1.1195639 | J5: OG
A6: Batch Volume | B6: 90 | E6: FG | G6: =if(D26=0,"",(G5-1)*(1-'008 - Pastry Orangette'!Attenuation)+1) -> 1.029891 | J6: FG
A7: Attenuatie | B7: 0.75 | E7: ABV | G7: =if(D26=0,"",(G5-G6)*131.25/100) -> 0.11769571 | J7: ABV | K7: =IF(isblank(K6),"",(K5-K6)*131.25/100)
A8: Brouwefficientie | B8: 0.65 | E8: Plato | G8: =if(D26=0,"",SUMPRODUCT(D19:D25,F19:F25)*'008 - Pastry Orangette'!Brouwefficientie/'008 - Pastry Orangette'!Volume*100) -> 27.977083 | J8: Plato | K8: =if(ISBLANK(K5),"",(-1*616.868)+(1111.14*K5)-(630.272*POWER(K5,2))+(135.997*POWER(K5,3)))
A9: OG | B9: =('008 - Pastry Orangette'!FG-1)/(1-'008 - Pastry Orangette'!Attenuation)+1 -> 1.1219048 | E9: IBU | G9: =IF(D44=0,"",R44) -> 31.080295 | J9: Brouwefficientie | K9: =iferror(K8/G8*B8,"") -> 0
A10: FG | B10: =B11*(1-B7)/(B7*131.25/100)+1 -> 1.0304762 | E10: EBC | G10: =if(G26=0,"",1.4922*P26*0.6859*1.97) -> 220.05091
A11: ABV | B11: 0.12
A12: Plato | B12: =(-1*616.868)+(1111.14*'008 - Pastry Orangette'!OG)-(630.272*POWER('008 - Pastry Orangette'!OG,2))+(135.997*POWER('008 - Pastry Orangette'!OG,3)) -> 28.463092
A14: Granen
A15: Totaal suikers nodig | D15: ='008 - Pastry Orangette'!Plato/100*'008 - Pastry Orangette'!Volume -> 51.233565 | E15: kg
A16: Totaal granen nodig | D16: =D15/F16/'008 - Pastry Orangette'!Brouwefficientie -> 98.526086 | E16: kg | F16: 0.8
A17: Graan type | C17: Voorraad | D17: Hoeveelheid | F17: Graanrendement | G17: EBC | H17: % van totaal | I17: Lot | J17: Per hL | L17: Per batch
C18: kg | D18: Massa | E18: kg | J18: Massa | K18: =E18 -> kg | L18: Massa | M18: kg | O18: Lovibond | P18: MCU
A19: Pilsmout | C19: =iferror(VLOOKUP(A19,'Voorraadfiche Grondstoffen'!$A$2:$D$100,4,False),"") -> 50 | D19: 60 | E19: =E$18 -> kg | F19: 0.78 | G19: 3 | H19: =if(isblank(D19),"",(D19/$D$26)) -> 0.591133 | J19: =IF(ISBLANK(D19),"",D19/$B$5*100) -> 33.333333 | K19: =K$18 -> kg | L19: =IF(ISBLANK(D19),"",D19/$B$5*$B$6) -> 30 | M19: =M$18 -> kg | O19: =(G19*0.508+0.76)/1.3546 -> 1.6861066 | P19: =D19/kgperpound*lpergallon/$B$5*O19 -> 4.6904116
A20: Tarwemout | C20: =iferror(VLOOKUP(A20,'Voorraadfiche Grondstoffen'!$A$2:$D$100,4,False),"") -> 80 | D20: 10 | E20: =E$18 -> kg | F20: 0.75 | G20: 2 | H20: =if(isblank(D20),"",(D20/$D$26)) -> 0.098522167 | J20: =IF(ISBLANK(D20),"",D20/$B$5*100) -> 5.5555556 | K20: =K$18 -> kg | L20: =IF(ISBLANK(D20),"",D20/$B$5*$B$6) -> 5 | M20: =M$18 -> kg | O20: =(G20*0.508+0.76)/1.3546 -> 1.3110881 | P20: =D20/kgperpound*lpergallon/$B$5*O20 -> 0.6078642
A21: Tarwe | C21: =iferror(VLOOKUP(A21,'Voorraadfiche Grondstoffen'!$A$2:$D$100,4,False),"") -> 14 | D21: 10 | E21: =E$18 -> kg | F21: 0.78 | G21: 1 | H21: =if(isblank(D21),"",(D21/$D$26)) -> 0.098522167 | J21: =IF(ISBLANK(D21),"",D21/$B$5*100) -> 5.5555556 | K21: =K$18 -> kg | L21: =IF(ISBLANK(D21),"",D21/$B$5*$B$6) -> 5 | M21: =M$18 -> kg | O21: =(G21*0.508+0.76)/1.3546 -> 0.93606969 | P21: =D21/kgperpound*lpergallon/$B$5*O21 -> 0.43399314
A22: Havervlokken | C22: =iferror(VLOOKUP(A22,'Voorraadfiche Grondstoffen'!$A$2:$D$100,4,False),"") -> 5.5 | D22: 15 | E22: =E$18 -> kg | F22: 0.7 | G22: 1 | H22: =if(isblank(D22),"",(D22/$D$26)) -> 0.14778325 | J22: =IF(ISBLANK(D22),"",D22/$B$5*100) -> 8.3333333 | K22: =K$18 -> kg | L22: =IF(ISBLANK(D22),"",D22/$B$5*$B$6) -> 7.5 | M22: =M$18 -> kg | O22: =(G22*0.508+0.76)/1.3546 -> 0.93606969 | P22: =D22/kgperpound*lpergallon/$B$5*O22 -> 0.65098971
A23: Chocolate Dark | C23: =iferror(VLOOKUP(A23,'Voorraadfiche Grondstoffen'!$A$2:$D$100,4,False),"") -> 0 | D23: 3 | E23: =E$18 -> kg | F23: 0.75 | G23: 1200 | H23: =if(isblank(D23),"",(D23/$D$26)) -> 0.02955665 | J23: =IF(ISBLANK(D23),"",D23/$B$5*100) -> 1.6666667 | K23: =K$18 -> kg | L23: =IF(ISBLANK(D23),"",D23/$B$5*$B$6) -> 1.5 | M23: =M$18 -> kg | O23: =(G23*0.508+0.76)/1.3546 -> 450.5832 | P23: =D23/kgperpound*lpergallon/$B$5*O23 -> 62.671621
A24: Carafa Special | C24: =iferror(VLOOKUP(A24,'Voorraadfiche Grondstoffen'!$A$2:$D$100,4,False),"") -> 2.5 | D24: 2.5 | E24: =E$18 -> kg | F24: 0.75 | G24: 900 | H24: =if(isblank(D24),"",(D24/$D$26)) -> 0.024630542 | J24: =IF(ISBLANK(D24),"",D24/$B$5*100) -> 1.3888889 | K24: =K$18 -> kg | L24: =IF(ISBLANK(D24),"",D24/$B$5*$B$6) -> 1.25 | M24: =M$18 -> kg | O24: =(G24*0.508+0.76)/1.3546 -> 338.07766 | P24: =D24/kgperpound*lpergallon/$B$5*O24 -> 39.186021
A25: Cara 50 MD | C25: =iferror(VLOOKUP(A25,'Voorraadfiche Grondstoffen'!$A$2:$D$100,4,False),"") -> 0 | D25: 1 | E25: =E$18 -> kg | F25: 0.75 | G25: 50 | H25: =if(isblank(D25),"",(D25/$D$26)) -> 0.0098522167 | J25: =IF(ISBLANK(D25),"",D25/$B$5*100) -> 0.55555556 | K25: =K$18 -> kg | L25: =IF(ISBLANK(D25),"",D25/$B$5*$B$6) -> 0.5 | M25: =M$18 -> kg | O25: =(G25*0.508+0.76)/1.3546 -> 19.311974 | P25: =D25/kgperpound*lpergallon/$B$5*O25 -> 0.89536754
A26: TOTAL | D26: =SUM(D19:D25) -> 101.5 | E26: =E$18 -> kg | G26: =sum(G19:G25) -> 2157 | J26: =SUM(J19:J25) -> 56.388889 | K26: =K$18 -> kg | L26: =SUM(L19:L25) -> 50.75 | M26: =M$18 -> kg | P26: =SUM(P19:P25) -> 109.13627
A28: Maisch
A29: Stap | D29: Temp | E29: Duur (min.)
A30: Protein Rest (52°C) | E30: 0
A31: Beta-Amylase Rest (63°C) | E31: 0 | F31: =IF(D31="","",D30)
A32: Alpha-Amylase Rest (72°C) | E32: 45 | F32: =IF(D32="","",D31)
A33: Mash Out (78°C) | E33: 5 | F33: =IF(D33="","",D32)
A34: TOTALS | E34: =SUM(E30:E33) -> 50 | F34: Minutes
A36: Hop
A37: Soort hop | D37: Hoeveelheid | F37: Pellet of bloem | G37: Kooktijd (min.) | H37: AA% | I37: Lot | J37: Per hL | L37: Per batch | O37: Biggness factor | P37: =1.65*POWER(0.000125,G5-1) -> 0.56339799
D38: Massa | E38: g | J38: Massa | K38: =E38 -> g | L38: Massa | M38: g | O38: Hops in oz | P38: Boil factor | Q38: Utilization | R38: IBU
A39: Hallertau Blanc | D39: 400 | E39: =E$38 -> g | F39: Pellet | G39: 60 | H39: 10.3 | J39: =IF(ISBLANK(D39),"",D39/'008 - Pastry Orangette'!Volume*100) -> 222.22222 | K39: =K$38 -> g | L39: =IF(ISBLANK(D39),"",D39/'008 - Pastry Orangette'!Volume*$B$6) -> 200 | M39: =M$38 -> g | O39: =D39*ozpergram -> 14.109584 | P39: =(1-POWER(2.71828182845904,((-0.04)*G39)))/4.15 -> 0.21910411 | Q39: =P39*$P$37 -> 0.12344281 | R39: =IF(F39="Leaf", ((H39 *O39) *Q39 * 74.9) / '008 - Pastry Orangette'!Volume*3.785, ((H39 *O39) * (Q39*1.1) * 74.9) / '008 - Pastry Orangette'!Volume*3.785) -> 31.080295
E40: =E$38 -> g | F40: Pellet | J40: =IF(ISBLANK(D40),"",D40/'008 - Pastry Orangette'!Volume*100) | K40: =K$38 -> g | L40: =IF(ISBLANK(D40),"",D40/'008 - Pastry Orangette'!Volume*$B$6) | M40: =M$38 -> g | O40: =D40*ozpergram -> 0 | P40: =(1-POWER(2.71828182845904,((-0.04)*G40)))/4.15 -> 0 | Q40: =P40*$P$37 -> 0 | R40: =IF(F40="Leaf", ((H40 *O40) *Q40 * 74.9) / '008 - Pastry Orangette'!Volume*3.785, ((H40 *O40) * (Q40*1.1) * 74.9) / '008 - Pastry Orangette'!Volume*3.785) -> 0
E41: =E$38 -> g | F41: Pellet | J41: =IF(ISBLANK(D41),"",D41/'008 - Pastry Orangette'!Volume*100) | K41: =K$38 -> g | L41: =IF(ISBLANK(D41),"",D41/'008 - Pastry Orangette'!Volume*$B$6) | M41: =M$38 -> g | O41: =D41*ozpergram -> 0 | P41: =(1-POWER(2.71828182845904,((-0.04)*G41)))/4.15 -> 0 | Q41: =P41*$P$37 -> 0 | R41: =IF(F41="Leaf", ((H41 *O41) *Q41 * 74.9) / '008 - Pastry Orangette'!Volume*3.785, ((H41 *O41) * (Q41*1.1) * 74.9) / '008 - Pastry Orangette'!Volume*3.785) -> 0
C42: =iferror(1000*VLOOKUP(A42,'Voorraadfiche Grondstoffen'!$F$2:$I$100,4,False),"") | E42: =E$38 -> g | F42: Pellet | J42: =IF(ISBLANK(D42),"",D42/'008 - Pastry Orangette'!Volume*100) | K42: =K$38 -> g | L42: =IF(ISBLANK(D42),"",D42/'008 - Pastry Orangette'!Volume*$B$6) | M42: =M$38 -> g | O42: =D42*ozpergram -> 0 | P42: =(1-POWER(2.71828182845904,((-0.04)*G42)))/4.15 -> 0 | Q42: =P42*$P$37 -> 0 | R42: =IF(F42="Leaf", ((H42 *O42) *Q42 * 74.9) / '008 - Pastry Orangette'!Volume*3.785, ((H42 *O42) * (Q42*1.1) * 74.9) / '008 - Pastry Orangette'!Volume*3.785) -> 0
C43: =iferror(1000*VLOOKUP(A43,'Voorraadfiche Grondstoffen'!$F$2:$I$100,4,False),"") | E43: =E$38 -> g | J43: =IF(ISBLANK(D43),"",D43/'008 - Pastry Orangette'!Volume*100) | K43: =K$38 -> g | L43: =IF(ISBLANK(D43),"",D43/'008 - Pastry Orangette'!Volume*$B$6) | M43: =M$38 -> g | O43: =D43*ozpergram -> 0 | P43: =(1-POWER(2.71828182845904,((-0.04)*G43)))/4.15 -> 0 | Q43: =P43*$P$37 -> 0 | R43: =IF(F43="Leaf", ((H43 *O43) *Q43 * 74.9) / '008 - Pastry Orangette'!Volume*3.785, ((H43 *O43) * (Q43*1.1) * 74.9) / '008 - Pastry Orangette'!Volume*3.785) -> 0
A44: TOTAL | D44: =SUM(D39:D43) -> 400 | E44: =E$38 -> g | J44: =SUM(J39:J43) -> 222.22222 | K44: =K$38 -> g | L44: =SUM(L39:L43) -> 200 | M44: =M$38 -> g | R44: =sum(R39:R43) -> 31.080295
A46: Toevoeging
A47: Soort | D47: Hoeveelheid | F47: Tijdstip | G47: Dosering (g/L) | I47: Lot | J47: Per hL | L47: Per batch
D48: Massa | E48: g | J48: Massa | K48: =E48 -> g | L48: Massa | M48: g
C49: =iferror(1000*VLOOKUP(A49,'Voorraadfiche Grondstoffen'!$K$2:$N$100,4,False),"") | E49: =E$38 -> g | J49: =IF(ISBLANK(D49),"",D49/'008 - Pastry Orangette'!Volume*100) | K49: =K$38 -> g | L49: =IF(ISBLANK(D49),"",D49/'008 - Pastry Orangette'!Volume*$B$6) | M49: =M$38 -> g
C50: =iferror(1000*VLOOKUP(A50,'Voorraadfiche Grondstoffen'!$K$2:$N$100,4,False),"") | E50: =E$38 -> g | J50: =IF(ISBLANK(D50),"",D50/'008 - Pastry Orangette'!Volume*100) | K50: =K$38 -> g | L50: =IF(ISBLANK(D50),"",D50/'008 - Pastry Orangette'!Volume*$B$6) | M50: =M$38 -> g
C51: =iferror(1000*VLOOKUP(A51,'Voorraadfiche Grondstoffen'!$K$2:$N$100,4,False),"") | E51: =E$38 -> g | J51: =IF(ISBLANK(D51),"",D51/'008 - Pastry Orangette'!Volume*100) | K51: =K$38 -> g | L51: =IF(ISBLANK(D51),"",D51/'008 - Pastry Orangette'!Volume*$B$6) | M51: =M$38 -> g
C52: =iferror(1000*VLOOKUP(A52,'Voorraadfiche Grondstoffen'!$K$2:$N$100,4,False),"") | E52: =E$38 -> g | J52: =IF(ISBLANK(D52),"",D52/'008 - Pastry Orangette'!Volume*100) | K52: =K$38 -> g | L52: =IF(ISBLANK(D52),"",D52/'008 - Pastry Orangette'!Volume*$B$6) | M52: =M$38 -> g
C53: =iferror(1000*VLOOKUP(A53,'Voorraadfiche Grondstoffen'!$K$2:$N$100,4,False),"") | E53: =E$38 -> g | J53: =IF(ISBLANK(D53),"",D53/'008 - Pastry Orangette'!Volume*100) | K53: =K$38 -> g | L53: =IF(ISBLANK(D53),"",D53/'008 - Pastry Orangette'!Volume*$B$6) | M53: =M$38 -> g
J54: =IF(ISBLANK(D54),"",D54/'008 - Pastry Orangette'!Volume*100) | L54: =IF(ISBLANK(D54),"",D54/'008 - Pastry Orangette'!Volume*$B$6)
A55: TOTAL | D55: =SUM(D49:D54) -> 0 | E55: =E$38 -> g | J55: =SUM(J49:J53) -> 0 | K55: =K$38 -> g | L55: =SUM(L49:L53) -> 0 | M55: =M$38 -> g
A57: Gist
A58: Gistsoort | D58: Hoeveelheid | F58: Attenuatie | I58: Lot | J58: Per hL | L58: Per batch
D59: Massa | E59: g | J59: Massa | K59: =E59 -> g | L59: Massa | M59: g
A60: S-04 | C60: =iferror(1000*VLOOKUP(A60,'Voorraadfiche Grondstoffen'!$P$2:$S$100,4,False),"") -> 625 | D60: 200 | E60: =E$59 -> g | F60: =B7 -> 0.75 | J60: =IF(ISBLANK(D60),"",D60/'008 - Pastry Orangette'!Volume*100) -> 111.11111 | K60: =K$38 -> g | L60: =IF(ISBLANK(D60),"",D60/'008 - Pastry Orangette'!Volume*$B$6) -> 100 | M60: =M$38 -> g
C61: =iferror(1000*VLOOKUP(A61,'Voorraadfiche Grondstoffen'!$P$2:$S$100,4,False),"") | E61: =E$59 -> g | J61: =IF(ISBLANK(D61),"",D61/'008 - Pastry Orangette'!Volume*100) | K61: =K$38 -> g | L61: =IF(ISBLANK(D61),"",D61/'008 - Pastry Orangette'!Volume*$B$6) | M61: =M$38 -> g
C62: =iferror(1000*VLOOKUP(A62,'Voorraadfiche Grondstoffen'!$P$2:$S$100,4,False),"") | E62: =E$59 -> g | J62: =IF(ISBLANK(D62),"",D62/'008 - Pastry Orangette'!Volume*100) | K62: =K$38 -> g | L62: =IF(ISBLANK(D62),"",D62/'008 - Pastry Orangette'!Volume*$B$6) | M62: =M$38 -> g
A63: TOTAL | D63: =SUM(D58:D62) -> 200 | E63: =E$38 -> g | J63: =SUM(J58:J62) -> 111.11111 | K63: =K$38 -> g | L63: =SUM(L58:L62) -> 100 | M63: =M$38 -> g
A65: Fermentatieschema
A66: Stap | D66: Temperatuur | F66: Duur (dagen)
D67: Temp | E67: °C
B69: hoofd | D69: 18 | F69: 18
B70: rest | D70: 22 | F70: 3
B71: cold crash | D71: 2 | F71: 7
E72: =E$83
A74: Notities:

Sheet XXX - Parelende Pippa
A1: Parelende Pippa
A2: Author: | B2: Tom & Sibren
A4: Gevraagd | E4: Verwacht | J4: Gemeten
A5: Volume | B5: 250 | E5: OG | G5: =if(D26=0,"",1+(G8/(258.6-((G8/258.2)*227.1)))) -> 1.0736536 | J5: OG
A6: Batch Volume | B6: 125 | E6: FG | G6: =if(D26=0,"",(G5-1)*(1-'XXX - Parelende Pippa'!Attenuation)+1) -> 1.0147307 | J6: FG
A7: Attenuatie | B7: 0.8 | E7: ABV | G7: =if(D26=0,"",(G5-G6)*131.25/100) -> 0.077336284 | J7: ABV | K7: =IF(isblank(K6),"",(K5-K6)*131.25/100)
A8: Brouwefficientie | B8: 0.65 | E8: Plato | G8: =if(D26=0,"",SUMPRODUCT(D19:D25,F19:F25)*'XXX - Parelende Pippa'!Brouwefficientie/'XXX - Parelende Pippa'!Volume*100) -> 17.888 | J8: Plato | K8: =if(ISBLANK(K5),"",(-1*616.868)+(1111.14*K5)-(630.272*POWER(K5,2))+(135.997*POWER(K5,3)))
A9: OG | B9: =('XXX - Parelende Pippa'!FG-1)/(1-'XXX - Parelende Pippa'!Attenuation)+1 -> 1.0742857 | E9: IBU | G9: =IF(D44=0,"",R44) -> 27.003025 | J9: Brouwefficientie | K9: =iferror(K8/G8*B8,"") -> 0
A10: FG | B10: =B11*(1-B7)/(B7*131.25/100)+1 -> 1.0148571 | E10: EBC | G10: =if(G26=0,"",1.4922*P26*0.6859*1.97) -> 134.51494
A11: ABV | B11: 0.078
A12: Plato | B12: =(-1*616.868)+(1111.14*'XXX - Parelende Pippa'!OG)-(630.272*POWER('XXX - Parelende Pippa'!OG,2))+(135.997*POWER('XXX - Parelende Pippa'!OG,3)) -> 18.035442
A14: Granen
A15: Totaal suikers nodig | D15: ='XXX - Parelende Pippa'!Plato/100*'XXX - Parelende Pippa'!Volume -> 45.088605 | E15: kg
A16: Totaal granen nodig | D16: =D15/F16/'XXX - Parelende Pippa'!Brouwefficientie -> 86.708855 | E16: kg | F16: 0.8
A17: Graan type | C17: Voorraad | D17: Hoeveelheid | F17: Graanrendement | G17: EBC | H17: % van totaal | I17: Lot | J17: Per hL | L17: Per batch
C18: kg | D18: Massa | E18: kg | J18: Massa | K18: =E18 -> kg | L18: Massa | M18: kg | O18: Lovibond | P18: MCU
A19: Pilsmout | C19: =iferror(VLOOKUP(A19,'Voorraadfiche Grondstoffen'!$A$2:$D$100,4,False),"") -> 50 | D19: 50 | E19: =E$18 -> kg | F19: 0.78 | G19: 3 | H19: =if(isblank(D19),"",(D19/$D$26)) -> 0.53763441 | J19: =IF(ISBLANK(D19),"",D19/$B$5*100) -> 20 | K19: =K$18 -> kg | L19: =IF(ISBLANK(D19),"",D19/$B$5*$B$6) -> 25 | M19: =M$18 -> kg | O19: =(G19*0.508+0.76)/1.3546 -> 1.6861066 | P19: =D19/kgperpound*lpergallon/$B$5*O19 -> 2.814247
A20: Chocolate Dark | C20: =iferror(VLOOKUP(A20,'Voorraadfiche Grondstoffen'!$A$2:$D$100,4,False),"") -> 0 | D20: 3 | E20: =E$18 -> kg | F20: 0.6 | G20: 1000 | H20: =if(isblank(D20),"",(D20/$D$26)) -> 0.032258065 | J20: =IF(ISBLANK(D20),"",D20/$B$5*100) -> 1.2 | K20: =K$18 -> kg | L20: =IF(ISBLANK(D20),"",D20/$B$5*$B$6) -> 1.5 | M20: =M$18 -> kg | O20: =(G20*0.508+0.76)/1.3546 -> 375.57951 | P20: =D20/kgperpound*lpergallon/$B$5*O20 -> 37.612337
A21: Munich | C21: =iferror(VLOOKUP(A21,'Voorraadfiche Grondstoffen'!$A$2:$D$100,4,False),"") -> 0 | D21: 20 | E21: =E$18 -> kg | F21: 0.65 | G21: 2 | H21: =if(isblank(D21),"",(D21/$D$26)) -> 0.21505376 | J21: =IF(ISBLANK(D21),"",D21/$B$5*100) -> 8 | K21: =K$18 -> kg | L21: =IF(ISBLANK(D21),"",D21/$B$5*$B$6) -> 10 | M21: =M$18 -> kg | O21: =(G21*0.508+0.76)/1.3546 -> 1.3110881 | P21: =D21/kgperpound*lpergallon/$B$5*O21 -> 0.87532445
A22: Light Crystal | C22: 20 | D22: 20 | E22: =E$18 -> kg | F22: 0.75 | G22: 100 | H22: =if(isblank(D22),"",(D22/$D$26)) -> 0.21505376 | J22: =IF(ISBLANK(D22),"",D22/$B$5*100) -> 8 | K22: =K$18 -> kg | L22: =IF(ISBLANK(D22),"",D22/$B$5*$B$6) -> 10 | M22: =M$18 -> kg | O22: =(G22*0.508+0.76)/1.3546 -> 38.062897 | P22: =D22/kgperpound*lpergallon/$B$5*O22 -> 25.412009
C23: =iferror(VLOOKUP(A23,'Voorraadfiche Grondstoffen'!$A$2:$D$100,4,False),"") | E23: =E$18 -> kg | H23: =if(isblank(D23),"",(D23/$D$26)) | J23: =IF(ISBLANK(D23),"",D23/$B$5*100) | K23: =K$18 -> kg | L23: =IF(ISBLANK(D23),"",D23/$B$5*$B$6) | M23: =M$18 -> kg | O23: =(G23*0.508+0.76)/1.3546 -> 0.56105123 | P23: =D23/kgperpound*lpergallon/$B$5*O23 -> 0
C24: =iferror(VLOOKUP(A24,'Voorraadfiche Grondstoffen'!$A$2:$D$100,4,False),"") | E24: =E$18 -> kg | H24: =if(isblank(D24),"",(D24/$D$26)) | J24: =IF(ISBLANK(D24),"",D24/$B$5*100) | K24: =K$18 -> kg | L24: =IF(ISBLANK(D24),"",D24/$B$5*$B$6) | M24: =M$18 -> kg | O24: =(G24*0.508+0.76)/1.3546 -> 0.56105123 | P24: =D24/kgperpound*lpergallon/$B$5*O24 -> 0
C25: =iferror(VLOOKUP(A25,'Voorraadfiche Grondstoffen'!$A$2:$D$100,4,False),"") | E25: =E$18 -> kg | H25: =if(isblank(D25),"",(D25/$D$26)) | J25: =IF(ISBLANK(D25),"",D25/$B$5*100) | K25: =K$18 -> kg | L25: =IF(ISBLANK(D25),"",D25/$B$5*$B$6) | M25: =M$18 -> kg | O25: =(G25*0.508+0.76)/1.3546 -> 0.56105123 | P25: =D25/kgperpound*lpergallon/$B$5*O25 -> 0
A26: TOTAL | D26: =SUM(D19:D25) -> 93 | E26: =E$18 -> kg | G26: =sum(G19:G25) -> 1105 | J26: =SUM(J19:J25) -> 37.2 | K26: =K$18 -> kg | L26: =SUM(L19:L25) -> 46.5 | M26: =M$18 -> kg | P26: =SUM(P19:P25) -> 66.713918
A28: Maisch
A29: Stap | D29: Temp | E29: Duur (min.)
A30: Protein Rest (52°C) | E30: 0
A31: Beta-Amylase Rest (63°C) | E31: 5 | F31: =IF(D31="","",D30)
A32: Alpha-Amylase Rest (72°C) | E32: 35 | F32: =IF(D32="","",D31)
A33: Mash Out (78°C) | E33: 5 | F33: =IF(D33="","",D32)
A34: TOTALS | E34: =SUM(E30:E33) -> 45 | F34: Minutes
A36: Hop
A37: Soort hop | D37: Hoeveelheid | F37: Pellet of bloem | G37: Kooktijd (min.) | H37: AA% | I37: Lot | J37: Per hL | L37: Per batch | O37: Biggness factor | P37: =1.65*POWER(0.000125,G5-1) -> 0.85115235
D38: Massa | E38: g | J38: Massa | K38: =E38 -> g | L38: Massa | M38: g | O38: Hops in oz | P38: Boil factor | Q38: Utilization | R38: IBU
A39: Calista | C39: =iferror(1000*VLOOKUP(A39,'Voorraadfiche Grondstoffen'!$F$2:$I$100,4,False),"") -> 1800 | D39: 400 | E39: =E$38 -> g | F39: Pellet | G39: 30 | H39: 8.5 | J39: =IF(ISBLANK(D39),"",D39/'XXX - Parelende Pippa'!Volume*100) -> 160 | K39: =K$38 -> g | L39: =IF(ISBLANK(D39),"",D39/'XXX - Parelende Pippa'!Volume*$B$6) -> 200 | M39: =M$38 -> g | O39: =D39*ozpergram -> 14.109584 | P39: =(1-POWER(2.71828182845904,((-0.04)*G39)))/4.15 -> 0.16838694 | Q39: =P39*$P$37 -> 0.14332294 | R39: =IF(F39="Leaf", ((H39 *O39) *Q39 * 74.9) / 'XXX - Parelende Pippa'!Volume*3.785, ((H39 *O39) * (Q39*1.1) * 74.9) / 'XXX - Parelende Pippa'!Volume*3.785) -> 21.441206
A40: Wai-iti | C40: =iferror(1000*VLOOKUP(A40,'Voorraadfiche Grondstoffen'!$F$2:$I$100,4,False),"") | D40: 400 | E40: =E$38 -> g | F40: Pellet | G40: 5 | H40: 8.5 | J40: =IF(ISBLANK(D40),"",D40/'XXX - Parelende Pippa'!Volume*100) -> 160 | K40: =K$38 -> g | L40: =IF(ISBLANK(D40),"",D40/'XXX - Parelende Pippa'!Volume*$B$6) -> 200 | M40: =M$38 -> g | O40: =D40*ozpergram -> 14.109584 | P40: =(1-POWER(2.71828182845904,((-0.04)*G40)))/4.15 -> 0.043679337 | Q40: =P40*$P$37 -> 0.03717777 | R40: =IF(F40="Leaf", ((H40 *O40) *Q40 * 74.9) / 'XXX - Parelende Pippa'!Volume*3.785, ((H40 *O40) * (Q40*1.1) * 74.9) / 'XXX - Parelende Pippa'!Volume*3.785) -> 5.561819
C41: =iferror(1000*VLOOKUP(A41,'Voorraadfiche Grondstoffen'!$F$2:$I$100,4,False),"") | E41: =E$38 -> g | F41: Pellet | J41: =IF(ISBLANK(D41),"",D41/'XXX - Parelende Pippa'!Volume*100) | K41: =K$38 -> g | L41: =IF(ISBLANK(D41),"",D41/'XXX - Parelende Pippa'!Volume*$B$6) | M41: =M$38 -> g | O41: =D41*ozpergram -> 0 | P41: =(1-POWER(2.71828182845904,((-0.04)*G41)))/4.15 -> 0 | Q41: =P41*$P$37 -> 0 | R41: =IF(F41="Leaf", ((H41 *O41) *Q41 * 74.9) / 'XXX - Parelende Pippa'!Volume*3.785, ((H41 *O41) * (Q41*1.1) * 74.9) / 'XXX - Parelende Pippa'!Volume*3.785) -> 0
C42: =iferror(1000*VLOOKUP(A42,'Voorraadfiche Grondstoffen'!$F$2:$I$100,4,False),"") | E42: =E$38 -> g | F42: Pellet | J42: =IF(ISBLANK(D42),"",D42/'XXX - Parelende Pippa'!Volume*100) | K42: =K$38 -> g | L42: =IF(ISBLANK(D42),"",D42/'XXX - Parelende Pippa'!Volume*$B$6) | M42: =M$38 -> g | O42: =D42*ozpergram -> 0 | P42: =(1-POWER(2.71828182845904,((-0.04)*G42)))/4.15 -> 0 | Q42: =P42*$P$37 -> 0 | R42: =IF(F42="Leaf", ((H42 *O42) *Q42 * 74.9) / 'XXX - Parelende Pippa'!Volume*3.785, ((H42 *O42) * (Q42*1.1) * 74.9) / 'XXX - Parelende Pippa'!Volume*3.785) -> 0
C43: =iferror(1000*VLOOKUP(A43,'Voorraadfiche Grondstoffen'!$F$2:$I$100,4,False),"") | E43: =E$38 -> g | J43: =IF(ISBLANK(D43),"",D43/'XXX - Parelende Pippa'!Volume*100) | K43: =K$38 -> g | L43: =IF(ISBLANK(D43),"",D43/'XXX - Parelende Pippa'!Volume*$B$6) | M43: =M$38 -> g | O43: =D43*ozpergram -> 0 | P43: =(1-POWER(2.71828182845904,((-0.04)*G43)))/4.15 -> 0 | Q43: =P43*$P$37 -> 0 | R43: =IF(F43="Leaf", ((H43 *O43) *Q43 * 74.9) / 'XXX - Parelende Pippa'!Volume*3.785, ((H43 *O43) * (Q43*1.1) * 74.9) / 'XXX - Parelende Pippa'!Volume*3.785) -> 0
A44: TOTAL | D44: =SUM(D39:D43) -> 800 | E44: =E$38 -> g | J44: =SUM(J39:J43) -> 320 | K44: =K$38 -> g | L44: =SUM(L39:L43) -> 400 | M44: =M$38 -> g | R44: =sum(R39:R43) -> 27.003025
A46: Toevoeging
A47: Soort | D47: Hoeveelheid | F47: Tijdstip | G47: Dosering (g/L) | I47: Lot | J47: Per hL | L47: Per batch
D48: Massa | E48: g | J48: Massa | K48: =E48 -> g | L48: Massa | M48: g
A49: Perziken | C49: =iferror(1000*VLOOKUP(A49,'Voorraadfiche Grondstoffen'!$K$2:$N$100,4,False),"") | E49: =E$38 -> g | F49: Secundaire fermentatie | G49: =IF(ISBLANK(D49),"",D49/#REF!) | J49: =IF(ISBLANK(D49),"",D49/'XXX - Parelende Pippa'!Volume*100) | K49: =K$38 -> g | L49: =IF(ISBLANK(D49),"",D49/'XXX - Parelende Pippa'!Volume*$B$6) | M49: =M$38 -> g
A50: Karamel | C50: =iferror(1000*VLOOKUP(A50,'Voorraadfiche Grondstoffen'!$K$2:$N$100,4,False),"") | E50: =E$38 -> g | F50: Kook | G50: =IF(ISBLANK(D50),"",D50/#REF!) | J50: =IF(ISBLANK(D50),"",D50/'XXX - Parelende Pippa'!Volume*100) | K50: =K$38 -> g | L50: =IF(ISBLANK(D50),"",D50/'XXX - Parelende Pippa'!Volume*$B$6) | M50: =M$38 -> g
A51: Grof zeezout | C51: =iferror(1000*VLOOKUP(A51,'Voorraadfiche Grondstoffen'!$K$2:$N$100,4,False),"") -> 685 | E51: =E$38 -> g | F51: Kook | G51: =IF(ISBLANK(D51),"",D51/#REF!) | J51: =IF(ISBLANK(D51),"",D51/'XXX - Parelende Pippa'!Volume*100) | K51: =K$38 -> g | L51: =IF(ISBLANK(D51),"",D51/'XXX - Parelende Pippa'!Volume*$B$6) | M51: =M$38 -> g
C52: =iferror(1000*VLOOKUP(A52,'Voorraadfiche Grondstoffen'!$K$2:$N$100,4,False),"") | E52: =E$38 -> g | G52: =IF(ISBLANK(D52),"",D52/#REF!) | J52: =IF(ISBLANK(D52),"",D52/'XXX - Parelende Pippa'!Volume*100) | K52: =K$38 -> g | L52: =IF(ISBLANK(D52),"",D52/'XXX - Parelende Pippa'!Volume*$B$6) | M52: =M$38 -> g
C53: =iferror(1000*VLOOKUP(A53,'Voorraadfiche Grondstoffen'!$K$2:$N$100,4,False),"") | E53: =E$38 -> g | G53: =IF(ISBLANK(D53),"",D53/#REF!) | J53: =IF(ISBLANK(D53),"",D53/'XXX - Parelende Pippa'!Volume*100) | K53: =K$38 -> g | L53: =IF(ISBLANK(D53),"",D53/'XXX - Parelende Pippa'!Volume*$B$6) | M53: =M$38 -> g
A54: TOTAL | D54: =SUM(D49:D53) -> 0 | E54: =E$38 -> g | J54: =SUM(J49:J53) -> 0 | K54: =K$38 -> g | L54: =SUM(L49:L53) -> 0 | M54: =M$38 -> g
A56: Gist
A57: Gistsoort | D57: Hoeveelheid | F57: Attenuatie | I57: Lot | J57: Per hL | L57: Per batch
D58: Massa | E58: g | J58: Massa | K58: =E58 -> g | L58: Massa | M58: g
A59: Voss Kveik | C59: =iferror(1000*VLOOKUP(A59,'Voorraadfiche Grondstoffen'!$P$2:$S$100,4,False),"") -> 0 | D59: 150 | E59: =E$58 -> g | F59: =B7 -> 0.8 | J59: =IF(ISBLANK(D59),"",D59/'XXX - Parelende Pippa'!Volume*100) -> 60 | K59: =K$38 -> g | L59: =IF(ISBLANK(D59),"",D59/'XXX - Parelende Pippa'!Volume*$B$6) -> 75 | M59: =M$38 -> g
C60: =iferror(1000*VLOOKUP(A60,'Voorraadfiche Grondstoffen'!$P$2:$S$100,4,False),"") | E60: =E$58 -> g | J60: =IF(ISBLANK(D60),"",D60/'XXX - Parelende Pippa'!Volume*100) | K60: =K$38 -> g | L60: =IF(ISBLANK(D60),"",D60/'XXX - Parelende Pippa'!Volume*$B$6) | M60: =M$38 -> g
C61: =iferror(1000*VLOOKUP(A61,'Voorraadfiche Grondstoffen'!$P$2:$S$100,4,False),"") | E61: =E$58 -> g | J61: =IF(ISBLANK(D61),"",D61/'XXX - Parelende Pippa'!Volume*100) | K61: =K$38 -> g | L61: =IF(ISBLANK(D61),"",D61/'XXX - Parelende Pippa'!Volume*$B$6) | M61: =M$38 -> g
A62: TOTAL | D62: =SUM(D57:D61) -> 150 | E62: =E$38 -> g | J62: =SUM(J57:J61) -> 60 | K62: =K$38 -> g | L62: =SUM(L57:L61) -> 75 | M62: =M$38 -> g
A64: Fermentatieschema
A65: Stap | D65: Temperatuur | F65: Duur (dagen)
D66: Temp | E66: °C
A67: Hoofd | D67: 21 | E67: =E$82 | F67: 14
E71: =E$82
A73: Notities:
A74: Te mengen met +-180L cider van Most boys
A75: Whirlpool hop zorgt nog voor veel bitterheid in 2de batch -> hop schema aanpassen: batch 1 - bitter 200g - whirlpool 200g - batch 2 - whirlpool 400g

Sheet Voorraadfiche Grondstoffen
A1: =IFERROR(__xludf.DUMMYFUNCTION("IMPORTRANGE(""https://docs.google.com/spreadsheets/d/1driqoo4FMOWFYbMYh5Hc7HoHXnF6adI3KL62OcDV3fY/edit#gid=1872107475"",""Overzicht!A7:X100"")"),"Granen") -> Granen | B1: =IFERROR(__xludf.DUMMYFUNCTION("""COMPUTED_VALUE"""),"aangekocht [kg]") -> aangekocht [kg] | C1: =IFERROR(__xludf.DUMMYFUNCTION("""COMPUTED_VALUE"""),"gebruikt [kg]") -> gebruikt [kg] | D1: =IFERROR(__xludf.DUMMYFUNCTION("""COMPUTED_VALUE"""),"voorraad [kg]") -> voorraad [kg] | F1: =IFERROR(__xludf.DUMMYFUNCTION("""COMPUTED_VALUE"""),"Hop") -> Hop | G1: =IFERROR(__xludf.DUMMYFUNCTION("""COMPUTED_VALUE"""),"aangekocht [kg]") -> aangekocht [kg] | H1: =IFERROR(__xludf.DUMMYFUNCTION("""COMPUTED_VALUE"""),"gebruikt [kg]") -> gebruikt [kg] | I1: =IFERROR(__xludf.DUMMYFUNCTION("""COMPUTED_VALUE"""),"voorraad [kg]") -> voorraad [kg] | K1: =IFERROR(__xludf.DUMMYFUNCTION("""COMPUTED_VALUE"""),"Toevoegingen") -> Toevoegingen | L1: =IFERROR(__xludf.DUMMYFUNCTION("""COMPUTED_VALUE"""),"aangekocht [kg]") -> aangekocht [kg] | M1: =IFERROR(__xludf.DUMMYFUNCTION("""COMPUTED_VALUE"""),"gebruikt [kg]") -> gebruikt [kg] | N1: =IFERROR(__xludf.DUMMYFUNCTION("""COMPUTED_VALUE"""),"voorraad") -> voorraad | P1: =IFERROR(__xludf.DUMMYFUNCTION("""COMPUTED_VALUE"""),"Gist") -> Gist | Q1: =IFERROR(__xludf.DUMMYFUNCTION("""COMPUTED_VALUE"""),"aangekocht [kg]") -> aangekocht [kg] | R1: =IFERROR(__xludf.DUMMYFUNCTION("""COMPUTED_VALUE"""),"gebruikt [kg]") -> gebruikt [kg] | S1: =IFERROR(__xludf.DUMMYFUNCTION("""COMPUTED_VALUE"""),"voorraad") -> voorraad | U1: =IFERROR(__xludf.DUMMYFUNCTION("""COMPUTED_VALUE"""),"Verpakkingen") -> Verpakkingen | V1: =IFERROR(__xludf.DUMMYFUNCTION("""COMPUTED_VALUE"""),"aangekocht ") -> aangekocht | W1: =IFERROR(__xludf.DUMMYFUNCTION("""COMPUTED_VALUE"""),"gebruikt ") -> gebruikt | X1: =IFERROR(__xludf.DUMMYFUNCTION("""COMPUTED_VALUE"""),"voorraad") -> voorraad
A2: =IFERROR(__xludf.DUMMYFUNCTION("""COMPUTED_VALUE"""),"Pilsmout") -> Pilsmout | B2: =IFERROR(__xludf.DUMMYFUNCTION("""COMPUTED_VALUE"""),1550.0) -> 1550 | C2: =IFERROR(__xludf.DUMMYFUNCTION("""COMPUTED_VALUE"""),1500.0) -> 1500 | D2: =IFERROR(__xludf.DUMMYFUNCTION("""COMPUTED_VALUE"""),50.0) -> 50 | F2: =IFERROR(__xludf.DUMMYFUNCTION("""COMPUTED_VALUE"""),"Mandarina Bavaria") -> Mandarina Bavaria | G2: =IFERROR(__xludf.DUMMYFUNCTION("""COMPUTED_VALUE"""),3.5999999999999996) -> 3.6 | H2: =IFERROR(__xludf.DUMMYFUNCTION("""COMPUTED_VALUE"""),2.4000000000000004) -> 2.4 | I2: =IFERROR(__xludf.DUMMYFUNCTION("""COMPUTED_VALUE"""),1.1999999999999993) -> 1.2 | K2: =IFERROR(__xludf.DUMMYFUNCTION("""COMPUTED_VALUE"""),"Bruine suiker") -> Bruine suiker | L2: =IFERROR(__xludf.DUMMYFUNCTION("""COMPUTED_VALUE"""),20.0) -> 20 | M2: =IFERROR(__xludf.DUMMYFUNCTION("""COMPUTED_VALUE"""),20.0) -> 20 | N2: =IFERROR(__xludf.DUMMYFUNCTION("""COMPUTED_VALUE"""),0.0) -> 0 | P2: =IFERROR(__xludf.DUMMYFUNCTION("""COMPUTED_VALUE"""),"S-04") -> S-04 | Q2: =IFERROR(__xludf.DUMMYFUNCTION("""COMPUTED_VALUE"""),1.2) -> 1.2 | R2: =IFERROR(__xludf.DUMMYFUNCTION("""COMPUTED_VALUE"""),0.575) -> 0.575 | S2: =IFERROR(__xludf.DUMMYFUNCTION("""COMPUTED_VALUE"""),0.625) -> 0.625 | U2: =IFERROR(__xludf.DUMMYFUNCTION("""COMPUTED_VALUE"""),"Fles vichy 33cl") -> Fles vichy 33cl | V2: =IFERROR(__xludf.DUMMYFUNCTION("""COMPUTED_VALUE"""),11648.0) -> 11648 | W2: =IFERROR(__xludf.DUMMYFUNCTION("""COMPUTED_VALUE"""),10062.0) -> 10062 | X2: =IFERROR(__xludf.DUMMYFUNCTION("""COMPUTED_VALUE"""),1586.0) -> 1586
A3: =IFERROR(__xludf.DUMMYFUNCTION("""COMPUTED_VALUE"""),"Tarwemout") -> Tarwemout | B3: =IFERROR(__xludf.DUMMYFUNCTION("""COMPUTED_VALUE"""),450.0) -> 450 | C3: =IFERROR(__xludf.DUMMYFUNCTION("""COMPUTED_VALUE"""),370.0) -> 370 | D3: =IFERROR(__xludf.DUMMYFUNCTION("""COMPUTED_VALUE"""),80.0) -> 80 | F3: =IFERROR(__xludf.DUMMYFUNCTION("""COMPUTED_VALUE"""),"Idaho7") -> Idaho7 | G3: =IFERROR(__xludf.DUMMYFUNCTION("""COMPUTED_VALUE"""),1.1) -> 1.1 | H3: =IFERROR(__xludf.DUMMYFUNCTION("""COMPUTED_VALUE"""),1.1) -> 1.1 | I3: =IFERROR(__xludf.DUMMYFUNCTION("""COMPUTED_VALUE"""),0.0) -> 0 | K3: =IFERROR(__xludf.DUMMYFUNCTION("""COMPUTED_VALUE"""),"Witte suiker") -> Witte suiker | L3: =IFERROR(__xludf.DUMMYFUNCTION("""COMPUTED_VALUE"""),51.0) -> 51 | M3: =IFERROR(__xludf.DUMMYFUNCTION("""COMPUTED_VALUE"""),43.0) -> 43 | N3: =IFERROR(__xludf.DUMMYFUNCTION("""COMPUTED_VALUE"""),8.0) -> 8 | P3: =IFERROR(__xludf.DUMMYFUNCTION("""COMPUTED_VALUE"""),"Voss Kveik") -> Voss Kveik | Q3: =IFERROR(__xludf.DUMMYFUNCTION("""COMPUTED_VALUE"""),0.5) -> 0.5 | R3: =IFERROR(__xludf.DUMMYFUNCTION("""COMPUTED_VALUE"""),0.5) -> 0.5 | S3: =IFERROR(__xludf.DUMMYFUNCTION("""COMPUTED_VALUE"""),0.0) -> 0 | U3: =IFERROR(__xludf.DUMMYFUNCTION("""COMPUTED_VALUE"""),"keykeg 20l") -> keykeg 20l | V3: =IFERROR(__xludf.DUMMYFUNCTION("""COMPUTED_VALUE"""),166.0) -> 166 | W3: =IFERROR(__xludf.DUMMYFUNCTION("""COMPUTED_VALUE"""),162.0) -> 162 | X3: =IFERROR(__xludf.DUMMYFUNCTION("""COMPUTED_VALUE"""),4.0) -> 4
A4: =IFERROR(__xludf.DUMMYFUNCTION("""COMPUTED_VALUE"""),"Munich") -> Munich | B4: =IFERROR(__xludf.DUMMYFUNCTION("""COMPUTED_VALUE"""),75.0) -> 75 | C4: =IFERROR(__xludf.DUMMYFUNCTION("""COMPUTED_VALUE"""),75.0) -> 75 | D4: =IFERROR(__xludf.DUMMYFUNCTION("""COMPUTED_VALUE"""),0.0) -> 0 | F4: =IFERROR(__xludf.DUMMYFUNCTION("""COMPUTED_VALUE"""),"Citra") -> Citra | G4: =IFERROR(__xludf.DUMMYFUNCTION("""COMPUTED_VALUE"""),1.1) -> 1.1 | H4: =IFERROR(__xludf.DUMMYFUNCTION("""COMPUTED_VALUE"""),1.1) -> 1.1 | I4: =IFERROR(__xludf.DUMMYFUNCTION("""COMPUTED_VALUE"""),0.0) -> 0 | K4: =IFERROR(__xludf.DUMMYFUNCTION("""COMPUTED_VALUE"""),"Appelsienen") -> Appelsienen | L4: =IFERROR(__xludf.DUMMYFUNCTION("""COMPUTED_VALUE"""),8.0) -> 8 | M4: =IFERROR(__xludf.DUMMYFUNCTION("""COMPUTED_VALUE"""),8.0) -> 8 | N4: =IFERROR(__xludf.DUMMYFUNCTION("""COMPUTED_VALUE"""),0.0) -> 0 | P4: =IFERROR(__xludf.DUMMYFUNCTION("""COMPUTED_VALUE"""),"Verdant IPA") -> Verdant IPA | Q4: =IFERROR(__xludf.DUMMYFUNCTION("""COMPUTED_VALUE"""),0.055) -> 0.055 | R4: =IFERROR(__xludf.DUMMYFUNCTION("""COMPUTED_VALUE"""),0.055) -> 0.055 | S4: =IFERROR(__xludf.DUMMYFUNCTION("""COMPUTED_VALUE"""),0.0) -> 0 | U4: =IFERROR(__xludf.DUMMYFUNCTION("""COMPUTED_VALUE"""),"kroonkurk wit") -> kroonkurk wit | V4: =IFERROR(__xludf.DUMMYFUNCTION("""COMPUTED_VALUE"""),12500.0) -> 12500 | W4: =IFERROR(__xludf.DUMMYFUNCTION("""COMPUTED_VALUE"""),11316.0) -> 11316 | X4: =IFERROR(__xludf.DUMMYFUNCTION("""COMPUTED_VALUE"""),1184.0) -> 1184
A5: =IFERROR(__xludf.DUMMYFUNCTION("""COMPUTED_VALUE"""),"Chocolate Dark") -> Chocolate Dark | B5: =IFERROR(__xludf.DUMMYFUNCTION("""COMPUTED_VALUE"""),9.0) -> 9 | C5: =IFERROR(__xludf.DUMMYFUNCTION("""COMPUTED_VALUE"""),9.0) -> 9 | D5: =IFERROR(__xludf.DUMMYFUNCTION("""COMPUTED_VALUE"""),0.0) -> 0 | F5: =IFERROR(__xludf.DUMMYFUNCTION("""COMPUTED_VALUE"""),"Galaxy") -> Galaxy | G5: =IFERROR(__xludf.DUMMYFUNCTION("""COMPUTED_VALUE"""),0.2) -> 0.2 | H5: =IFERROR(__xludf.DUMMYFUNCTION("""COMPUTED_VALUE"""),0.2) -> 0.2 | I5: =IFERROR(__xludf.DUMMYFUNCTION("""COMPUTED_VALUE"""),0.0) -> 0 | K5: =IFERROR(__xludf.DUMMYFUNCTION("""COMPUTED_VALUE"""),"Limoen") -> Limoen | L5: =IFERROR(__xludf.DUMMYFUNCTION("""COMPUTED_VALUE"""),167.0) -> 167 | M5: =IFERROR(__xludf.DUMMYFUNCTION("""COMPUTED_VALUE"""),167.0) -> 167 | N5: =IFERROR(__xludf.DUMMYFUNCTION("""COMPUTED_VALUE"""),0.0) -> 0 | P5: =IFERROR(__xludf.DUMMYFUNCTION("""COMPUTED_VALUE"""),"LP652") -> LP652 | Q5: =IFERROR(__xludf.DUMMYFUNCTION("""COMPUTED_VALUE"""),0.30000000000000004) -> 0.3 | R5: =IFERROR(__xludf.DUMMYFUNCTION("""COMPUTED_VALUE"""),0.3) -> 0.3 | S5: =IFERROR(__xludf.DUMMYFUNCTION("""COMPUTED_VALUE"""),5.551115123125783E-17) -> 0 | U5: =IFERROR(__xludf.DUMMYFUNCTION("""COMPUTED_VALUE"""),"Fles Longneck 33cl") -> Fles Longneck 33cl | V5: =IFERROR(__xludf.DUMMYFUNCTION("""COMPUTED_VALUE"""),816.0) -> 816 | W5: =IFERROR(__xludf.DUMMYFUNCTION("""COMPUTED_VALUE"""),816.0) -> 816 | X5: =IFERROR(__xludf.DUMMYFUNCTION("""COMPUTED_VALUE"""),0.0) -> 0
A6: =IFERROR(__xludf.DUMMYFUNCTION("""COMPUTED_VALUE"""),"CaraAroma") -> CaraAroma | B6: =IFERROR(__xludf.DUMMYFUNCTION("""COMPUTED_VALUE"""),35.0) -> 35 | C6: =IFERROR(__xludf.DUMMYFUNCTION("""COMPUTED_VALUE"""),35.0) -> 35 | D6: =IFERROR(__xludf.DUMMYFUNCTION("""COMPUTED_VALUE"""),0.0) -> 0 | F6: =IFERROR(__xludf.DUMMYFUNCTION("""COMPUTED_VALUE"""),"Styrian Dana") -> Styrian Dana | G6: =IFERROR(__xludf.DUMMYFUNCTION("""COMPUTED_VALUE"""),0.4) -> 0.4 | H6: =IFERROR(__xludf.DUMMYFUNCTION("""COMPUTED_VALUE"""),0.4) -> 0.4 | I6: =IFERROR(__xludf.DUMMYFUNCTION("""COMPUTED_VALUE"""),0.0) -> 0 | K6: =IFERROR(__xludf.DUMMYFUNCTION("""COMPUTED_VALUE"""),"Grof zeezout") -> Grof zeezout | L6: =IFERROR(__xludf.DUMMYFUNCTION("""COMPUTED_VALUE"""),2.0) -> 2 | M6: =IFERROR(__xludf.DUMMYFUNCTION("""COMPUTED_VALUE"""),1.315) -> 1.315 | N6: =IFERROR(__xludf.DUMMYFUNCTION("""COMPUTED_VALUE"""),0.685) -> 0.685 | P6: =IFERROR(__xludf.DUMMYFUNCTION("""COMPUTED_VALUE"""),"WB-06") -> WB-06 | Q6: =IFERROR(__xludf.DUMMYFUNCTION("""COMPUTED_VALUE"""),0.5) -> 0.5 | R6: =IFERROR(__xludf.DUMMYFUNCTION("""COMPUTED_VALUE"""),0.5) -> 0.5 | S6: =IFERROR(__xludf.DUMMYFUNCTION("""COMPUTED_VALUE"""),0.0) -> 0 | U6: =IFERROR(__xludf.DUMMYFUNCTION("""COMPUTED_VALUE"""),"Dozen 24st APO") -> Dozen 24st APO | V6: =IFERROR(__xludf.DUMMYFUNCTION("""COMPUTED_VALUE"""),140.0) -> 140 | W6: =IFERROR(__xludf.DUMMYFUNCTION("""COMPUTED_VALUE"""),47.0) -> 47 | X6: =IFERROR(__xludf.DUMMYFUNCTION("""COMPUTED_VALUE"""),93.0) -> 93
A7: =IFERROR(__xludf.DUMMYFUNCTION("""COMPUTED_VALUE"""),"Witte Haver") -> Witte Haver | B7: =IFERROR(__xludf.DUMMYFUNCTION("""COMPUTED_VALUE"""),40.0) -> 40 | C7: =IFERROR(__xludf.DUMMYFUNCTION("""COMPUTED_VALUE"""),40.0) -> 40 | D7: =IFERROR(__xludf.DUMMYFUNCTION("""COMPUTED_VALUE"""),0.0) -> 0 | F7: =IFERROR(__xludf.DUMMYFUNCTION("""COMPUTED_VALUE"""),"Magnum") -> Magnum | G7: =IFERROR(__xludf.DUMMYFUNCTION("""COMPUTED_VALUE"""),1.0) -> 1 | H7: =IFERROR(__xludf.DUMMYFUNCTION("""COMPUTED_VALUE"""),1.0) -> 1 | I7: =IFERROR(__xludf.DUMMYFUNCTION("""COMPUTED_VALUE"""),0.0) -> 0 | K7: =IFERROR(__xludf.DUMMYFUNCTION("""COMPUTED_VALUE"""),"cacaobonen") -> cacaobonen | L7: =IFERROR(__xludf.DUMMYFUNCTION("""COMPUTED_VALUE"""),4.05) -> 4.05 | M7: =IFERROR(__xludf.DUMMYFUNCTION("""COMPUTED_VALUE"""),4.05) -> 4.05 | N7: =IFERROR(__xludf.DUMMYFUNCTION("""COMPUTED_VALUE"""),0.0) -> 0 | P7: =IFERROR(__xludf.DUMMYFUNCTION("""COMPUTED_VALUE"""),"BE-256") -> BE-256 | Q7: =IFERROR(__xludf.DUMMYFUNCTION("""COMPUTED_VALUE"""),0.5) -> 0.5 | R7: =IFERROR(__xludf.DUMMYFUNCTION("""COMPUTED_VALUE"""),0.5) -> 0.5 | S7: =IFERROR(__xludf.DUMMYFUNCTION("""COMPUTED_VALUE"""),0.0) -> 0 | U7: =IFERROR(__xludf.DUMMYFUNCTION("""COMPUTED_VALUE"""),"Fles belge 75cl") -> Fles belge 75cl | V7: =IFERROR(__xludf.DUMMYFUNCTION("""COMPUTED_VALUE"""),264.0) -> 264 | W7: =IFERROR(__xludf.DUMMYFUNCTION("""COMPUTED_VALUE"""),264.0) -> 264 | X7: =IFERROR(__xludf.DUMMYFUNCTION("""COMPUTED_VALUE"""),0.0) -> 0
A8: =IFERROR(__xludf.DUMMYFUNCTION("""COMPUTED_VALUE"""),"CaraGold") -> CaraGold | B8: =IFERROR(__xludf.DUMMYFUNCTION("""COMPUTED_VALUE"""),30.0) -> 30 | C8: =IFERROR(__xludf.DUMMYFUNCTION("""COMPUTED_VALUE"""),30.0) -> 30 | D8: =IFERROR(__xludf.DUMMYFUNCTION("""COMPUTED_VALUE"""),0.0) -> 0 | F8: =IFERROR(__xludf.DUMMYFUNCTION("""COMPUTED_VALUE"""),"Hallertau Blanc") -> Hallertau Blanc | G8: =IFERROR(__xludf.DUMMYFUNCTION("""COMPUTED_VALUE"""),7.9) -> 7.9 | H8: =IFERROR(__xludf.DUMMYFUNCTION("""COMPUTED_VALUE"""),3.5000000000000004) -> 3.5 | I8: =IFERROR(__xludf.DUMMYFUNCTION("""COMPUTED_VALUE"""),4.4) -> 4.4 | K8: =IFERROR(__xludf.DUMMYFUNCTION("""COMPUTED_VALUE"""),"Speculaaskruiden") -> Speculaaskruiden | L8: =IFERROR(__xludf.DUMMYFUNCTION("""COMPUTED_VALUE"""),0.4) -> 0.4 | M8: =IFERROR(__xludf.DUMMYFUNCTION("""COMPUTED_VALUE"""),0.28) -> 0.28 | N8: =IFERROR(__xludf.DUMMYFUNCTION("""COMPUTED_VALUE"""),0.12) -> 0.12 | P8: =IFERROR(__xludf.DUMMYFUNCTION("""COMPUTED_VALUE"""),"S-33") -> S-33 | Q8: =IFERROR(__xludf.DUMMYFUNCTION("""COMPUTED_VALUE"""),0.9) -> 0.9 | R8: =IFERROR(__xludf.DUMMYFUNCTION("""COMPUTED_VALUE"""),0.525) -> 0.525 | S8: =IFERROR(__xludf.DUMMYFUNCTION("""COMPUTED_VALUE"""),0.375) -> 0.375 | U8: =IFERROR(__xludf.DUMMYFUNCTION("""COMPUTED_VALUE"""),"Doos trio 75cl") -> Doos trio 75cl | V8: =IFERROR(__xludf.DUMMYFUNCTION("""COMPUTED_VALUE"""),60.0) -> 60 | W8: =IFERROR(__xludf.DUMMYFUNCTION("""COMPUTED_VALUE"""),60.0) -> 60 | X8: =IFERROR(__xludf.DUMMYFUNCTION("""COMPUTED_VALUE"""),0.0) -> 0
A9: =IFERROR(__xludf.DUMMYFUNCTION("""COMPUTED_VALUE"""),"CaraBody") -> CaraBody | B9: =IFERROR(__xludf.DUMMYFUNCTION("""COMPUTED_VALUE"""),5.0) -> 5 | C9: =IFERROR(__xludf.DUMMYFUNCTION("""COMPUTED_VALUE"""),5.0) -> 5 | D9: =IFERROR(__xludf.DUMMYFUNCTION("""COMPUTED_VALUE"""),0.0) -> 0 | F9: =IFERROR(__xludf.DUMMYFUNCTION("""COMPUTED_VALUE"""),"Styrian Dragon") -> Styrian Dragon | G9: =IFERROR(__xludf.DUMMYFUNCTION("""COMPUTED_VALUE"""),0.1) -> 0.1 | H9: =IFERROR(__xludf.DUMMYFUNCTION("""COMPUTED_VALUE"""),0.0) -> 0 | I9: =IFERROR(__xludf.DUMMYFUNCTION("""COMPUTED_VALUE"""),0.1) -> 0.1 | K9: =IFERROR(__xludf.DUMMYFUNCTION("""COMPUTED_VALUE"""),"Rabarber") -> Rabarber | L9: =IFERROR(__xludf.DUMMYFUNCTION("""COMPUTED_VALUE"""),25.0) -> 25 | M9: =IFERROR(__xludf.DUMMYFUNCTION("""COMPUTED_VALUE"""),25.0) -> 25 | N9: =IFERROR(__xludf.DUMMYFUNCTION("""COMPUTED_VALUE"""),0.0) -> 0 | P9: =IFERROR(__xludf.DUMMYFUNCTION("""COMPUTED_VALUE"""),"US-05") -> US-05 | Q9: =IFERROR(__xludf.DUMMYFUNCTION("""COMPUTED_VALUE"""),0.7) -> 0.7 | R9: =IFERROR(__xludf.DUMMYFUNCTION("""COMPUTED_VALUE"""),0.325) -> 0.325 | S9: =IFERROR(__xludf.DUMMYFUNCTION("""COMPUTED_VALUE"""),0.37499999999999994) -> 0.375 | U9: =IFERROR(__xludf.DUMMYFUNCTION("""COMPUTED_VALUE"""),"Corny keg 19l") -> Corny keg 19l | V9: =IFERROR(__xludf.DUMMYFUNCTION("""COMPUTED_VALUE"""),6.0) -> 6 | W9: =IFERROR(__xludf.DUMMYFUNCTION("""COMPUTED_VALUE"""),7.0) -> 7 | X9: =IFERROR(__xludf.DUMMYFUNCTION("""COMPUTED_VALUE"""),-1.0) -> -1
A10: =IFERROR(__xludf.DUMMYFUNCTION("""COMPUTED_VALUE"""),"Biscuit") -> Biscuit | B10: =IFERROR(__xludf.DUMMYFUNCTION("""COMPUTED_VALUE"""),51.0) -> 51 | C10: =IFERROR(__xludf.DUMMYFUNCTION("""COMPUTED_VALUE"""),51.0) -> 51 | D10: =IFERROR(__xludf.DUMMYFUNCTION("""COMPUTED_VALUE"""),0.0) -> 0 | F10: =IFERROR(__xludf.DUMMYFUNCTION("""COMPUTED_VALUE"""),"Calista") -> Calista | G10: =IFERROR(__xludf.DUMMYFUNCTION("""COMPUTED_VALUE"""),5.2) -> 5.2 | H10: =IFERROR(__xludf.DUMMYFUNCTION("""COMPUTED_VALUE"""),3.4000000000000004) -> 3.4 | I10: =IFERROR(__xludf.DUMMYFUNCTION("""COMPUTED_VALUE"""),1.7999999999999998) -> 1.8 | K10: =IFERROR(__xludf.DUMMYFUNCTION("""COMPUTED_VALUE"""),"Frambozen diepvries") -> Frambozen diepvries | L10: =IFERROR(__xludf.DUMMYFUNCTION("""COMPUTED_VALUE"""),32.0) -> 32 | M10: =IFERROR(__xludf.DUMMYFUNCTION("""COMPUTED_VALUE"""),32.0) -> 32 | N10: =IFERROR(__xludf.DUMMYFUNCTION("""COMPUTED_VALUE"""),0.0) -> 0 | P10: =IFERROR(__xludf.DUMMYFUNCTION("""COMPUTED_VALUE"""),"Aspergillus Luchuensis") -> Aspergillus Luchuensis | Q10: =IFERROR(__xludf.DUMMYFUNCTION("""COMPUTED_VALUE"""),0.003) -> 0.003 | R10: =IFERROR(__xludf.DUMMYFUNCTION("""COMPUTED_VALUE"""),0.003) -> 0.003 | S10: =IFERROR(__xludf.DUMMYFUNCTION("""COMPUTED_VALUE"""),0.0) -> 0 | V10: =IFERROR(__xludf.DUMMYFUNCTION("""COMPUTED_VALUE"""),0.0) -> 0 | W10: =IFERROR(__xludf.DUMMYFUNCTION("""COMPUTED_VALUE"""),0.0) -> 0 | X10: =IFERROR(__xludf.DUMMYFUNCTION("""COMPUTED_VALUE"""),0.0) -> 0
A11: =IFERROR(__xludf.DUMMYFUNCTION("""COMPUTED_VALUE"""),"Tarwe ") -> Tarwe | B11: =IFERROR(__xludf.DUMMYFUNCTION("""COMPUTED_VALUE"""),300.0) -> 300 | C11: =IFERROR(__xludf.DUMMYFUNCTION("""COMPUTED_VALUE"""),286.0) -> 286 | D11: =IFERROR(__xludf.DUMMYFUNCTION("""COMPUTED_VALUE"""),14.0) -> 14 | F11: =IFERROR(__xludf.DUMMYFUNCTION("""COMPUTED_VALUE"""),"Solero") -> Solero | G11: =IFERROR(__xludf.DUMMYFUNCTION("""COMPUTED_VALUE"""),0.1) -> 0.1 | H11: =IFERROR(__xludf.DUMMYFUNCTION("""COMPUTED_VALUE"""),0.0) -> 0 | I11: =IFERROR(__xludf.DUMMYFUNCTION("""COMPUTED_VALUE"""),0.1) -> 0.1 | K11: =IFERROR(__xludf.DUMMYFUNCTION("""COMPUTED_VALUE"""),"yuzu aroma") -> yuzu aroma | L11: =IFERROR(__xludf.DUMMYFUNCTION("""COMPUTED_VALUE"""),0.05) -> 0.05 | M11: =IFERROR(__xludf.DUMMYFUNCTION("""COMPUTED_VALUE"""),0.05) -> 0.05 | N11: =IFERROR(__xludf.DUMMYFUNCTION("""COMPUTED_VALUE"""),0.0) -> 0 | P11: =IFERROR(__xludf.DUMMYFUNCTION("""COMPUTED_VALUE"""),"BE-134") -> BE-134 | Q11: =IFERROR(__xludf.DUMMYFUNCTION("""COMPUTED_VALUE"""),1.0) -> 1 | R11: =IFERROR(__xludf.DUMMYFUNCTION("""COMPUTED_VALUE"""),0.5) -> 0.5 | S11: =IFERROR(__xludf.DUMMYFUNCTION("""COMPUTED_VALUE"""),0.5) -> 0.5 | U11: =IFERROR(__xludf.DUMMYFUNCTION("""COMPUTED_VALUE"""),"Zwarte Peper Lampong") -> Zwarte Peper Lampong | V11: =IFERROR(__xludf.DUMMYFUNCTION("""COMPUTED_VALUE"""),0.0) -> 0 | W11: =IFERROR(__xludf.DUMMYFUNCTION("""COMPUTED_VALUE"""),0.0) -> 0 | X11: =IFERROR(__xludf.DUMMYFUNCTION("""COMPUTED_VALUE"""),0.0) -> 0
A12: =IFERROR(__xludf.DUMMYFUNCTION("""COMPUTED_VALUE"""),"Oud brood") -> Oud brood | B12: =IFERROR(__xludf.DUMMYFUNCTION("""COMPUTED_VALUE"""),10.0) -> 10 | C12: =IFERROR(__xludf.DUMMYFUNCTION("""COMPUTED_VALUE"""),10.0) -> 10 | D12: =IFERROR(__xludf.DUMMYFUNCTION("""COMPUTED_VALUE"""),0.0) -> 0 | F12: =IFERROR(__xludf.DUMMYFUNCTION("""COMPUTED_VALUE"""),"Barbe Rouge") -> Barbe Rouge | G12: =IFERROR(__xludf.DUMMYFUNCTION("""COMPUTED_VALUE"""),2.6) -> 2.6 | H12: =IFERROR(__xludf.DUMMYFUNCTION("""COMPUTED_VALUE"""),2.6) -> 2.6 | I12: =IFERROR(__xludf.DUMMYFUNCTION("""COMPUTED_VALUE"""),0.0) -> 0 | K12: =IFERROR(__xludf.DUMMYFUNCTION("""COMPUTED_VALUE"""),"oranjebloesem") -> oranjebloesem | L12: =IFERROR(__xludf.DUMMYFUNCTION("""COMPUTED_VALUE"""),0.4) -> 0.4 | M12: =IFERROR(__xludf.DUMMYFUNCTION("""COMPUTED_VALUE"""),0.4) -> 0.4 | N12: =IFERROR(__xludf.DUMMYFUNCTION("""COMPUTED_VALUE"""),0.0) -> 0 | P12: =IFERROR(__xludf.DUMMYFUNCTION("""COMPUTED_VALUE"""),"cider M02") -> cider M02 | Q12: =IFERROR(__xludf.DUMMYFUNCTION("""COMPUTED_VALUE"""),0.25) -> 0.25 | R12: =IFERROR(__xludf.DUMMYFUNCTION("""COMPUTED_VALUE"""),0.25) -> 0.25 | S12: =IFERROR(__xludf.DUMMYFUNCTION("""COMPUTED_VALUE"""),0.0) -> 0 | U12: =IFERROR(__xludf.DUMMYFUNCTION("""COMPUTED_VALUE"""),"Zwarte Peper Tellicherry") -> Zwarte Peper Tellicherry | V12: =IFERROR(__xludf.DUMMYFUNCTION("""COMPUTED_VALUE"""),0.0) -> 0 | W12: =IFERROR(__xludf.DUMMYFUNCTION("""COMPUTED_VALUE"""),0.0) -> 0 | X12: =IFERROR(__xludf.DUMMYFUNCTION("""COMPUTED_VALUE"""),0.0) -> 0
A13: =IFERROR(__xludf.DUMMYFUNCTION("""COMPUTED_VALUE"""),"Havervlokken") -> Havervlokken | B13: =IFERROR(__xludf.DUMMYFUNCTION("""COMPUTED_VALUE"""),110.8) -> 110.8 | C13: =IFERROR(__xludf.DUMMYFUNCTION("""COMPUTED_VALUE"""),105.3) -> 105.3 | D13: =IFERROR(__xludf.DUMMYFUNCTION("""COMPUTED_VALUE"""),5.5) -> 5.5 | G13: =IFERROR(__xludf.DUMMYFUNCTION("""COMPUTED_VALUE"""),0.0) -> 0 | H13: =IFERROR(__xludf.DUMMYFUNCTION("""COMPUTED_VALUE"""),0.0) -> 0 | I13: =IFERROR(__xludf.DUMMYFUNCTION("""COMPUTED_VALUE"""),0.0) -> 0 | K13: =IFERROR(__xludf.DUMMYFUNCTION("""COMPUTED_VALUE"""),"Bhut Jolokia") -> Bhut Jolokia | L13: =IFERROR(__xludf.DUMMYFUNCTION("""COMPUTED_VALUE"""),0.01) -> 0.01 | M13: =IFERROR(__xludf.DUMMYFUNCTION("""COMPUTED_VALUE"""),0.01) -> 0.01 | N13: =IFERROR(__xludf.DUMMYFUNCTION("""COMPUTED_VALUE"""),0.0) -> 0 | P13: =IFERROR(__xludf.DUMMYFUNCTION("""COMPUTED_VALUE"""),"Apres-Ski") -> Apres-Ski | Q13: =IFERROR(__xludf.DUMMYFUNCTION("""COMPUTED_VALUE"""),0.5) -> 0.5 | R13: =IFERROR(__xludf.DUMMYFUNCTION("""COMPUTED_VALUE"""),0.5) -> 0.5 | S13: =IFERROR(__xludf.DUMMYFUNCTION("""COMPUTED_VALUE"""),0.0) -> 0 | U13: =IFERROR(__xludf.DUMMYFUNCTION("""COMPUTED_VALUE"""),"Tasmaanse Bergpeper") -> Tasmaanse Bergpeper | V13: =IFERROR(__xludf.DUMMYFUNCTION("""COMPUTED_VALUE"""),0.0) -> 0 | W13: =IFERROR(__xludf.DUMMYFUNCTION("""COMPUTED_VALUE"""),0.0) -> 0 | X13: =IFERROR(__xludf.DUMMYFUNCTION("""COMPUTED_VALUE"""),0.0) -> 0
A14: =IFERROR(__xludf.DUMMYFUNCTION("""COMPUTED_VALUE"""),"CaraAmber") -> CaraAmber | B14: =IFERROR(__xludf.DUMMYFUNCTION("""COMPUTED_VALUE"""),25.0) -> 25 | C14: =IFERROR(__xludf.DUMMYFUNCTION("""COMPUTED_VALUE"""),25.0) -> 25 | D14: =IFERROR(__xludf.DUMMYFUNCTION("""COMPUTED_VALUE"""),0.0) -> 0 | F14: =IFERROR(__xludf.DUMMYFUNCTION("""COMPUTED_VALUE"""),"Nelson Sauvin") -> Nelson Sauvin | G14: =IFERROR(__xludf.DUMMYFUNCTION("""COMPUTED_VALUE"""),2.0) -> 2 | H14: =IFERROR(__xludf.DUMMYFUNCTION("""COMPUTED_VALUE"""),2.0) -> 2 | I14: =IFERROR(__xludf.DUMMYFUNCTION("""COMPUTED_VALUE"""),0.0) -> 0 | K14: =IFERROR(__xludf.DUMMYFUNCTION("""COMPUTED_VALUE"""),"mandarijnen") -> mandarijnen | L14: =IFERROR(__xludf.DUMMYFUNCTION("""COMPUTED_VALUE"""),4.6) -> 4.6 | M14: =IFERROR(__xludf.DUMMYFUNCTION("""COMPUTED_VALUE"""),4.6) -> 4.6 | N14: =IFERROR(__xludf.DUMMYFUNCTION("""COMPUTED_VALUE"""),0.0) -> 0 | Q14: =IFERROR(__xludf.DUMMYFUNCTION("""COMPUTED_VALUE"""),0.0) -> 0 | R14: =IFERROR(__xludf.DUMMYFUNCTION("""COMPUTED_VALUE"""),0.0) -> 0 | S14: =IFERROR(__xludf.DUMMYFUNCTION("""COMPUTED_VALUE"""),0.0) -> 0 | V14: =IFERROR(__xludf.DUMMYFUNCTION("""COMPUTED_VALUE"""),0.0) -> 0 | W14: =IFERROR(__xludf.DUMMYFUNCTION("""COMPUTED_VALUE"""),0.0) -> 0 | X14: =IFERROR(__xludf.DUMMYFUNCTION("""COMPUTED_VALUE"""),0.0) -> 0
A15: =IFERROR(__xludf.DUMMYFUNCTION("""COMPUTED_VALUE"""),"Caramel 30") -> Caramel 30 | B15: =IFERROR(__xludf.DUMMYFUNCTION("""COMPUTED_VALUE"""),5.0) -> 5 | C15: =IFERROR(__xludf.DUMMYFUNCTION("""COMPUTED_VALUE"""),5.0) -> 5 | D15: =IFERROR(__xludf.DUMMYFUNCTION("""COMPUTED_VALUE"""),0.0) -> 0 | F15: =IFERROR(__xludf.DUMMYFUNCTION("""COMPUTED_VALUE"""),"Cashmere") -> Cashmere | G15: =IFERROR(__xludf.DUMMYFUNCTION("""COMPUTED_VALUE"""),1.0) -> 1 | H15: =IFERROR(__xludf.DUMMYFUNCTION("""COMPUTED_VALUE"""),1.0) -> 1 | I15: =IFERROR(__xludf.DUMMYFUNCTION("""COMPUTED_VALUE"""),0.0) -> 0 | K15: =IFERROR(__xludf.DUMMYFUNCTION("""COMPUTED_VALUE"""),"mandarijn aroma") -> mandarijn aroma | L15: =IFERROR(__xludf.DUMMYFUNCTION("""COMPUTED_VALUE"""),0.05) -> 0.05 | M15: =IFERROR(__xludf.DUMMYFUNCTION("""COMPUTED_VALUE"""),0.05) -> 0.05 | N15: =IFERROR(__xludf.DUMMYFUNCTION("""COMPUTED_VALUE"""),0.0) -> 0 | Q15: =IFERROR(__xludf.DUMMYFUNCTION("""COMPUTED_VALUE"""),0.0) -> 0 | R15: =IFERROR(__xludf.DUMMYFUNCTION("""COMPUTED_VALUE"""),0.0) -> 0 | S15: =IFERROR(__xludf.DUMMYFUNCTION("""COMPUTED_VALUE"""),0.0) -> 0 | V15: =IFERROR(__xludf.DUMMYFUNCTION("""COMPUTED_VALUE"""),0.0) -> 0 | W15: =IFERROR(__xludf.DUMMYFUNCTION("""COMPUTED_VALUE"""),0.0) -> 0 | X15: =IFERROR(__xludf.DUMMYFUNCTION("""COMPUTED_VALUE"""),0.0) -> 0
A16: =IFERROR(__xludf.DUMMYFUNCTION("""COMPUTED_VALUE"""),"parelgerst") -> parelgerst | B16: =IFERROR(__xludf.DUMMYFUNCTION("""COMPUTED_VALUE"""),2.0) -> 2 | C16: =IFERROR(__xludf.DUMMYFUNCTION("""COMPUTED_VALUE"""),1.0) -> 1 | D16: =IFERROR(__xludf.DUMMYFUNCTION("""COMPUTED_VALUE"""),1.0) -> 1 | F16: =IFERROR(__xludf.DUMMYFUNCTION("""COMPUTED_VALUE"""),"Sabro") -> Sabro | G16: =IFERROR(__xludf.DUMMYFUNCTION("""COMPUTED_VALUE"""),1.0) -> 1 | H16: =IFERROR(__xludf.DUMMYFUNCTION("""COMPUTED_VALUE"""),1.0) -> 1 | I16: =IFERROR(__xludf.DUMMYFUNCTION("""COMPUTED_VALUE"""),0.0) -> 0 | K16: =IFERROR(__xludf.DUMMYFUNCTION("""COMPUTED_VALUE"""),"Japanse duizendknoop") -> Japanse duizendknoop | L16: =IFERROR(__xludf.DUMMYFUNCTION("""COMPUTED_VALUE"""),20.0) -> 20 | M16: =IFERROR(__xludf.DUMMYFUNCTION("""COMPUTED_VALUE"""),20.0) -> 20 | N16: =IFERROR(__xludf.DUMMYFUNCTION("""COMPUTED_VALUE"""),0.0) -> 0 | Q16: =IFERROR(__xludf.DUMMYFUNCTION("""COMPUTED_VALUE"""),0.0) -> 0 | R16: =IFERROR(__xludf.DUMMYFUNCTION("""COMPUTED_VALUE"""),0.0) -> 0 | S16: =IFERROR(__xludf.DUMMYFUNCTION("""COMPUTED_VALUE"""),0.0) -> 0 | V16: =IFERROR(__xludf.DUMMYFUNCTION("""COMPUTED_VALUE"""),0.0) -> 0 | W16: =IFERROR(__xludf.DUMMYFUNCTION("""COMPUTED_VALUE"""),0.0) -> 0 | X16: =IFERROR(__xludf.DUMMYFUNCTION("""COMPUTED_VALUE"""),0.0) -> 0
A17: =IFERROR(__xludf.DUMMYFUNCTION("""COMPUTED_VALUE"""),"Cara 50 MD") -> Cara 50 MD | B17: =IFERROR(__xludf.DUMMYFUNCTION("""COMPUTED_VALUE"""),25.0) -> 25 | C17: =IFERROR(__xludf.DUMMYFUNCTION("""COMPUTED_VALUE"""),25.0) -> 25 | D17: =IFERROR(__xludf.DUMMYFUNCTION("""COMPUTED_VALUE"""),0.0) -> 0 | F17: =IFERROR(__xludf.DUMMYFUNCTION("""COMPUTED_VALUE"""),"Crystal") -> Crystal | G17: =IFERROR(__xludf.DUMMYFUNCTION("""COMPUTED_VALUE"""),0.2) -> 0.2 | H17: =IFERROR(__xludf.DUMMYFUNCTION("""COMPUTED_VALUE"""),0.2) -> 0.2 | I17: =IFERROR(__xludf.DUMMYFUNCTION("""COMPUTED_VALUE"""),0.0) -> 0 | K17: =IFERROR(__xludf.DUMMYFUNCTION("""COMPUTED_VALUE"""),"pompelmoes") -> pompelmoes | L17: =IFERROR(__xludf.DUMMYFUNCTION("""COMPUTED_VALUE"""),7.529999999999999) -> 7.53 | M17: =IFERROR(__xludf.DUMMYFUNCTION("""COMPUTED_VALUE"""),7.529999999999999) -> 7.53 | N17: =IFERROR(__xludf.DUMMYFUNCTION("""COMPUTED_VALUE"""),0.0) -> 0 | Q17: =IFERROR(__xludf.DUMMYFUNCTION("""COMPUTED_VALUE"""),0.0) -> 0 | R17: =IFERROR(__xludf.DUMMYFUNCTION("""COMPUTED_VALUE"""),0.0) -> 0 | S17: =IFERROR(__xludf.DUMMYFUNCTION("""COMPUTED_VALUE"""),0.0) -> 0 | V17: =IFERROR(__xludf.DUMMYFUNCTION("""COMPUTED_VALUE"""),0.0) -> 0 | W17: =IFERROR(__xludf.DUMMYFUNCTION("""COMPUTED_VALUE"""),0.0) -> 0 | X17: =IFERROR(__xludf.DUMMYFUNCTION("""COMPUTED_VALUE"""),0.0) -> 0
A18: =IFERROR(__xludf.DUMMYFUNCTION("""COMPUTED_VALUE"""),"Sushi rijst") -> Sushi rijst | B18: =IFERROR(__xludf.DUMMYFUNCTION("""COMPUTED_VALUE"""),15.0) -> 15 | C18: =IFERROR(__xludf.DUMMYFUNCTION("""COMPUTED_VALUE"""),15.0) -> 15 | D18: =IFERROR(__xludf.DUMMYFUNCTION("""COMPUTED_VALUE"""),0.0) -> 0 | F18: =IFERROR(__xludf.DUMMYFUNCTION("""COMPUTED_VALUE"""),"Motueka") -> Motueka | G18: =IFERROR(__xludf.DUMMYFUNCTION("""COMPUTED_VALUE"""),2.0) -> 2 | H18: =IFERROR(__xludf.DUMMYFUNCTION("""COMPUTED_VALUE"""),2.0) -> 2 | I18: =IFERROR(__xludf.DUMMYFUNCTION("""COMPUTED_VALUE"""),0.0) -> 0 | K18: =IFERROR(__xludf.DUMMYFUNCTION("""COMPUTED_VALUE"""),"Kersen") -> Kersen | L18: =IFERROR(__xludf.DUMMYFUNCTION("""COMPUTED_VALUE"""),37.0) -> 37 | M18: =IFERROR(__xludf.DUMMYFUNCTION("""COMPUTED_VALUE"""),37.0) -> 37 | N18: =IFERROR(__xludf.DUMMYFUNCTION("""COMPUTED_VALUE"""),0.0) -> 0 | Q18: =IFERROR(__xludf.DUMMYFUNCTION("""COMPUTED_VALUE"""),0.0) -> 0 | R18: =IFERROR(__xludf.DUMMYFUNCTION("""COMPUTED_VALUE"""),0.0) -> 0 | S18: =IFERROR(__xludf.DUMMYFUNCTION("""COMPUTED_VALUE"""),0.0) -> 0 | V18: =IFERROR(__xludf.DUMMYFUNCTION("""COMPUTED_VALUE"""),0.0) -> 0 | W18: =IFERROR(__xludf.DUMMYFUNCTION("""COMPUTED_VALUE"""),0.0) -> 0 | X18: =IFERROR(__xludf.DUMMYFUNCTION("""COMPUTED_VALUE"""),0.0) -> 0
A19: =IFERROR(__xludf.DUMMYFUNCTION("""COMPUTED_VALUE"""),"Spelt") -> Spelt | B19: =IFERROR(__xludf.DUMMYFUNCTION("""COMPUTED_VALUE"""),20.0) -> 20 | C19: =IFERROR(__xludf.DUMMYFUNCTION("""COMPUTED_VALUE"""),0.0) -> 0 | D19: =IFERROR(__xludf.DUMMYFUNCTION("""COMPUTED_VALUE"""),20.0) -> 20 | F19: =IFERROR(__xludf.DUMMYFUNCTION("""COMPUTED_VALUE"""),"Hallertau Cascade") -> Hallertau Cascade | G19: =IFERROR(__xludf.DUMMYFUNCTION("""COMPUTED_VALUE"""),1.0) -> 1 | H19: =IFERROR(__xludf.DUMMYFUNCTION("""COMPUTED_VALUE"""),1.0) -> 1 | I19: =IFERROR(__xludf.DUMMYFUNCTION("""COMPUTED_VALUE"""),0.0) -> 0 | K19: =IFERROR(__xludf.DUMMYFUNCTION("""COMPUTED_VALUE"""),"Tonkabonen") -> Tonkabonen | L19: =IFERROR(__xludf.DUMMYFUNCTION("""COMPUTED_VALUE"""),0.1) -> 0.1 | M19: =IFERROR(__xludf.DUMMYFUNCTION("""COMPUTED_VALUE"""),0.07500000000000001) -> 0.075 | N19: =IFERROR(__xludf.DUMMYFUNCTION("""COMPUTED_VALUE"""),0.024999999999999994) -> 0.025 | Q19: =IFERROR(__xludf.DUMMYFUNCTION("""COMPUTED_VALUE"""),0.0) -> 0 | R19: =IFERROR(__xludf.DUMMYFUNCTION("""COMPUTED_VALUE"""),0.0) -> 0 | S19: =IFERROR(__xludf.DUMMYFUNCTION("""COMPUTED_VALUE"""),0.0) -> 0 | V19: =IFERROR(__xludf.DUMMYFUNCTION("""COMPUTED_VALUE"""),0.0) -> 0 | W19: =IFERROR(__xludf.DUMMYFUNCTION("""COMPUTED_VALUE"""),0.0) -> 0 | X19: =IFERROR(__xludf.DUMMYFUNCTION("""COMPUTED_VALUE"""),0.0) -> 0
A20: =IFERROR(__xludf.DUMMYFUNCTION("""COMPUTED_VALUE"""),"rijsthulzen") -> rijsthulzen | B20: =IFERROR(__xludf.DUMMYFUNCTION("""COMPUTED_VALUE"""),21.0) -> 21 | C20: =IFERROR(__xludf.DUMMYFUNCTION("""COMPUTED_VALUE"""),14.0) -> 14 | D20: =IFERROR(__xludf.DUMMYFUNCTION("""COMPUTED_VALUE"""),7.0) -> 7 | F20: =IFERROR(__xludf.DUMMYFUNCTION("""COMPUTED_VALUE"""),"Styrian Kolibri") -> Styrian Kolibri | G20: =IFERROR(__xludf.DUMMYFUNCTION("""COMPUTED_VALUE"""),1.0) -> 1 | H20: =IFERROR(__xludf.DUMMYFUNCTION("""COMPUTED_VALUE"""),1.0) -> 1 | I20: =IFERROR(__xludf.DUMMYFUNCTION("""COMPUTED_VALUE"""),0.0) -> 0 | K20: =IFERROR(__xludf.DUMMYFUNCTION("""COMPUTED_VALUE"""),"Pompelmoesmunt") -> Pompelmoesmunt | L20: =IFERROR(__xludf.DUMMYFUNCTION("""COMPUTED_VALUE"""),7.0) -> 7 | M20: =IFERROR(__xludf.DUMMYFUNCTION("""COMPUTED_VALUE"""),7.0) -> 7 | N20: =IFERROR(__xludf.DUMMYFUNCTION("""COMPUTED_VALUE"""),0.0) -> 0 | Q20: =IFERROR(__xludf.DUMMYFUNCTION("""COMPUTED_VALUE"""),0.0) -> 0 | R20: =IFERROR(__xludf.DUMMYFUNCTION("""COMPUTED_VALUE"""),0.0) -> 0 | S20: =IFERROR(__xludf.DUMMYFUNCTION("""COMPUTED_VALUE"""),0.0) -> 0 | V20: =IFERROR(__xludf.DUMMYFUNCTION("""COMPUTED_VALUE"""),0.0) -> 0 | W20: =IFERROR(__xludf.DUMMYFUNCTION("""COMPUTED_VALUE"""),0.0) -> 0 | X20: =IFERROR(__xludf.DUMMYFUNCTION("""COMPUTED_VALUE"""),0.0) -> 0
A21: =IFERROR(__xludf.DUMMYFUNCTION("""COMPUTED_VALUE"""),"Carafa Special") -> Carafa Special | B21: =IFERROR(__xludf.DUMMYFUNCTION("""COMPUTED_VALUE"""),5.0) -> 5 | C21: =IFERROR(__xludf.DUMMYFUNCTION("""COMPUTED_VALUE"""),2.5) -> 2.5 | D21: =IFERROR(__xludf.DUMMYFUNCTION("""COMPUTED_VALUE"""),2.5) -> 2.5 | F21: =IFERROR(__xludf.DUMMYFUNCTION("""COMPUTED_VALUE"""),"Bobek") -> Bobek | G21: =IFERROR(__xludf.DUMMYFUNCTION("""COMPUTED_VALUE"""),1.0) -> 1 | H21: =IFERROR(__xludf.DUMMYFUNCTION("""COMPUTED_VALUE"""),1.0) -> 1 | I21: =IFERROR(__xludf.DUMMYFUNCTION("""COMPUTED_VALUE"""),0.0) -> 0 | K21: =IFERROR(__xludf.DUMMYFUNCTION("""COMPUTED_VALUE"""),"King mints") -> King mints | L21: =IFERROR(__xludf.DUMMYFUNCTION("""COMPUTED_VALUE"""),6.0) -> 6 | M21: =IFERROR(__xludf.DUMMYFUNCTION("""COMPUTED_VALUE"""),4.0) -> 4 | N21: =IFERROR(__xludf.DUMMYFUNCTION("""COMPUTED_VALUE"""),2.0) -> 2 | Q21: =IFERROR(__xludf.DUMMYFUNCTION("""COMPUTED_VALUE"""),0.0) -> 0 | R21: =IFERROR(__xludf.DUMMYFUNCTION("""COMPUTED_VALUE"""),0.0) -> 0 | S21: =IFERROR(__xludf.DUMMYFUNCTION("""COMPUTED_VALUE"""),0.0) -> 0 | V21: =IFERROR(__xludf.DUMMYFUNCTION("""COMPUTED_VALUE"""),0.0) -> 0 | W21: =IFERROR(__xludf.DUMMYFUNCTION("""COMPUTED_VALUE"""),0.0) -> 0 | X21: =IFERROR(__xludf.DUMMYFUNCTION("""COMPUTED_VALUE"""),0.0) -> 0
B22: =IFERROR(__xludf.DUMMYFUNCTION("""COMPUTED_VALUE"""),0.0) -> 0 | C22: =IFERROR(__xludf.DUMMYFUNCTION("""COMPUTED_VALUE"""),0.0) -> 0 | D22: =IFERROR(__xludf.DUMMYFUNCTION("""COMPUTED_VALUE"""),0.0) -> 0 | F22: =IFERROR(__xludf.DUMMYFUNCTION("""COMPUTED_VALUE"""),"Talus") -> Talus | G22: =IFERROR(__xludf.DUMMYFUNCTION("""COMPUTED_VALUE"""),1.0) -> 1 | H22: =IFERROR(__xludf.DUMMYFUNCTION("""COMPUTED_VALUE"""),1.0) -> 1 | I22: =IFERROR(__xludf.DUMMYFUNCTION("""COMPUTED_VALUE"""),0.0) -> 0 | K22: =IFERROR(__xludf.DUMMYFUNCTION("""COMPUTED_VALUE"""),"Green Sichuan Pepper") -> Green Sichuan Pepper | L22: =IFERROR(__xludf.DUMMYFUNCTION("""COMPUTED_VALUE"""),0.15) -> 0.15 | M22: =IFERROR(__xludf.DUMMYFUNCTION("""COMPUTED_VALUE"""),0.15) -> 0.15 | N22: =IFERROR(__xludf.DUMMYFUNCTION("""COMPUTED_VALUE"""),0.0) -> 0 | Q22: =IFERROR(__xludf.DUMMYFUNCTION("""COMPUTED_VALUE"""),0.0) -> 0 | R22: =IFERROR(__xludf.DUMMYFUNCTION("""COMPUTED_VALUE"""),0.0) -> 0 | S22: =IFERROR(__xludf.DUMMYFUNCTION("""COMPUTED_VALUE"""),0.0) -> 0 | V22: =IFERROR(__xludf.DUMMYFUNCTION("""COMPUTED_VALUE"""),0.0) -> 0 | W22: =IFERROR(__xludf.DUMMYFUNCTION("""COMPUTED_VALUE"""),0.0) -> 0 | X22: =IFERROR(__xludf.DUMMYFUNCTION("""COMPUTED_VALUE"""),0.0) -> 0
B23: =IFERROR(__xludf.DUMMYFUNCTION("""COMPUTED_VALUE"""),0.0) -> 0 | C23: =IFERROR(__xludf.DUMMYFUNCTION("""COMPUTED_VALUE"""),0.0) -> 0 | D23: =IFERROR(__xludf.DUMMYFUNCTION("""COMPUTED_VALUE"""),0.0) -> 0 | F23: =IFERROR(__xludf.DUMMYFUNCTION("""COMPUTED_VALUE"""),"Pacific Jade") -> Pacific Jade | G23: =IFERROR(__xludf.DUMMYFUNCTION("""COMPUTED_VALUE"""),1.0) -> 1 | H23: =IFERROR(__xludf.DUMMYFUNCTION("""COMPUTED_VALUE"""),1.0) -> 1 | I23: =IFERROR(__xludf.DUMMYFUNCTION("""COMPUTED_VALUE"""),0.0) -> 0 | K23: =IFERROR(__xludf.DUMMYFUNCTION("""COMPUTED_VALUE"""),"groene thee") -> groene thee | L23: =IFERROR(__xludf.DUMMYFUNCTION("""COMPUTED_VALUE"""),0.5) -> 0.5 | M23: =IFERROR(__xludf.DUMMYFUNCTION("""COMPUTED_VALUE"""),0.5) -> 0.5 | N23: =IFERROR(__xludf.DUMMYFUNCTION("""COMPUTED_VALUE"""),0.0) -> 0 | Q23: =IFERROR(__xludf.DUMMYFUNCTION("""COMPUTED_VALUE"""),0.0) -> 0 | R23: =IFERROR(__xludf.DUMMYFUNCTION("""COMPUTED_VALUE"""),0.0) -> 0 | S23: =IFERROR(__xludf.DUMMYFUNCTION("""COMPUTED_VALUE"""),0.0) -> 0 | V23: =IFERROR(__xludf.DUMMYFUNCTION("""COMPUTED_VALUE"""),0.0) -> 0 | W23: =IFERROR(__xludf.DUMMYFUNCTION("""COMPUTED_VALUE"""),0.0) -> 0 | X23: =IFERROR(__xludf.DUMMYFUNCTION("""COMPUTED_VALUE"""),0.0) -> 0
B24: =IFERROR(__xludf.DUMMYFUNCTION("""COMPUTED_VALUE"""),0.0) -> 0 | C24: =IFERROR(__xludf.DUMMYFUNCTION("""COMPUTED_VALUE"""),0.0) -> 0 | D24: =IFERROR(__xludf.DUMMYFUNCTION("""COMPUTED_VALUE"""),0.0) -> 0 | F24: =IFERROR(__xludf.DUMMYFUNCTION("""COMPUTED_VALUE"""),"Tuinhop") -> Tuinhop | G24: =IFERROR(__xludf.DUMMYFUNCTION("""COMPUTED_VALUE"""),4.0) -> 4 | H24: =IFERROR(__xludf.DUMMYFUNCTION("""COMPUTED_VALUE"""),4.0) -> 4 | I24: =IFERROR(__xludf.DUMMYFUNCTION("""COMPUTED_VALUE"""),0.0) -> 0 | K24: =IFERROR(__xludf.DUMMYFUNCTION("""COMPUTED_VALUE"""),"jasmijn") -> jasmijn | L24: =IFERROR(__xludf.DUMMYFUNCTION("""COMPUTED_VALUE"""),0.2) -> 0.2 | M24: =IFERROR(__xludf.DUMMYFUNCTION("""COMPUTED_VALUE"""),0.2) -> 0.2 | N24: =IFERROR(__xludf.DUMMYFUNCTION("""COMPUTED_VALUE"""),0.0) -> 0 | Q24: =IFERROR(__xludf.DUMMYFUNCTION("""COMPUTED_VALUE"""),0.0) -> 0 | R24: =IFERROR(__xludf.DUMMYFUNCTION("""COMPUTED_VALUE"""),0.0) -> 0 | S24: =IFERROR(__xludf.DUMMYFUNCTION("""COMPUTED_VALUE"""),0.0) -> 0 | V24: =IFERROR(__xludf.DUMMYFUNCTION("""COMPUTED_VALUE"""),0.0) -> 0 | W24: =IFERROR(__xludf.DUMMYFUNCTION("""COMPUTED_VALUE"""),0.0) -> 0 | X24: =IFERROR(__xludf.DUMMYFUNCTION("""COMPUTED_VALUE"""),0.0) -> 0
B25: =IFERROR(__xludf.DUMMYFUNCTION("""COMPUTED_VALUE"""),0.0) -> 0 | C25: =IFERROR(__xludf.DUMMYFUNCTION("""COMPUTED_VALUE"""),0.0) -> 0 | D25: =IFERROR(__xludf.DUMMYFUNCTION("""COMPUTED_VALUE"""),0.0) -> 0 | F25: =IFERROR(__xludf.DUMMYFUNCTION("""COMPUTED_VALUE"""),"Ariana") -> Ariana | G25: =IFERROR(__xludf.DUMMYFUNCTION("""COMPUTED_VALUE"""),1.0) -> 1 | H25: =IFERROR(__xludf.DUMMYFUNCTION("""COMPUTED_VALUE"""),1.0) -> 1 | I25: =IFERROR(__xludf.DUMMYFUNCTION("""COMPUTED_VALUE"""),0.0) -> 0 | K25: =IFERROR(__xludf.DUMMYFUNCTION("""COMPUTED_VALUE"""),"Kamillebloemen") -> Kamillebloemen | L25: =IFERROR(__xludf.DUMMYFUNCTION("""COMPUTED_VALUE"""),0.0) -> 0 | M25: =IFERROR(__xludf.DUMMYFUNCTION("""COMPUTED_VALUE"""),0.0) -> 0 | N25: =IFERROR(__xludf.DUMMYFUNCTION("""COMPUTED_VALUE"""),0.0) -> 0 | Q25: =IFERROR(__xludf.DUMMYFUNCTION("""COMPUTED_VALUE"""),0.0) -> 0 | R25: =IFERROR(__xludf.DUMMYFUNCTION("""COMPUTED_VALUE"""),0.0) -> 0 | S25: =IFERROR(__xludf.DUMMYFUNCTION("""COMPUTED_VALUE"""),0.0) -> 0 | V25: =IFERROR(__xludf.DUMMYFUNCTION("""COMPUTED_VALUE"""),0.0) -> 0 | W25: =IFERROR(__xludf.DUMMYFUNCTION("""COMPUTED_VALUE"""),0.0) -> 0 | X25: =IFERROR(__xludf.DUMMYFUNCTION("""COMPUTED_VALUE"""),0.0) -> 0
B26: =IFERROR(__xludf.DUMMYFUNCTION("""COMPUTED_VALUE"""),0.0) -> 0 | C26: =IFERROR(__xludf.DUMMYFUNCTION("""COMPUTED_VALUE"""),0.0) -> 0 | D26: =IFERROR(__xludf.DUMMYFUNCTION("""COMPUTED_VALUE"""),0.0) -> 0 | F26: =IFERROR(__xludf.DUMMYFUNCTION("""COMPUTED_VALUE"""),"Tango") -> Tango | G26: =IFERROR(__xludf.DUMMYFUNCTION("""COMPUTED_VALUE"""),1.0) -> 1 | H26: =IFERROR(__xludf.DUMMYFUNCTION("""COMPUTED_VALUE"""),1.0) -> 1 | I26: =IFERROR(__xludf.DUMMYFUNCTION("""COMPUTED_VALUE"""),0.0) -> 0 | K26: =IFERROR(__xludf.DUMMYFUNCTION("""COMPUTED_VALUE"""),"Bloedappelsiensap") -> Bloedappelsiensap | L26: =IFERROR(__xludf.DUMMYFUNCTION("""COMPUTED_VALUE"""),12.0) -> 12 | M26: =IFERROR(__xludf.DUMMYFUNCTION("""COMPUTED_VALUE"""),12.0) -> 12 | N26: =IFERROR(__xludf.DUMMYFUNCTION("""COMPUTED_VALUE"""),0.0) -> 0 | Q26: =IFERROR(__xludf.DUMMYFUNCTION("""COMPUTED_VALUE"""),0.0) -> 0 | R26: =IFERROR(__xludf.DUMMYFUNCTION("""COMPUTED_VALUE"""),0.0) -> 0 | S26: =IFERROR(__xludf.DUMMYFUNCTION("""COMPUTED_VALUE"""),0.0) -> 0 | V26: =IFERROR(__xludf.DUMMYFUNCTION("""COMPUTED_VALUE"""),0.0) -> 0 | W26: =IFERROR(__xludf.DUMMYFUNCTION("""COMPUTED_VALUE"""),0.0) -> 0 | X26: =IFERROR(__xludf.DUMMYFUNCTION("""COMPUTED_VALUE"""),0.0) -> 0
B27: =IFERROR(__xludf.DUMMYFUNCTION("""COMPUTED_VALUE"""),0.0) -> 0 | C27: =IFERROR(__xludf.DUMMYFUNCTION("""COMPUTED_VALUE"""),0.0) -> 0 | D27: =IFERROR(__xludf.DUMMYFUNCTION("""COMPUTED_VALUE"""),0.0) -> 0 | G27: =IFERROR(__xludf.DUMMYFUNCTION("""COMPUTED_VALUE"""),0.0) -> 0 | H27: =IFERROR(__xludf.DUMMYFUNCTION("""COMPUTED_VALUE"""),0.0) -> 0 | I27: =IFERROR(__xludf.DUMMYFUNCTION("""COMPUTED_VALUE"""),0.0) -> 0 | K27: =IFERROR(__xludf.DUMMYFUNCTION("""COMPUTED_VALUE"""),"Bloedappelsienen") -> Bloedappelsienen | L27: =IFERROR(__xludf.DUMMYFUNCTION("""COMPUTED_VALUE"""),12.0) -> 12 | M27: =IFERROR(__xludf.DUMMYFUNCTION("""COMPUTED_VALUE"""),12.0) -> 12 | N27: =IFERROR(__xludf.DUMMYFUNCTION("""COMPUTED_VALUE"""),0.0) -> 0 | Q27: =IFERROR(__xludf.DUMMYFUNCTION("""COMPUTED_VALUE"""),0.0) -> 0 | R27: =IFERROR(__xludf.DUMMYFUNCTION("""COMPUTED_VALUE"""),0.0) -> 0 | S27: =IFERROR(__xludf.DUMMYFUNCTION("""COMPUTED_VALUE"""),0.0) -> 0 | V27: =IFERROR(__xludf.DUMMYFUNCTION("""COMPUTED_VALUE"""),0.0) -> 0 | W27: =IFERROR(__xludf.DUMMYFUNCTION("""COMPUTED_VALUE"""),0.0) -> 0 | X27: =IFERROR(__xludf.DUMMYFUNCTION("""COMPUTED_VALUE"""),0.0) -> 0
B28: =IFERROR(__xludf.DUMMYFUNCTION("""COMPUTED_VALUE"""),0.0) -> 0 | C28: =IFERROR(__xludf.DUMMYFUNCTION("""COMPUTED_VALUE"""),0.0) -> 0 | D28: =IFERROR(__xludf.DUMMYFUNCTION("""COMPUTED_VALUE"""),0.0) -> 0 | G28: =IFERROR(__xludf.DUMMYFUNCTION("""COMPUTED_VALUE"""),0.0) -> 0 | H28: =IFERROR(__xludf.DUMMYFUNCTION("""COMPUTED_VALUE"""),0.0) -> 0 | I28: =IFERROR(__xludf.DUMMYFUNCTION("""COMPUTED_VALUE"""),0.0) -> 0 | K28: =IFERROR(__xludf.DUMMYFUNCTION("""COMPUTED_VALUE"""),"koffie") -> koffie | L28: =IFERROR(__xludf.DUMMYFUNCTION("""COMPUTED_VALUE"""),1.0) -> 1 | M28: =IFERROR(__xludf.DUMMYFUNCTION("""COMPUTED_VALUE"""),1.0) -> 1 | N28: =IFERROR(__xludf.DUMMYFUNCTION("""COMPUTED_VALUE"""),0.0) -> 0 | Q28: =IFERROR(__xludf.DUMMYFUNCTION("""COMPUTED_VALUE"""),0.0) -> 0 | R28: =IFERROR(__xludf.DUMMYFUNCTION("""COMPUTED_VALUE"""),0.0) -> 0 | S28: =IFERROR(__xludf.DUMMYFUNCTION("""COMPUTED_VALUE"""),0.0) -> 0 | V28: =IFERROR(__xludf.DUMMYFUNCTION("""COMPUTED_VALUE"""),0.0) -> 0 | W28: =IFERROR(__xludf.DUMMYFUNCTION("""COMPUTED_VALUE"""),0.0) -> 0 | X28: =IFERROR(__xludf.DUMMYFUNCTION("""COMPUTED_VALUE"""),0.0) -> 0
B29: =IFERROR(__xludf.DUMMYFUNCTION("""COMPUTED_VALUE"""),0.0) -> 0 | C29: =IFERROR(__xludf.DUMMYFUNCTION("""COMPUTED_VALUE"""),0.0) -> 0 | D29: =IFERROR(__xludf.DUMMYFUNCTION("""COMPUTED_VALUE"""),0.0) -> 0 | G29: =IFERROR(__xludf.DUMMYFUNCTION("""COMPUTED_VALUE"""),0.0) -> 0 | H29: =IFERROR(__xludf.DUMMYFUNCTION("""COMPUTED_VALUE"""),0.0) -> 0 | I29: =IFERROR(__xludf.DUMMYFUNCTION("""COMPUTED_VALUE"""),0.0) -> 0 | K29: =IFERROR(__xludf.DUMMYFUNCTION("""COMPUTED_VALUE"""),"vanille") -> vanille | L29: =IFERROR(__xludf.DUMMYFUNCTION("""COMPUTED_VALUE"""),0.048) -> 0.048 | M29: =IFERROR(__xludf.DUMMYFUNCTION("""COMPUTED_VALUE"""),0.048) -> 0.048 | N29: =IFERROR(__xludf.DUMMYFUNCTION("""COMPUTED_VALUE"""),0.0) -> 0 | Q29: =IFERROR(__xludf.DUMMYFUNCTION("""COMPUTED_VALUE"""),0.0) -> 0 | R29: =IFERROR(__xludf.DUMMYFUNCTION("""COMPUTED_VALUE"""),0.0) -> 0 | S29: =IFERROR(__xludf.DUMMYFUNCTION("""COMPUTED_VALUE"""),0.0) -> 0 | V29: =IFERROR(__xludf.DUMMYFUNCTION("""COMPUTED_VALUE"""),0.0) -> 0 | W29: =IFERROR(__xludf.DUMMYFUNCTION("""COMPUTED_VALUE"""),0.0) -> 0 | X29: =IFERROR(__xludf.DUMMYFUNCTION("""COMPUTED_VALUE"""),0.0) -> 0
B30: =IFERROR(__xludf.DUMMYFUNCTION("""COMPUTED_VALUE"""),0.0) -> 0 | C30: =IFERROR(__xludf.DUMMYFUNCTION("""COMPUTED_VALUE"""),0.0) -> 0 | D30: =IFERROR(__xludf.DUMMYFUNCTION("""COMPUTED_VALUE"""),0.0) -> 0 | G30: =IFERROR(__xludf.DUMMYFUNCTION("""COMPUTED_VALUE"""),0.0) -> 0 | H30: =IFERROR(__xludf.DUMMYFUNCTION("""COMPUTED_VALUE"""),0.0) -> 0 | I30: =IFERROR(__xludf.DUMMYFUNCTION("""COMPUTED_VALUE"""),0.0) -> 0 | K30: =IFERROR(__xludf.DUMMYFUNCTION("""COMPUTED_VALUE"""),"appelsap") -> appelsap | L30: =IFERROR(__xludf.DUMMYFUNCTION("""COMPUTED_VALUE"""),180.0) -> 180 | M30: =IFERROR(__xludf.DUMMYFUNCTION("""COMPUTED_VALUE"""),180.0) -> 180 | N30: =IFERROR(__xludf.DUMMYFUNCTION("""COMPUTED_VALUE"""),0.0) -> 0 | Q30: =IFERROR(__xludf.DUMMYFUNCTION("""COMPUTED_VALUE"""),0.0) -> 0 | R30: =IFERROR(__xludf.DUMMYFUNCTION("""COMPUTED_VALUE"""),0.0) -> 0 | S30: =IFERROR(__xludf.DUMMYFUNCTION("""COMPUTED_VALUE"""),0.0) -> 0 | V30: =IFERROR(__xludf.DUMMYFUNCTION("""COMPUTED_VALUE"""),0.0) -> 0 | W30: =IFERROR(__xludf.DUMMYFUNCTION("""COMPUTED_VALUE"""),0.0) -> 0 | X30: =IFERROR(__xludf.DUMMYFUNCTION("""COMPUTED_VALUE"""),0.0) -> 0
B31: =IFERROR(__xludf.DUMMYFUNCTION("""COMPUTED_VALUE"""),0.0) -> 0 | C31: =IFERROR(__xludf.DUMMYFUNCTION("""COMPUTED_VALUE"""),0.0) -> 0 | D31: =IFERROR(__xludf.DUMMYFUNCTION("""COMPUTED_VALUE"""),0.0) -> 0 | G31: =IFERROR(__xludf.DUMMYFUNCTION("""COMPUTED_VALUE"""),0.0) -> 0 | H31: =IFERROR(__xludf.DUMMYFUNCTION("""COMPUTED_VALUE"""),0.0) -> 0 | I31: =IFERROR(__xludf.DUMMYFUNCTION("""COMPUTED_VALUE"""),0.0) -> 0 | K31: =IFERROR(__xludf.DUMMYFUNCTION("""COMPUTED_VALUE"""),"Gember") -> Gember | L31: =IFERROR(__xludf.DUMMYFUNCTION("""COMPUTED_VALUE"""),2.36) -> 2.36 | M31: =IFERROR(__xludf.DUMMYFUNCTION("""COMPUTED_VALUE"""),2.36) -> 2.36 | N31: =IFERROR(__xludf.DUMMYFUNCTION("""COMPUTED_VALUE"""),0.0) -> 0 | Q31: =IFERROR(__xludf.DUMMYFUNCTION("""COMPUTED_VALUE"""),0.0) -> 0 | R31: =IFERROR(__xludf.DUMMYFUNCTION("""COMPUTED_VALUE"""),0.0) -> 0 | S31: =IFERROR(__xludf.DUMMYFUNCTION("""COMPUTED_VALUE"""),0.0) -> 0 | V31: =IFERROR(__xludf.DUMMYFUNCTION("""COMPUTED_VALUE"""),0.0) -> 0 | W31: =IFERROR(__xludf.DUMMYFUNCTION("""COMPUTED_VALUE"""),0.0) -> 0 | X31: =IFERROR(__xludf.DUMMYFUNCTION("""COMPUTED_VALUE"""),0.0) -> 0
B32: =IFERROR(__xludf.DUMMYFUNCTION("""COMPUTED_VALUE"""),0.0) -> 0 | C32: =IFERROR(__xludf.DUMMYFUNCTION("""COMPUTED_VALUE"""),0.0) -> 0 | D32: =IFERROR(__xludf.DUMMYFUNCTION("""COMPUTED_VALUE"""),0.0) -> 0 | G32: =IFERROR(__xludf.DUMMYFUNCTION("""COMPUTED_VALUE"""),0.0) -> 0 | H32: =IFERROR(__xludf.DUMMYFUNCTION("""COMPUTED_VALUE"""),0.0) -> 0 | I32: =IFERROR(__xludf.DUMMYFUNCTION("""COMPUTED_VALUE"""),0.0) -> 0 | K32: =IFERROR(__xludf.DUMMYFUNCTION("""COMPUTED_VALUE"""),"Citroengras") -> Citroengras | L32: =IFERROR(__xludf.DUMMYFUNCTION("""COMPUTED_VALUE"""),0.84) -> 0.84 | M32: =IFERROR(__xludf.DUMMYFUNCTION("""COMPUTED_VALUE"""),0.84) -> 0.84 | N32: =IFERROR(__xludf.DUMMYFUNCTION("""COMPUTED_VALUE"""),0.0) -> 0 | Q32: =IFERROR(__xludf.DUMMYFUNCTION("""COMPUTED_VALUE"""),0.0) -> 0 | R32: =IFERROR(__xludf.DUMMYFUNCTION("""COMPUTED_VALUE"""),0.0) -> 0 | S32: =IFERROR(__xludf.DUMMYFUNCTION("""COMPUTED_VALUE"""),0.0) -> 0 | V32: =IFERROR(__xludf.DUMMYFUNCTION("""COMPUTED_VALUE"""),0.0) -> 0 | W32: =IFERROR(__xludf.DUMMYFUNCTION("""COMPUTED_VALUE"""),0.0) -> 0 | X32: =IFERROR(__xludf.DUMMYFUNCTION("""COMPUTED_VALUE"""),0.0) -> 0
B33: =IFERROR(__xludf.DUMMYFUNCTION("""COMPUTED_VALUE"""),0.0) -> 0 | C33: =IFERROR(__xludf.DUMMYFUNCTION("""COMPUTED_VALUE"""),0.0) -> 0 | D33: =IFERROR(__xludf.DUMMYFUNCTION("""COMPUTED_VALUE"""),0.0) -> 0 | G33: =IFERROR(__xludf.DUMMYFUNCTION("""COMPUTED_VALUE"""),0.0) -> 0 | H33: =IFERROR(__xludf.DUMMYFUNCTION("""COMPUTED_VALUE"""),0.0) -> 0 | I33: =IFERROR(__xludf.DUMMYFUNCTION("""COMPUTED_VALUE"""),0.0) -> 0 | K33: =IFERROR(__xludf.DUMMYFUNCTION("""COMPUTED_VALUE"""),"kokosnoot") -> kokosnoot | L33: =IFERROR(__xludf.DUMMYFUNCTION("""COMPUTED_VALUE"""),4.0) -> 4 | M33: =IFERROR(__xludf.DUMMYFUNCTION("""COMPUTED_VALUE"""),4.0) -> 4 | N33: =IFERROR(__xludf.DUMMYFUNCTION("""COMPUTED_VALUE"""),0.0) -> 0 | Q33: =IFERROR(__xludf.DUMMYFUNCTION("""COMPUTED_VALUE"""),0.0) -> 0 | R33: =IFERROR(__xludf.DUMMYFUNCTION("""COMPUTED_VALUE"""),0.0) -> 0 | S33: =IFERROR(__xludf.DUMMYFUNCTION("""COMPUTED_VALUE"""),0.0) -> 0 | V33: =IFERROR(__xludf.DUMMYFUNCTION("""COMPUTED_VALUE"""),0.0) -> 0 | W33: =IFERROR(__xludf.DUMMYFUNCTION("""COMPUTED_VALUE"""),0.0) -> 0 | X33: =IFERROR(__xludf.DUMMYFUNCTION("""COMPUTED_VALUE"""),0.0) -> 0
B34: =IFERROR(__xludf.DUMMYFUNCTION("""COMPUTED_VALUE"""),0.0) -> 0 | C34: =IFERROR(__xludf.DUMMYFUNCTION("""COMPUTED_VALUE"""),0.0) -> 0 | D34: =IFERROR(__xludf.DUMMYFUNCTION("""COMPUTED_VALUE"""),0.0) -> 0 | G34: =IFERROR(__xludf.DUMMYFUNCTION("""COMPUTED_VALUE"""),0.0) -> 0 | H34: =IFERROR(__xludf.DUMMYFUNCTION("""COMPUTED_VALUE"""),0.0) -> 0 | I34: =IFERROR(__xludf.DUMMYFUNCTION("""COMPUTED_VALUE"""),0.0) -> 0 | K34: =IFERROR(__xludf.DUMMYFUNCTION("""COMPUTED_VALUE"""),"abrikoos") -> abrikoos | L34: =IFERROR(__xludf.DUMMYFUNCTION("""COMPUTED_VALUE"""),40.0) -> 40 | M34: =IFERROR(__xludf.DUMMYFUNCTION("""COMPUTED_VALUE"""),40.0) -> 40 | N34: =IFERROR(__xludf.DUMMYFUNCTION("""COMPUTED_VALUE"""),0.0) -> 0 | Q34: =IFERROR(__xludf.DUMMYFUNCTION("""COMPUTED_VALUE"""),0.0) -> 0 | R34: =IFERROR(__xludf.DUMMYFUNCTION("""COMPUTED_VALUE"""),0.0) -> 0 | S34: =IFERROR(__xludf.DUMMYFUNCTION("""COMPUTED_VALUE"""),0.0) -> 0 | V34: =IFERROR(__xludf.DUMMYFUNCTION("""COMPUTED_VALUE"""),0.0) -> 0 | W34: =IFERROR(__xludf.DUMMYFUNCTION("""COMPUTED_VALUE"""),0.0) -> 0 | X34: =IFERROR(__xludf.DUMMYFUNCTION("""COMPUTED_VALUE"""),0.0) -> 0
B35: =IFERROR(__xludf.DUMMYFUNCTION("""COMPUTED_VALUE"""),0.0) -> 0 | C35: =IFERROR(__xludf.DUMMYFUNCTION("""COMPUTED_VALUE"""),0.0) -> 0 | D35: =IFERROR(__xludf.DUMMYFUNCTION("""COMPUTED_VALUE"""),0.0) -> 0 | G35: =IFERROR(__xludf.DUMMYFUNCTION("""COMPUTED_VALUE"""),0.0) -> 0 | H35: =IFERROR(__xludf.DUMMYFUNCTION("""COMPUTED_VALUE"""),0.0) -> 0 | I35: =IFERROR(__xludf.DUMMYFUNCTION("""COMPUTED_VALUE"""),0.0) -> 0 | K35: =IFERROR(__xludf.DUMMYFUNCTION("""COMPUTED_VALUE"""),"citroen ") -> citroen | L35: =IFERROR(__xludf.DUMMYFUNCTION("""COMPUTED_VALUE"""),18.7) -> 18.7 | M35: =IFERROR(__xludf.DUMMYFUNCTION("""COMPUTED_VALUE"""),18.7) -> 18.7 | N35: =IFERROR(__xludf.DUMMYFUNCTION("""COMPUTED_VALUE"""),0.0) -> 0 | Q35: =IFERROR(__xludf.DUMMYFUNCTION("""COMPUTED_VALUE"""),0.0) -> 0 | R35: =IFERROR(__xludf.DUMMYFUNCTION("""COMPUTED_VALUE"""),0.0) -> 0 | S35: =IFERROR(__xludf.DUMMYFUNCTION("""COMPUTED_VALUE"""),0.0) -> 0 | V35: =IFERROR(__xludf.DUMMYFUNCTION("""COMPUTED_VALUE"""),0.0) -> 0 | W35: =IFERROR(__xludf.DUMMYFUNCTION("""COMPUTED_VALUE"""),0.0) -> 0 | X35: =IFERROR(__xludf.DUMMYFUNCTION("""COMPUTED_VALUE"""),0.0) -> 0
B36: =IFERROR(__xludf.DUMMYFUNCTION("""COMPUTED_VALUE"""),0.0) -> 0 | C36: =IFERROR(__xludf.DUMMYFUNCTION("""COMPUTED_VALUE"""),0.0) -> 0 | D36: =IFERROR(__xludf.DUMMYFUNCTION("""COMPUTED_VALUE"""),0.0) -> 0 | G36: =IFERROR(__xludf.DUMMYFUNCTION("""COMPUTED_VALUE"""),0.0) -> 0 | H36: =IFERROR(__xludf.DUMMYFUNCTION("""COMPUTED_VALUE"""),0.0) -> 0 | I36: =IFERROR(__xludf.DUMMYFUNCTION("""COMPUTED_VALUE"""),0.0) -> 0 | K36: =IFERROR(__xludf.DUMMYFUNCTION("""COMPUTED_VALUE"""),"aardbei") -> aardbei | L36: =IFERROR(__xludf.DUMMYFUNCTION("""COMPUTED_VALUE"""),50.0) -> 50 | M36: =IFERROR(__xludf.DUMMYFUNCTION("""COMPUTED_VALUE"""),50.0) -> 50 | N36: =IFERROR(__xludf.DUMMYFUNCTION("""COMPUTED_VALUE"""),0.0) -> 0 | Q36: =IFERROR(__xludf.DUMMYFUNCTION("""COMPUTED_VALUE"""),0.0) -> 0 | R36: =IFERROR(__xludf.DUMMYFUNCTION("""COMPUTED_VALUE"""),0.0) -> 0 | S36: =IFERROR(__xludf.DUMMYFUNCTION("""COMPUTED_VALUE"""),0.0) -> 0 | V36: =IFERROR(__xludf.DUMMYFUNCTION("""COMPUTED_VALUE"""),0.0) -> 0 | W36: =IFERROR(__xludf.DUMMYFUNCTION("""COMPUTED_VALUE"""),0.0) -> 0 | X36: =IFERROR(__xludf.DUMMYFUNCTION("""COMPUTED_VALUE"""),0.0) -> 0
B37: =IFERROR(__xludf.DUMMYFUNCTION("""COMPUTED_VALUE"""),0.0) -> 0 | C37: =IFERROR(__xludf.DUMMYFUNCTION("""COMPUTED_VALUE"""),0.0) -> 0 | D37: =IFERROR(__xludf.DUMMYFUNCTION("""COMPUTED_VALUE"""),0.0) -> 0 | G37: =IFERROR(__xludf.DUMMYFUNCTION("""COMPUTED_VALUE"""),0.0) -> 0 | H37: =IFERROR(__xludf.DUMMYFUNCTION("""COMPUTED_VALUE"""),0.0) -> 0 | I37: =IFERROR(__xludf.DUMMYFUNCTION("""COMPUTED_VALUE"""),0.0) -> 0 | K37: =IFERROR(__xludf.DUMMYFUNCTION("""COMPUTED_VALUE"""),"hotsauce") -> hotsauce | L37: =IFERROR(__xludf.DUMMYFUNCTION("""COMPUTED_VALUE"""),1.0) -> 1 | M37: =IFERROR(__xludf.DUMMYFUNCTION("""COMPUTED_VALUE"""),1.0) -> 1 | N37: =IFERROR(__xludf.DUMMYFUNCTION("""COMPUTED_VALUE"""),0.0) -> 0 | Q37: =IFERROR(__xludf.DUMMYFUNCTION("""COMPUTED_VALUE"""),0.0) -> 0 | R37: =IFERROR(__xludf.DUMMYFUNCTION("""COMPUTED_VALUE"""),0.0) -> 0 | S37: =IFERROR(__xludf.DUMMYFUNCTION("""COMPUTED_VALUE"""),0.0) -> 0 | V37: =IFERROR(__xludf.DUMMYFUNCTION("""COMPUTED_VALUE"""),0.0) -> 0 | W37: =IFERROR(__xludf.DUMMYFUNCTION("""COMPUTED_VALUE"""),0.0) -> 0 | X37: =IFERROR(__xludf.DUMMYFUNCTION("""COMPUTED_VALUE"""),0.0) -> 0
B38: =IFERROR(__xludf.DUMMYFUNCTION("""COMPUTED_VALUE"""),0.0) -> 0 | C38: =IFERROR(__xludf.DUMMYFUNCTION("""COMPUTED_VALUE"""),0.0) -> 0 | D38: =IFERROR(__xludf.DUMMYFUNCTION("""COMPUTED_VALUE"""),0.0) -> 0 | G38: =IFERROR(__xludf.DUMMYFUNCTION("""COMPUTED_VALUE"""),0.0) -> 0 | H38: =IFERROR(__xludf.DUMMYFUNCTION("""COMPUTED_VALUE"""),0.0) -> 0 | I38: =IFERROR(__xludf.DUMMYFUNCTION("""COMPUTED_VALUE"""),0.0) -> 0 | K38: =IFERROR(__xludf.DUMMYFUNCTION("""COMPUTED_VALUE"""),"#REF!") -> #REF! | L38: =IFERROR(__xludf.DUMMYFUNCTION("""COMPUTED_VALUE"""),0.0) -> 0 | M38: =IFERROR(__xludf.DUMMYFUNCTION("""COMPUTED_VALUE"""),0.0) -> 0 | N38: =IFERROR(__xludf.DUMMYFUNCTION("""COMPUTED_VALUE"""),0.0) -> 0 | Q38: =IFERROR(__xludf.DUMMYFUNCTION("""COMPUTED_VALUE"""),0.0) -> 0 | R38: =IFERROR(__xludf.DUMMYFUNCTION("""COMPUTED_VALUE"""),0.0) -> 0 | S38: =IFERROR(__xludf.DUMMYFUNCTION("""COMPUTED_VALUE"""),0.0) -> 0 | V38: =IFERROR(__xludf.DUMMYFUNCTION("""COMPUTED_VALUE"""),0.0) -> 0 | W38: =IFERROR(__xludf.DUMMYFUNCTION("""COMPUTED_VALUE"""),0.0) -> 0 | X38: =IFERROR(__xludf.DUMMYFUNCTION("""COMPUTED_VALUE"""),0.0) -> 0
B39: =IFERROR(__xludf.DUMMYFUNCTION("""COMPUTED_VALUE"""),0.0) -> 0 | C39: =IFERROR(__xludf.DUMMYFUNCTION("""COMPUTED_VALUE"""),0.0) -> 0 | D39: =IFERROR(__xludf.DUMMYFUNCTION("""COMPUTED_VALUE"""),0.0) -> 0 | G39: =IFERROR(__xludf.DUMMYFUNCTION("""COMPUTED_VALUE"""),0.0) -> 0 | H39: =IFERROR(__xludf.DUMMYFUNCTION("""COMPUTED_VALUE"""),0.0) -> 0 | I39: =IFERROR(__xludf.DUMMYFUNCTION("""COMPUTED_VALUE"""),0.0) -> 0 | K39: =IFERROR(__xludf.DUMMYFUNCTION("""COMPUTED_VALUE"""),"#REF!") -> #REF! | L39: =IFERROR(__xludf.DUMMYFUNCTION("""COMPUTED_VALUE"""),0.0) -> 0 | M39: =IFERROR(__xludf.DUMMYFUNCTION("""COMPUTED_VALUE"""),0.0) -> 0 | N39: =IFERROR(__xludf.DUMMYFUNCTION("""COMPUTED_VALUE"""),0.0) -> 0 | Q39: =IFERROR(__xludf.DUMMYFUNCTION("""COMPUTED_VALUE"""),0.0) -> 0 | R39: =IFERROR(__xludf.DUMMYFUNCTION("""COMPUTED_VALUE"""),0.0) -> 0 | S39: =IFERROR(__xludf.DUMMYFUNCTION("""COMPUTED_VALUE"""),0.0) -> 0 | V39: =IFERROR(__xludf.DUMMYFUNCTION("""COMPUTED_VALUE"""),0.0) -> 0 | W39: =IFERROR(__xludf.DUMMYFUNCTION("""COMPUTED_VALUE"""),0.0) -> 0 | X39: =IFERROR(__xludf.DUMMYFUNCTION("""COMPUTED_VALUE"""),0.0) -> 0
B40: =IFERROR(__xludf.DUMMYFUNCTION("""COMPUTED_VALUE"""),0.0) -> 0 | C40: =IFERROR(__xludf.DUMMYFUNCTION("""COMPUTED_VALUE"""),0.0) -> 0 | D40: =IFERROR(__xludf.DUMMYFUNCTION("""COMPUTED_VALUE"""),0.0) -> 0 | G40: =IFERROR(__xludf.DUMMYFUNCTION("""COMPUTED_VALUE"""),0.0) -> 0 | H40: =IFERROR(__xludf.DUMMYFUNCTION("""COMPUTED_VALUE"""),0.0) -> 0 | I40: =IFERROR(__xludf.DUMMYFUNCTION("""COMPUTED_VALUE"""),0.0) -> 0 | K40: =IFERROR(__xludf.DUMMYFUNCTION("""COMPUTED_VALUE"""),"#REF!") -> #REF! | L40: =IFERROR(__xludf.DUMMYFUNCTION("""COMPUTED_VALUE"""),0.0) -> 0 | M40: =IFERROR(__xludf.DUMMYFUNCTION("""COMPUTED_VALUE"""),0.0) -> 0 | N40: =IFERROR(__xludf.DUMMYFUNCTION("""COMPUTED_VALUE"""),0.0) -> 0 | Q40: =IFERROR(__xludf.DUMMYFUNCTION("""COMPUTED_VALUE"""),0.0) -> 0 | R40: =IFERROR(__xludf.DUMMYFUNCTION("""COMPUTED_VALUE"""),0.0) -> 0 | S40: =IFERROR(__xludf.DUMMYFUNCTION("""COMPUTED_VALUE"""),0.0) -> 0 | V40: =IFERROR(__xludf.DUMMYFUNCTION("""COMPUTED_VALUE"""),0.0) -> 0 | W40: =IFERROR(__xludf.DUMMYFUNCTION("""COMPUTED_VALUE"""),0.0) -> 0 | X40: =IFERROR(__xludf.DUMMYFUNCTION("""COMPUTED_VALUE"""),0.0) -> 0
B41: =IFERROR(__xludf.DUMMYFUNCTION("""COMPUTED_VALUE"""),0.0) -> 0 | C41: =IFERROR(__xludf.DUMMYFUNCTION("""COMPUTED_VALUE"""),0.0) -> 0 | D41: =IFERROR(__xludf.DUMMYFUNCTION("""COMPUTED_VALUE"""),0.0) -> 0 | G41: =IFERROR(__xludf.DUMMYFUNCTION("""COMPUTED_VALUE"""),0.0) -> 0 | H41: =IFERROR(__xludf.DUMMYFUNCTION("""COMPUTED_VALUE"""),0.0) -> 0 | I41: =IFERROR(__xludf.DUMMYFUNCTION("""COMPUTED_VALUE"""),0.0) -> 0 | K41: =IFERROR(__xludf.DUMMYFUNCTION("""COMPUTED_VALUE"""),"Pardijszaad") -> Pardijszaad | L41: =IFERROR(__xludf.DUMMYFUNCTION("""COMPUTED_VALUE"""),0.075) -> 0.075 | M41: =IFERROR(__xludf.DUMMYFUNCTION("""COMPUTED_VALUE"""),0.0) -> 0 | N41: =IFERROR(__xludf.DUMMYFUNCTION("""COMPUTED_VALUE"""),0.075) -> 0.075 | Q41: =IFERROR(__xludf.DUMMYFUNCTION("""COMPUTED_VALUE"""),0.0) -> 0 | R41: =IFERROR(__xludf.DUMMYFUNCTION("""COMPUTED_VALUE"""),0.0) -> 0 | S41: =IFERROR(__xludf.DUMMYFUNCTION("""COMPUTED_VALUE"""),0.0) -> 0 | V41: =IFERROR(__xludf.DUMMYFUNCTION("""COMPUTED_VALUE"""),0.0) -> 0 | W41: =IFERROR(__xludf.DUMMYFUNCTION("""COMPUTED_VALUE"""),0.0) -> 0 | X41: =IFERROR(__xludf.DUMMYFUNCTION("""COMPUTED_VALUE"""),0.0) -> 0
B42: =IFERROR(__xludf.DUMMYFUNCTION("""COMPUTED_VALUE"""),0.0) -> 0 | C42: =IFERROR(__xludf.DUMMYFUNCTION("""COMPUTED_VALUE"""),0.0) -> 0 | D42: =IFERROR(__xludf.DUMMYFUNCTION("""COMPUTED_VALUE"""),0.0) -> 0 | G42: =IFERROR(__xludf.DUMMYFUNCTION("""COMPUTED_VALUE"""),0.0) -> 0 | H42: =IFERROR(__xludf.DUMMYFUNCTION("""COMPUTED_VALUE"""),0.0) -> 0 | I42: =IFERROR(__xludf.DUMMYFUNCTION("""COMPUTED_VALUE"""),0.0) -> 0 | K42: =IFERROR(__xludf.DUMMYFUNCTION("""COMPUTED_VALUE"""),"Timut peper") -> Timut peper | L42: =IFERROR(__xludf.DUMMYFUNCTION("""COMPUTED_VALUE"""),0.24) -> 0.24 | M42: =IFERROR(__xludf.DUMMYFUNCTION("""COMPUTED_VALUE"""),0.0) -> 0 | N42: =IFERROR(__xludf.DUMMYFUNCTION("""COMPUTED_VALUE"""),0.24) -> 0.24 | Q42: =IFERROR(__xludf.DUMMYFUNCTION("""COMPUTED_VALUE"""),0.0) -> 0 | R42: =IFERROR(__xludf.DUMMYFUNCTION("""COMPUTED_VALUE"""),0.0) -> 0 | S42: =IFERROR(__xludf.DUMMYFUNCTION("""COMPUTED_VALUE"""),0.0) -> 0 | V42: =IFERROR(__xludf.DUMMYFUNCTION("""COMPUTED_VALUE"""),0.0) -> 0 | W42: =IFERROR(__xludf.DUMMYFUNCTION("""COMPUTED_VALUE"""),0.0) -> 0 | X42: =IFERROR(__xludf.DUMMYFUNCTION("""COMPUTED_VALUE"""),0.0) -> 0
B43: =IFERROR(__xludf.DUMMYFUNCTION("""COMPUTED_VALUE"""),0.0) -> 0 | C43: =IFERROR(__xludf.DUMMYFUNCTION("""COMPUTED_VALUE"""),0.0) -> 0 | D43: =IFERROR(__xludf.DUMMYFUNCTION("""COMPUTED_VALUE"""),0.0) -> 0 | G43: =IFERROR(__xludf.DUMMYFUNCTION("""COMPUTED_VALUE"""),0.0) -> 0 | H43: =IFERROR(__xludf.DUMMYFUNCTION("""COMPUTED_VALUE"""),0.0) -> 0 | I43: =IFERROR(__xludf.DUMMYFUNCTION("""COMPUTED_VALUE"""),0.0) -> 0 | L43: =IFERROR(__xludf.DUMMYFUNCTION("""COMPUTED_VALUE"""),0.0) -> 0 | M43: =IFERROR(__xludf.DUMMYFUNCTION("""COMPUTED_VALUE"""),0.0) -> 0 | N43: =IFERROR(__xludf.DUMMYFUNCTION("""COMPUTED_VALUE"""),0.0) -> 0 | Q43: =IFERROR(__xludf.DUMMYFUNCTION("""COMPUTED_VALUE"""),0.0) -> 0 | R43: =IFERROR(__xludf.DUMMYFUNCTION("""COMPUTED_VALUE"""),0.0) -> 0 | S43: =IFERROR(__xludf.DUMMYFUNCTION("""COMPUTED_VALUE"""),0.0) -> 0 | V43: =IFERROR(__xludf.DUMMYFUNCTION("""COMPUTED_VALUE"""),0.0) -> 0 | W43: =IFERROR(__xludf.DUMMYFUNCTION("""COMPUTED_VALUE"""),0.0) -> 0 | X43: =IFERROR(__xludf.DUMMYFUNCTION("""COMPUTED_VALUE"""),0.0) -> 0
B44: =IFERROR(__xludf.DUMMYFUNCTION("""COMPUTED_VALUE"""),0.0) -> 0 | C44: =IFERROR(__xludf.DUMMYFUNCTION("""COMPUTED_VALUE"""),0.0) -> 0 | D44: =IFERROR(__xludf.DUMMYFUNCTION("""COMPUTED_VALUE"""),0.0) -> 0 | G44: =IFERROR(__xludf.DUMMYFUNCTION("""COMPUTED_VALUE"""),0.0) -> 0 | H44: =IFERROR(__xludf.DUMMYFUNCTION("""COMPUTED_VALUE"""),0.0) -> 0 | I44: =IFERROR(__xludf.DUMMYFUNCTION("""COMPUTED_VALUE"""),0.0) -> 0 | L44: =IFERROR(__xludf.DUMMYFUNCTION("""COMPUTED_VALUE"""),0.0) -> 0 | M44: =IFERROR(__xludf.DUMMYFUNCTION("""COMPUTED_VALUE"""),0.0) -> 0 | N44: =IFERROR(__xludf.DUMMYFUNCTION("""COMPUTED_VALUE"""),0.0) -> 0 | Q44: =IFERROR(__xludf.DUMMYFUNCTION("""COMPUTED_VALUE"""),0.0) -> 0 | R44: =IFERROR(__xludf.DUMMYFUNCTION("""COMPUTED_VALUE"""),0.0) -> 0 | S44: =IFERROR(__xludf.DUMMYFUNCTION("""COMPUTED_VALUE"""),0.0) -> 0 | V44: =IFERROR(__xludf.DUMMYFUNCTION("""COMPUTED_VALUE"""),0.0) -> 0 | W44: =IFERROR(__xludf.DUMMYFUNCTION("""COMPUTED_VALUE"""),0.0) -> 0 | X44: =IFERROR(__xludf.DUMMYFUNCTION("""COMPUTED_VALUE"""),0.0) -> 0
B45: =IFERROR(__xludf.DUMMYFUNCTION("""COMPUTED_VALUE"""),0.0) -> 0 | C45: =IFERROR(__xludf.DUMMYFUNCTION("""COMPUTED_VALUE"""),0.0) -> 0 | D45: =IFERROR(__xludf.DUMMYFUNCTION("""COMPUTED_VALUE"""),0.0) -> 0 | G45: =IFERROR(__xludf.DUMMYFUNCTION("""COMPUTED_VALUE"""),0.0) -> 0 | H45: =IFERROR(__xludf.DUMMYFUNCTION("""COMPUTED_VALUE"""),0.0) -> 0 | I45: =IFERROR(__xludf.DUMMYFUNCTION("""COMPUTED_VALUE"""),0.0) -> 0 | L45: =IFERROR(__xludf.DUMMYFUNCTION("""COMPUTED_VALUE"""),0.0) -> 0 | M45: =IFERROR(__xludf.DUMMYFUNCTION("""COMPUTED_VALUE"""),0.0) -> 0 | N45: =IFERROR(__xludf.DUMMYFUNCTION("""COMPUTED_VALUE"""),0.0) -> 0 | Q45: =IFERROR(__xludf.DUMMYFUNCTION("""COMPUTED_VALUE"""),0.0) -> 0 | R45: =IFERROR(__xludf.DUMMYFUNCTION("""COMPUTED_VALUE"""),0.0) -> 0 | S45: =IFERROR(__xludf.DUMMYFUNCTION("""COMPUTED_VALUE"""),0.0) -> 0 | V45: =IFERROR(__xludf.DUMMYFUNCTION("""COMPUTED_VALUE"""),0.0) -> 0 | W45: =IFERROR(__xludf.DUMMYFUNCTION("""COMPUTED_VALUE"""),0.0) -> 0 | X45: =IFERROR(__xludf.DUMMYFUNCTION("""COMPUTED_VALUE"""),0.0) -> 0
B46: =IFERROR(__xludf.DUMMYFUNCTION("""COMPUTED_VALUE"""),0.0) -> 0 | C46: =IFERROR(__xludf.DUMMYFUNCTION("""COMPUTED_VALUE"""),0.0) -> 0 | D46: =IFERROR(__xludf.DUMMYFUNCTION("""COMPUTED_VALUE"""),0.0) -> 0 | G46: =IFERROR(__xludf.DUMMYFUNCTION("""COMPUTED_VALUE"""),0.0) -> 0 | H46: =IFERROR(__xludf.DUMMYFUNCTION("""COMPUTED_VALUE"""),0.0) -> 0 | I46: =IFERROR(__xludf.DUMMYFUNCTION("""COMPUTED_VALUE"""),0.0) -> 0 | L46: =IFERROR(__xludf.DUMMYFUNCTION("""COMPUTED_VALUE"""),0.0) -> 0 | M46: =IFERROR(__xludf.DUMMYFUNCTION("""COMPUTED_VALUE"""),0.0) -> 0 | N46: =IFERROR(__xludf.DUMMYFUNCTION("""COMPUTED_VALUE"""),0.0) -> 0 | Q46: =IFERROR(__xludf.DUMMYFUNCTION("""COMPUTED_VALUE"""),0.0) -> 0 | R46: =IFERROR(__xludf.DUMMYFUNCTION("""COMPUTED_VALUE"""),0.0) -> 0 | S46: =IFERROR(__xludf.DUMMYFUNCTION("""COMPUTED_VALUE"""),0.0) -> 0 | V46: =IFERROR(__xludf.DUMMYFUNCTION("""COMPUTED_VALUE"""),0.0) -> 0 | W46: =IFERROR(__xludf.DUMMYFUNCTION("""COMPUTED_VALUE"""),0.0) -> 0 | X46: =IFERROR(__xludf.DUMMYFUNCTION("""COMPUTED_VALUE"""),0.0) -> 0
B47: =IFERROR(__xludf.DUMMYFUNCTION("""COMPUTED_VALUE"""),0.0) -> 0 | C47: =IFERROR(__xludf.DUMMYFUNCTION("""COMPUTED_VALUE"""),0.0) -> 0 | D47: =IFERROR(__xludf.DUMMYFUNCTION("""COMPUTED_VALUE"""),0.0) -> 0 | G47: =IFERROR(__xludf.DUMMYFUNCTION("""COMPUTED_VALUE"""),0.0) -> 0 | H47: =IFERROR(__xludf.DUMMYFUNCTION("""COMPUTED_VALUE"""),0.0) -> 0 | I47: =IFERROR(__xludf.DUMMYFUNCTION("""COMPUTED_VALUE"""),0.0) -> 0 | L47: =IFERROR(__xludf.DUMMYFUNCTION("""COMPUTED_VALUE"""),0.0) -> 0 | M47: =IFERROR(__xludf.DUMMYFUNCTION("""COMPUTED_VALUE"""),0.0) -> 0 | N47: =IFERROR(__xludf.DUMMYFUNCTION("""COMPUTED_VALUE"""),0.0) -> 0 | Q47: =IFERROR(__xludf.DUMMYFUNCTION("""COMPUTED_VALUE"""),0.0) -> 0 | R47: =IFERROR(__xludf.DUMMYFUNCTION("""COMPUTED_VALUE"""),0.0) -> 0 | S47: =IFERROR(__xludf.DUMMYFUNCTION("""COMPUTED_VALUE"""),0.0) -> 0 | V47: =IFERROR(__xludf.DUMMYFUNCTION("""COMPUTED_VALUE"""),0.0) -> 0 | W47: =IFERROR(__xludf.DUMMYFUNCTION("""COMPUTED_VALUE"""),0.0) -> 0 | X47: =IFERROR(__xludf.DUMMYFUNCTION("""COMPUTED_VALUE"""),0.0) -> 0
B48: =IFERROR(__xludf.DUMMYFUNCTION("""COMPUTED_VALUE"""),0.0) -> 0 | C48: =IFERROR(__xludf.DUMMYFUNCTION("""COMPUTED_VALUE"""),0.0) -> 0 | D48: =IFERROR(__xludf.DUMMYFUNCTION("""COMPUTED_VALUE"""),0.0) -> 0 | G48: =IFERROR(__xludf.DUMMYFUNCTION("""COMPUTED_VALUE"""),0.0) -> 0 | H48: =IFERROR(__xludf.DUMMYFUNCTION("""COMPUTED_VALUE"""),0.0) -> 0 | I48: =IFERROR(__xludf.DUMMYFUNCTION("""COMPUTED_VALUE"""),0.0) -> 0 | L48: =IFERROR(__xludf.DUMMYFUNCTION("""COMPUTED_VALUE"""),0.0) -> 0 | M48: =IFERROR(__xludf.DUMMYFUNCTION("""COMPUTED_VALUE"""),0.0) -> 0 | N48: =IFERROR(__xludf.DUMMYFUNCTION("""COMPUTED_VALUE"""),0.0) -> 0 | Q48: =IFERROR(__xludf.DUMMYFUNCTION("""COMPUTED_VALUE"""),0.0) -> 0 | R48: =IFERROR(__xludf.DUMMYFUNCTION("""COMPUTED_VALUE"""),0.0) -> 0 | S48: =IFERROR(__xludf.DUMMYFUNCTION("""COMPUTED_VALUE"""),0.0) -> 0 | V48: =IFERROR(__xludf.DUMMYFUNCTION("""COMPUTED_VALUE"""),0.0) -> 0 | W48: =IFERROR(__xludf.DUMMYFUNCTION("""COMPUTED_VALUE"""),0.0) -> 0 | X48: =IFERROR(__xludf.DUMMYFUNCTION("""COMPUTED_VALUE"""),0.0) -> 0
B49: =IFERROR(__xludf.DUMMYFUNCTION("""COMPUTED_VALUE"""),0.0) -> 0 | C49: =IFERROR(__xludf.DUMMYFUNCTION("""COMPUTED_VALUE"""),0.0) -> 0 | D49: =IFERROR(__xludf.DUMMYFUNCTION("""COMPUTED_VALUE"""),0.0) -> 0 | G49: =IFERROR(__xludf.DUMMYFUNCTION("""COMPUTED_VALUE"""),0.0) -> 0 | H49: =IFERROR(__xludf.DUMMYFUNCTION("""COMPUTED_VALUE"""),0.0) -> 0 | I49: =IFERROR(__xludf.DUMMYFUNCTION("""COMPUTED_VALUE"""),0.0) -> 0 | L49: =IFERROR(__xludf.DUMMYFUNCTION("""COMPUTED_VALUE"""),0.0) -> 0 | M49: =IFERROR(__xludf.DUMMYFUNCTION("""COMPUTED_VALUE"""),0.0) -> 0 | N49: =IFERROR(__xludf.DUMMYFUNCTION("""COMPUTED_VALUE"""),0.0) -> 0 | Q49: =IFERROR(__xludf.DUMMYFUNCTION("""COMPUTED_VALUE"""),0.0) -> 0 | R49: =IFERROR(__xludf.DUMMYFUNCTION("""COMPUTED_VALUE"""),0.0) -> 0 | S49: =IFERROR(__xludf.DUMMYFUNCTION("""COMPUTED_VALUE"""),0.0) -> 0 | V49: =IFERROR(__xludf.DUMMYFUNCTION("""COMPUTED_VALUE"""),0.0) -> 0 | W49: =IFERROR(__xludf.DUMMYFUNCTION("""COMPUTED_VALUE"""),0.0) -> 0 | X49: =IFERROR(__xludf.DUMMYFUNCTION("""COMPUTED_VALUE"""),0.0) -> 0
B50: =IFERROR(__xludf.DUMMYFUNCTION("""COMPUTED_VALUE"""),0.0) -> 0 | C50: =IFERROR(__xludf.DUMMYFUNCTION("""COMPUTED_VALUE"""),0.0) -> 0 | D50: =IFERROR(__xludf.DUMMYFUNCTION("""COMPUTED_VALUE"""),0.0) -> 0 | G50: =IFERROR(__xludf.DUMMYFUNCTION("""COMPUTED_VALUE"""),0.0) -> 0 | H50: =IFERROR(__xludf.DUMMYFUNCTION("""COMPUTED_VALUE"""),0.0) -> 0 | I50: =IFERROR(__xludf.DUMMYFUNCTION("""COMPUTED_VALUE"""),0.0) -> 0 | L50: =IFERROR(__xludf.DUMMYFUNCTION("""COMPUTED_VALUE"""),0.0) -> 0 | M50: =IFERROR(__xludf.DUMMYFUNCTION("""COMPUTED_VALUE"""),0.0) -> 0 | N50: =IFERROR(__xludf.DUMMYFUNCTION("""COMPUTED_VALUE"""),0.0) -> 0 | Q50: =IFERROR(__xludf.DUMMYFUNCTION("""COMPUTED_VALUE"""),0.0) -> 0 | R50: =IFERROR(__xludf.DUMMYFUNCTION("""COMPUTED_VALUE"""),0.0) -> 0 | S50: =IFERROR(__xludf.DUMMYFUNCTION("""COMPUTED_VALUE"""),0.0) -> 0 | V50: =IFERROR(__xludf.DUMMYFUNCTION("""COMPUTED_VALUE"""),0.0) -> 0 | W50: =IFERROR(__xludf.DUMMYFUNCTION("""COMPUTED_VALUE"""),0.0) -> 0 | X50: =IFERROR(__xludf.DUMMYFUNCTION("""COMPUTED_VALUE"""),0.0) -> 0
B51: =IFERROR(__xludf.DUMMYFUNCTION("""COMPUTED_VALUE"""),0.0) -> 0 | C51: =IFERROR(__xludf.DUMMYFUNCTION("""COMPUTED_VALUE"""),0.0) -> 0 | D51: =IFERROR(__xludf.DUMMYFUNCTION("""COMPUTED_VALUE"""),0.0) -> 0 | G51: =IFERROR(__xludf.DUMMYFUNCTION("""COMPUTED_VALUE"""),0.0) -> 0 | H51: =IFERROR(__xludf.DUMMYFUNCTION("""COMPUTED_VALUE"""),0.0) -> 0 | I51: =IFERROR(__xludf.DUMMYFUNCTION("""COMPUTED_VALUE"""),0.0) -> 0 | L51: =IFERROR(__xludf.DUMMYFUNCTION("""COMPUTED_VALUE"""),0.0) -> 0 | M51: =IFERROR(__xludf.DUMMYFUNCTION("""COMPUTED_VALUE"""),0.0) -> 0 | N51: =IFERROR(__xludf.DUMMYFUNCTION("""COMPUTED_VALUE"""),0.0) -> 0 | Q51: =IFERROR(__xludf.DUMMYFUNCTION("""COMPUTED_VALUE"""),0.0) -> 0 | R51: =IFERROR(__xludf.DUMMYFUNCTION("""COMPUTED_VALUE"""),0.0) -> 0 | S51: =IFERROR(__xludf.DUMMYFUNCTION("""COMPUTED_VALUE"""),0.0) -> 0 | V51: =IFERROR(__xludf.DUMMYFUNCTION("""COMPUTED_VALUE"""),0.0) -> 0 | W51: =IFERROR(__xludf.DUMMYFUNCTION("""COMPUTED_VALUE"""),0.0) -> 0 | X51: =IFERROR(__xludf.DUMMYFUNCTION("""COMPUTED_VALUE"""),0.0) -> 0
B52: =IFERROR(__xludf.DUMMYFUNCTION("""COMPUTED_VALUE"""),0.0) -> 0 | C52: =IFERROR(__xludf.DUMMYFUNCTION("""COMPUTED_VALUE"""),0.0) -> 0 | D52: =IFERROR(__xludf.DUMMYFUNCTION("""COMPUTED_VALUE"""),0.0) -> 0 | G52: =IFERROR(__xludf.DUMMYFUNCTION("""COMPUTED_VALUE"""),0.0) -> 0 | H52: =IFERROR(__xludf.DUMMYFUNCTION("""COMPUTED_VALUE"""),0.0) -> 0 | I52: =IFERROR(__xludf.DUMMYFUNCTION("""COMPUTED_VALUE"""),0.0) -> 0 | L52: =IFERROR(__xludf.DUMMYFUNCTION("""COMPUTED_VALUE"""),0.0) -> 0 | M52: =IFERROR(__xludf.DUMMYFUNCTION("""COMPUTED_VALUE"""),0.0) -> 0 | N52: =IFERROR(__xludf.DUMMYFUNCTION("""COMPUTED_VALUE"""),0.0) -> 0 | Q52: =IFERROR(__xludf.DUMMYFUNCTION("""COMPUTED_VALUE"""),0.0) -> 0 | R52: =IFERROR(__xludf.DUMMYFUNCTION("""COMPUTED_VALUE"""),0.0) -> 0 | S52: =IFERROR(__xludf.DUMMYFUNCTION("""COMPUTED_VALUE"""),0.0) -> 0 | V52: =IFERROR(__xludf.DUMMYFUNCTION("""COMPUTED_VALUE"""),0.0) -> 0 | W52: =IFERROR(__xludf.DUMMYFUNCTION("""COMPUTED_VALUE"""),0.0) -> 0 | X52: =IFERROR(__xludf.DUMMYFUNCTION("""COMPUTED_VALUE"""),0.0) -> 0
B53: =IFERROR(__xludf.DUMMYFUNCTION("""COMPUTED_VALUE"""),0.0) -> 0 | C53: =IFERROR(__xludf.DUMMYFUNCTION("""COMPUTED_VALUE"""),0.0) -> 0 | D53: =IFERROR(__xludf.DUMMYFUNCTION("""COMPUTED_VALUE"""),0.0) -> 0 | G53: =IFERROR(__xludf.DUMMYFUNCTION("""COMPUTED_VALUE"""),0.0) -> 0 | H53: =IFERROR(__xludf.DUMMYFUNCTION("""COMPUTED_VALUE"""),0.0) -> 0 | I53: =IFERROR(__xludf.DUMMYFUNCTION("""COMPUTED_VALUE"""),0.0) -> 0 | L53: =IFERROR(__xludf.DUMMYFUNCTION("""COMPUTED_VALUE"""),0.0) -> 0 | M53: =IFERROR(__xludf.DUMMYFUNCTION("""COMPUTED_VALUE"""),0.0) -> 0 | N53: =IFERROR(__xludf.DUMMYFUNCTION("""COMPUTED_VALUE"""),0.0) -> 0 | Q53: =IFERROR(__xludf.DUMMYFUNCTION("""COMPUTED_VALUE"""),0.0) -> 0 | R53: =IFERROR(__xludf.DUMMYFUNCTION("""COMPUTED_VALUE"""),0.0) -> 0 | S53: =IFERROR(__xludf.DUMMYFUNCTION("""COMPUTED_VALUE"""),0.0) -> 0 | V53: =IFERROR(__xludf.DUMMYFUNCTION("""COMPUTED_VALUE"""),0.0) -> 0 | W53: =IFERROR(__xludf.DUMMYFUNCTION("""COMPUTED_VALUE"""),0.0) -> 0 | X53: =IFERROR(__xludf.DUMMYFUNCTION("""COMPUTED_VALUE"""),0.0) -> 0
B54: =IFERROR(__xludf.DUMMYFUNCTION("""COMPUTED_VALUE"""),0.0) -> 0 | C54: =IFERROR(__xludf.DUMMYFUNCTION("""COMPUTED_VALUE"""),0.0) -> 0 | D54: =IFERROR(__xludf.DUMMYFUNCTION("""COMPUTED_VALUE"""),0.0) -> 0 | G54: =IFERROR(__xludf.DUMMYFUNCTION("""COMPUTED_VALUE"""),0.0) -> 0 | H54: =IFERROR(__xludf.DUMMYFUNCTION("""COMPUTED_VALUE"""),0.0) -> 0 | I54: =IFERROR(__xludf.DUMMYFUNCTION("""COMPUTED_VALUE"""),0.0) -> 0 | L54: =IFERROR(__xludf.DUMMYFUNCTION("""COMPUTED_VALUE"""),0.0) -> 0 | M54: =IFERROR(__xludf.DUMMYFUNCTION("""COMPUTED_VALUE"""),0.0) -> 0 | N54: =IFERROR(__xludf.DUMMYFUNCTION("""COMPUTED_VALUE"""),0.0) -> 0 | Q54: =IFERROR(__xludf.DUMMYFUNCTION("""COMPUTED_VALUE"""),0.0) -> 0 | R54: =IFERROR(__xludf.DUMMYFUNCTION("""COMPUTED_VALUE"""),0.0) -> 0 | S54: =IFERROR(__xludf.DUMMYFUNCTION("""COMPUTED_VALUE"""),0.0) -> 0 | V54: =IFERROR(__xludf.DUMMYFUNCTION("""COMPUTED_VALUE"""),0.0) -> 0 | W54: =IFERROR(__xludf.DUMMYFUNCTION("""COMPUTED_VALUE"""),0.0) -> 0 | X54: =IFERROR(__xludf.DUMMYFUNCTION("""COMPUTED_VALUE"""),0.0) -> 0
... B66: =IFERROR(__xludf.DUMMYFUNCTION("""COMPUTED_VALUE"""),0.0) -> 0 | C66: =IFERROR(__xludf.DUMMYFUNCTION("""COMPUTED_VALUE"""),0.0) -> 0 | D66: =IFERROR(__xludf.DUMMYFUNCTION("""COMPUTED_VALUE"""),0.0) -> 0 | G66: =IFERROR(__xludf.DUMMYFUNCTION("""COMPUTED_VALUE"""),0.0) -> 0 | H66: =IFERROR(__xludf.DUMMYFUNCTION("""COMPUTED_VALUE"""),0.0) -> 0 | I66: =IFERROR(__xludf.DUMMYFUNCTION("""COMPUTED_VALUE"""),0.0) -> 0 | L66: =IFERROR(__xludf.DUMMYFUNCTION("""COMPUTED_VALUE"""),0.0) -> 0 | M66: =IFERROR(__xludf.DUMMYFUNCTION("""COMPUTED_VALUE"""),0.0) -> 0 | N66: =IFERROR(__xludf.DUMMYFUNCTION("""COMPUTED_VALUE"""),0.0) -> 0 | Q66: =IFERROR(__xludf.DUMMYFUNCTION("""COMPUTED_VALUE"""),0.0) -> 0 | R66: =IFERROR(__xludf.DUMMYFUNCTION("""COMPUTED_VALUE"""),0.0) -> 0 | S66: =IFERROR(__xludf.DUMMYFUNCTION("""COMPUTED_VALUE"""),0.0) -> 0 | V66: =IFERROR(__xludf.DUMMYFUNCTION("""COMPUTED_VALUE"""),0.0) -> 0 | W66: =IFERROR(__xludf.DUMMYFUNCTION("""COMPUTED_VALUE"""),0.0) -> 0 | X66: =IFERROR(__xludf.DUMMYFUNCTION("""COMPUTED_VALUE"""),0.0) -> 0

Sheet Data
A1: Maischstappen | D1: Conversiefactoren
A2: Dough-In (21°C) | D2: l per gallon | E2: 3.78541
A3: Acid Rest (38°C) | D3: kg per pound | E3: 0.45359237
A4: Beta-Glucanse Rest (42°C) | D4: oz per gram | E4: 0.03527396
A5: Protein Rest (52°C)
A6: Limit Dextrinase (62°C)
A7: Beta-Amylase Rest (63°C)
A8: Saccharification (Light Body) (63°C)
A9: Saccharification (Med Body) (67°C)
A10: Saccahrification (Full Body) (69°C)
A11: Alpha-Amylase Rest (72°C)
A12: Mash Out (78°C)
